Employee_ID,Age,Gender,Marital_Status,Education_Field,Department,Job_Role,Job_Level,Annual_Salary,Monthly_Income,Years_At_Company,Years_Since_Last_Promotion,Training_Hours_Last_Year,Overtime,Job_Satisfaction,Environment_Satisfaction,Work_Life_Balance,Performance_Rating,Percent_Salary_Hike,Attrition
EMP0001,29,Female,Divorced,Marketing,Sales,Sales Executive,2,81717,6809.75,8,1,47,Yes,1,3,2,2,14,Yes
EMP0002,39,Female,Single,Other,Finance,Finance Manager,4,134110,11175.83,10,1,15,No,3,3,3,1,8,No
EMP0003,46,Female,Divorced,Marketing,Marketing,Brand Manager,3,94558,7879.83,1,0,59,No,1,3,2,2,12,Yes
EMP0004,39,Non-binary,Divorced,Other,Technology,QA Analyst,1,72502,6041.83,7,2,39,Yes,2,4,2,3,14,Yes
EMP0005,42,Male,Married,Computer Science,Sales,Account Manager,3,122717,10226.42,12,7,19,Yes,1,4,2,3,17,Yes
EMP0006,30,Non-binary,Married,Computer Science,Technology,Software Engineer,1,80484,6707.0,6,4,14,Yes,2,3,2,4,19,Yes
EMP0007,39,Non-binary,Married,Computer Science,Human Resources,HR Director,5,160365,13363.75,14,0,56,No,3,3,2,4,22,No
EMP0008,54,Non-binary,Single,Life Sciences,Human Resources,HR Specialist,2,93514,7792.83,16,0,48,Yes,1,5,2,2,10,Yes
EMP0009,27,Female,Divorced,Finance,Technology,QA Analyst,2,59207,4933.92,5,3,45,Yes,2,4,4,3,15,No
EMP0010,47,Non-binary,Divorced,Marketing,Finance,Finance Director,5,182930,15244.17,7,3,14,No,3,3,3,2,10,No
EMP0011,24,Male,Single,Human Resources,Sales,Account Manager,3,104040,8670.0,1,1,25,No,4,2,2,2,13,Yes
EMP0012,25,Non-binary,Divorced,Other,Technology,Software Engineer,1,92236,7686.33,0,0,25,Yes,2,2,1,3,14,Yes
EMP0013,57,Female,Single,Other,Marketing,Marketing Coordinator,2,52745,4395.42,5,3,41,No,4,5,2,1,8,Yes
EMP0014,51,Male,Married,Other,Marketing,Marketing Director,5,160144,13345.33,6,2,23,No,3,3,4,2,14,No
EMP0015,55,Female,Single,Human Resources,Technology,Senior Engineer,3,119453,9954.42,7,6,17,No,3,4,1,2,14,No
EMP0016,42,Male,Single,Other,Human Resources,HR Specialist,2,72288,6024.0,20,4,39,Yes,2,1,2,4,19,Yes
EMP0017,30,Male,Single,Life Sciences,Human Resources,HR Manager,3,130600,10883.33,4,4,51,No,4,4,5,2,11,No
EMP0018,28,Non-binary,Divorced,Life Sciences,Human Resources,HR Manager,3,117471,9789.25,3,2,42,No,2,4,2,2,12,Yes
EMP0019,30,Non-binary,Married,Life Sciences,Finance,Finance Director,5,211759,17646.58,0,0,17,Yes,2,5,2,2,11,Yes
EMP0020,45,Female,Married,Life Sciences,Sales,Sales Representative,1,63346,5278.83,13,2,25,No,5,4,4,1,7,No
EMP0021,48,Non-binary,Divorced,Life Sciences,Human Resources,HR Specialist,3,71542,5961.83,12,0,40,Yes,3,3,2,2,10,No
EMP0022,47,Male,Married,Computer Science,Human Resources,HR Manager,3,121193,10099.42,17,5,11,Yes,5,2,5,2,13,No
EMP0023,42,Male,Divorced,Human Resources,Technology,Department Director,5,238949,19912.42,18,3,26,Yes,2,3,2,4,21,Yes
EMP0024,43,Non-binary,Married,Other,Technology,Tech Lead,4,176764,14730.33,10,6,54,Yes,1,3,4,4,22,Yes
EMP0025,41,Male,Single,Finance,Marketing,Brand Manager,3,118977,9914.75,6,4,40,No,5,4,4,2,14,No
EMP0026,37,Non-binary,Married,Life Sciences,Sales,Sales Executive,2,91046,7587.17,15,1,39,Yes,3,2,3,2,10,No
EMP0027,28,Male,Single,Life Sciences,Marketing,Marketing Director,5,153291,12774.25,3,0,39,Yes,3,3,3,3,17,No
EMP0028,54,Male,Divorced,Finance,Sales,Sales Director,5,189495,15791.25,8,3,50,Yes,2,3,2,3,15,Yes
EMP0029,56,Female,Single,Life Sciences,Sales,Sales Director,5,205478,17123.17,4,1,14,No,3,3,1,3,17,No
EMP0030,23,Non-binary,Married,Finance,Technology,Tech Lead,4,175558,14629.83,1,0,41,Yes,2,1,2,2,11,No
EMP0031,30,Non-binary,Divorced,Computer Science,Finance,Financial Analyst,1,79044,6587.0,2,1,21,Yes,2,3,2,2,13,Yes
EMP0032,23,Non-binary,Divorced,Computer Science,Human Resources,HR Specialist,2,93599,7799.92,2,0,58,Yes,2,4,4,2,10,No
EMP0033,35,Male,Divorced,Marketing,Human Resources,HR Specialist,2,92508,7709.0,11,1,59,No,5,2,1,2,13,No
EMP0034,34,Female,Divorced,Other,Sales,Sales Representative,1,54882,4573.5,13,1,60,No,4,3,3,2,14,No
EMP0035,22,Male,Married,Computer Science,Finance,Finance Manager,4,150129,12510.75,0,0,37,Yes,2,4,2,3,17,Yes
EMP0036,39,Male,Single,Computer Science,Human Resources,HR Director,5,165981,13831.75,14,6,31,Yes,3,2,1,2,14,No
EMP0037,39,Non-binary,Single,Human Resources,Sales,Sales Representative,1,58317,4859.75,15,8,58,Yes,3,4,3,2,13,No
EMP0038,41,Non-binary,Divorced,Marketing,Finance,Finance Manager,4,156070,13005.83,10,5,54,No,3,3,4,2,14,No
EMP0039,33,Female,Single,Other,Finance,Finance Manager,5,154382,12865.17,9,4,16,No,3,3,3,3,15,Yes
EMP0040,57,Male,Divorced,Life Sciences,Finance,Financial Analyst,2,83810,6984.17,9,7,40,No,2,1,5,2,10,No
EMP0041,26,Non-binary,Divorced,Other,Technology,Senior Engineer,3,151886,12657.17,2,0,25,Yes,4,4,4,2,13,No
EMP0042,41,Non-binary,Married,Marketing,Marketing,Marketing Coordinator,1,48251,4020.92,6,5,23,Yes,1,3,2,2,14,Yes
EMP0043,40,Non-binary,Married,Other,Finance,Financial Analyst,1,73668,6139.0,18,3,37,Yes,2,2,3,2,12,No
EMP0044,58,Male,Married,Computer Science,Finance,Finance Manager,4,137841,11486.75,16,8,41,No,3,4,4,3,14,Yes
EMP0045,58,Non-binary,Single,Other,Human Resources,HR Associate,2,53740,4478.33,15,8,51,No,3,5,3,3,14,No
EMP0046,48,Male,Married,Other,Technology,Senior Engineer,3,147471,12289.25,9,6,58,No,3,3,3,4,24,No
EMP0047,22,Non-binary,Divorced,Finance,Finance,Financial Analyst,1,76854,6404.5,1,1,58,Yes,2,2,2,2,10,No
EMP0048,37,Non-binary,Single,Marketing,Marketing,Marketing Coordinator,1,48054,4004.5,7,1,39,No,4,2,5,2,12,No
EMP0049,52,Male,Single,Finance,Marketing,Marketing Specialist,2,84640,7053.33,16,2,14,Yes,3,3,4,3,16,No
EMP0050,53,Female,Married,Human Resources,Finance,Finance Manager,4,155614,12967.83,12,7,30,No,5,3,3,3,17,Yes
EMP0051,46,Male,Divorced,Other,Sales,Sales Director,5,162426,13535.5,4,4,47,Yes,1,4,1,1,6,Yes
EMP0052,31,Female,Married,Marketing,Human Resources,HR Director,5,192587,16048.92,1,1,53,No,2,3,2,3,18,Yes
EMP0053,40,Female,Divorced,Computer Science,Finance,Financial Analyst,2,88065,7338.75,3,3,20,No,5,1,4,2,12,No
EMP0054,37,Non-binary,Married,Human Resources,Sales,Sales Executive,2,100070,8339.17,7,7,47,Yes,3,3,3,3,16,No
EMP0055,32,Female,Married,Marketing,Marketing,Brand Manager,3,117807,9817.25,11,4,39,No,2,3,3,2,14,No
EMP0056,40,Non-binary,Married,Computer Science,Finance,Finance Manager,4,164944,13745.33,1,1,28,No,2,4,2,2,12,No
EMP0057,30,Non-binary,Single,Other,Technology,Tech Lead,5,152186,12682.17,9,5,56,Yes,5,3,3,3,16,Yes
EMP0058,32,Male,Married,Marketing,Human Resources,HR Associate,1,50467,4205.58,2,0,53,No,2,5,2,2,13,Yes
EMP0059,51,Male,Divorced,Other,Human Resources,HR Director,5,191847,15987.25,11,1,53,Yes,1,4,2,2,10,Yes
EMP0060,41,Non-binary,Married,Computer Science,Sales,Sales Representative,2,54973,4581.08,15,1,16,Yes,2,3,2,3,18,Yes
EMP0061,31,Male,Divorced,Computer Science,Finance,Finance Director,5,193333,16111.08,0,0,54,No,3,5,4,2,12,No
EMP0062,44,Female,Married,Marketing,Sales,Sales Representative,2,59900,4991.67,2,2,23,No,3,1,4,2,11,No
EMP0063,35,Female,Divorced,Life Sciences,Marketing,Marketing Specialist,3,72634,6052.83,5,1,60,No,1,4,2,2,12,No
EMP0064,29,Non-binary,Single,Life Sciences,Technology,Tech Lead,5,165593,13799.42,5,0,21,Yes,2,3,2,2,12,Yes
EMP0065,54,Female,Divorced,Computer Science,Marketing,Brand Manager,3,92041,7670.08,1,1,35,No,2,4,3,3,16,No
EMP0066,26,Female,Married,Human Resources,Marketing,Brand Manager,3,129150,10762.5,4,2,39,No,3,4,2,3,18,No
EMP0067,35,Male,Married,Life Sciences,Finance,Finance Manager,5,146131,12177.58,6,5,16,No,3,3,5,3,17,Yes
EMP0068,27,Male,Single,Other,Human Resources,HR Specialist,2,87217,7268.08,4,4,31,No,3,4,5,2,10,No
EMP0069,41,Male,Single,Human Resources,Marketing,Marketing Specialist,2,80800,6733.33,7,1,32,No,3,4,3,3,18,No
EMP0070,57,Female,Divorced,Other,Human Resources,HR Associate,1,58124,4843.67,10,5,10,Yes,1,4,1,4,19,Yes
EMP0071,48,Male,Married,Life Sciences,Human Resources,HR Manager,4,132197,11016.42,19,1,13,Yes,3,1,1,2,14,No
EMP0072,39,Female,Divorced,Computer Science,Human Resources,HR Director,5,157267,13105.58,9,7,43,No,1,3,3,1,7,No
EMP0073,30,Male,Married,Marketing,Technology,Software Engineer,1,98223,8185.25,2,0,34,No,2,4,4,2,13,No
EMP0074,24,Male,Single,Finance,Technology,Tech Lead,4,187578,15631.5,3,3,28,Yes,1,3,3,3,16,Yes
EMP0075,37,Male,Divorced,Finance,Marketing,Marketing Coordinator,1,55167,4597.25,10,3,31,No,1,4,3,2,12,No
EMP0076,31,Female,Single,Life Sciences,Human Resources,HR Specialist,2,73009,6084.08,10,1,21,No,4,3,3,2,14,No
EMP0077,42,Non-binary,Married,Life Sciences,Finance,Financial Analyst,1,85689,7140.75,9,4,47,Yes,3,3,3,3,14,No
EMP0078,27,Non-binary,Divorced,Human Resources,Finance,Finance Director,5,213032,17752.67,4,0,38,No,3,2,3,2,10,No
EMP0079,43,Non-binary,Single,Human Resources,Sales,Sales Representative,1,59344,4945.33,14,8,43,No,2,5,2,3,18,Yes
EMP0080,43,Female,Married,Computer Science,Marketing,Marketing Director,5,168621,14051.75,8,2,31,Yes,3,5,2,3,15,No
EMP0081,27,Male,Divorced,Finance,Human Resources,HR Specialist,2,92208,7684.0,5,4,15,No,3,3,3,2,11,No
EMP0082,53,Female,Single,Life Sciences,Sales,Sales Representative,1,48314,4026.17,16,8,57,No,1,3,2,2,13,Yes
EMP0083,32,Non-binary,Married,Computer Science,Finance,Finance Manager,4,135566,11297.17,7,4,58,No,3,3,3,3,17,No
EMP0084,34,Male,Divorced,Human Resources,Finance,Finance Director,5,225425,18785.42,4,3,42,No,5,4,4,2,12,No
EMP0085,52,Male,Divorced,Computer Science,Marketing,Marketing Coordinator,1,50253,4187.75,8,7,42,Yes,2,5,2,2,10,Yes
EMP0086,45,Female,Married,Computer Science,Human Resources,HR Specialist,2,71246,5937.17,20,5,60,Yes,1,5,2,3,17,Yes
EMP0087,27,Female,Married,Life Sciences,Sales,Sales Director,5,167286,13940.5,6,2,25,Yes,1,3,2,2,13,Yes
EMP0088,54,Non-binary,Single,Other,Sales,Account Manager,3,113122,9426.83,7,6,21,No,1,5,1,2,14,No
EMP0089,54,Non-binary,Single,Finance,Finance,Financial Analyst,1,77232,6436.0,8,0,32,No,2,4,2,3,16,Yes
EMP0090,43,Non-binary,Single,Other,Finance,Finance Director,5,216401,18033.42,5,1,14,No,5,1,2,3,14,No
EMP0091,41,Non-binary,Married,Human Resources,Finance,Finance Manager,4,162395,13532.92,6,2,32,No,1,4,3,3,17,No
EMP0092,50,Male,Married,Life Sciences,Finance,Finance Director,5,199074,16589.5,16,4,15,No,1,4,2,2,12,Yes
EMP0093,40,Male,Married,Human Resources,Finance,Senior Analyst,3,118038,9836.5,14,0,56,No,3,5,3,4,18,No
EMP0094,47,Male,Divorced,Other,Sales,Sales Representative,1,64908,5409.0,14,0,18,Yes,3,3,2,3,17,No
EMP0095,45,Male,Single,Human Resources,Sales,Account Manager,3,108264,9022.0,7,1,11,No,3,3,3,2,12,No
EMP0096,35,Non-binary,Married,Other,Finance,Senior Analyst,3,99853,8321.08,7,2,55,No,1,4,4,2,12,No
EMP0097,57,Non-binary,Married,Marketing,Sales,Sales Executive,3,108341,9028.42,7,1,22,No,2,3,3,2,13,No
EMP0098,57,Female,Divorced,Computer Science,Technology,Tech Lead,4,181369,15114.08,16,6,59,No,3,2,3,2,13,No
EMP0099,44,Female,Divorced,Other,Marketing,Marketing Specialist,3,69228,5769.0,13,8,13,No,3,3,2,4,21,Yes
EMP0100,40,Female,Married,Life Sciences,Marketing,Brand Manager,3,109845,9153.75,19,8,15,No,2,5,2,3,18,Yes
EMP0101,24,Female,Single,Computer Science,Marketing,Brand Manager,3,127495,10624.58,3,0,41,No,3,4,3,2,13,No
EMP0102,26,Non-binary,Single,Life Sciences,Finance,Finance Director,5,206735,17227.92,3,1,31,No,3,4,4,3,17,No
EMP0103,45,Non-binary,Divorced,Computer Science,Human Resources,HR Specialist,2,76764,6397.0,14,3,19,Yes,3,3,3,3,15,No
EMP0104,58,Non-binary,Married,Life Sciences,Sales,Sales Director,5,193733,16144.42,14,7,29,No,1,3,3,2,14,No
EMP0105,25,Male,Married,Human Resources,Finance,Finance Manager,4,127044,10587.0,3,1,26,No,4,3,3,2,11,No
EMP0106,40,Female,Married,Human Resources,Finance,Finance Manager,5,160844,13403.67,19,1,18,No,3,4,3,4,20,No
EMP0107,54,Male,Divorced,Computer Science,Technology,Software Engineer,1,91826,7652.17,15,8,39,Yes,4,2,5,2,14,No
EMP0108,41,Non-binary,Married,Human Resources,Marketing,Marketing Director,5,196447,16370.58,18,4,40,No,3,4,5,2,10,No
EMP0109,38,Non-binary,Divorced,Human Resources,Sales,Sales Representative,1,50587,4215.58,16,6,19,No,2,4,2,2,13,Yes
EMP0110,35,Male,Divorced,Human Resources,Finance,Financial Analyst,2,81996,6833.0,3,2,52,No,3,5,3,2,14,No
EMP0111,38,Non-binary,Married,Life Sciences,Sales,Account Manager,3,104736,8728.0,9,4,55,Yes,2,3,2,3,16,Yes
EMP0112,56,Male,Married,Marketing,Sales,Account Manager,3,95179,7931.58,11,7,51,Yes,2,3,2,3,15,Yes
EMP0113,37,Female,Single,Other,Marketing,Marketing Specialist,2,66720,5560.0,3,3,31,No,2,4,1,2,11,Yes
EMP0114,52,Male,Divorced,Life Sciences,Human Resources,HR Manager,3,98877,8239.75,2,2,46,Yes,3,4,1,2,11,No
EMP0115,24,Male,Married,Life Sciences,Human Resources,HR Associate,1,51516,4293.0,2,1,39,No,3,3,5,3,17,No
EMP0116,29,Male,Single,Other,Finance,Finance Manager,5,120923,10076.92,5,2,46,No,2,4,4,2,13,No
EMP0117,27,Male,Divorced,Computer Science,Sales,Sales Executive,2,91256,7604.67,0,0,26,Yes,2,3,2,2,12,Yes
EMP0118,25,Non-binary,Single,Finance,Human Resources,HR Specialist,2,84466,7038.83,2,2,17,No,5,3,3,4,25,No
EMP0119,45,Male,Divorced,Human Resources,Finance,Senior Analyst,4,100365,8363.75,16,7,43,No,1,4,1,2,14,Yes
EMP0120,32,Male,Divorced,Finance,Technology,Senior Engineer,4,147035,12252.92,1,1,13,No,3,3,1,2,12,No
EMP0121,47,Male,Single,Other,Sales,Sales Representative,1,56289,4690.75,2,2,13,No,1,5,1,2,11,No
EMP0122,48,Male,Married,Finance,Finance,Finance Director,5,180259,15021.58,17,2,51,No,2,5,3,2,11,No
EMP0123,23,Male,Married,Other,Marketing,Marketing Director,5,184860,15405.0,1,0,25,No,2,2,4,3,14,No
EMP0124,48,Non-binary,Single,Life Sciences,Sales,Sales Representative,1,46100,3841.67,14,0,25,No,3,3,2,3,14,Yes
EMP0125,36,Non-binary,Divorced,Marketing,Marketing,Brand Manager,3,99388,8282.33,7,6,29,No,3,4,4,2,13,No
EMP0126,25,Male,Divorced,Other,Finance,Finance Manager,4,146755,12229.58,1,1,34,Yes,2,3,2,2,13,No
EMP0127,57,Male,Married,Human Resources,Marketing,Marketing Specialist,2,73355,6112.92,6,2,51,Yes,2,3,2,2,13,No
EMP0128,24,Female,Single,Human Resources,Marketing,Marketing Specialist,2,75910,6325.83,2,0,23,No,5,2,5,2,11,No
EMP0129,35,Male,Single,Human Resources,Human Resources,HR Manager,3,129973,10831.08,10,5,29,No,3,3,2,4,25,No
EMP0130,42,Female,Married,Marketing,Finance,Financial Analyst,1,72250,6020.83,4,0,26,No,3,4,3,2,11,No
EMP0131,37,Male,Divorced,Other,Human Resources,HR Manager,4,127022,10585.17,15,7,20,No,3,2,3,2,14,No
EMP0132,25,Non-binary,Single,Computer Science,Technology,Software Engineer,1,85167,7097.25,0,0,55,Yes,1,3,1,4,25,Yes
EMP0133,56,Non-binary,Married,Computer Science,Technology,QA Analyst,2,72555,6046.25,9,0,42,No,4,4,5,2,10,No
EMP0134,37,Female,Divorced,Human Resources,Human Resources,HR Manager,3,121011,10084.25,2,1,35,No,2,4,3,3,14,No
EMP0135,24,Female,Married,Finance,Finance,Finance Director,5,178677,14889.75,0,0,54,Yes,2,3,3,3,14,No
EMP0136,24,Female,Single,Other,Marketing,Marketing Director,5,167766,13980.5,0,0,14,No,2,3,2,2,12,Yes
EMP0137,31,Non-binary,Married,Computer Science,Human Resources,HR Specialist,2,86569,7214.08,6,5,44,Yes,2,2,2,2,12,Yes
EMP0138,26,Male,Divorced,Human Resources,Marketing,Marketing Director,5,200695,16724.58,2,0,50,No,5,3,3,4,24,No
EMP0139,46,Female,Divorced,Marketing,Sales,Sales Representative,1,50053,4171.08,12,2,57,Yes,2,2,2,3,14,Yes
EMP0140,50,Non-binary,Divorced,Human Resources,Finance,Financial Analyst,1,76597,6383.08,17,1,48,No,3,3,3,2,10,No
EMP0141,57,Female,Divorced,Human Resources,Sales,Sales Director,5,171108,14259.0,4,2,29,Yes,2,2,2,3,16,Yes
EMP0142,53,Non-binary,Divorced,Life Sciences,Finance,Financial Analyst,1,65221,5435.08,12,5,49,No,2,3,2,3,18,Yes
EMP0143,34,Male,Married,Life Sciences,Finance,Finance Manager,4,161477,13456.42,7,3,30,No,4,3,2,2,14,No
EMP0144,33,Non-binary,Divorced,Computer Science,Finance,Senior Analyst,3,114092,9507.67,11,1,60,No,4,2,3,2,11,No
EMP0145,46,Female,Married,Human Resources,Finance,Finance Director,5,210020,17501.67,16,6,44,Yes,4,4,3,4,19,No
EMP0146,44,Female,Divorced,Human Resources,Technology,QA Analyst,2,77199,6433.25,20,6,58,Yes,2,2,2,3,18,Yes
EMP0147,50,Male,Married,Finance,Marketing,Marketing Specialist,2,65804,5483.67,15,1,28,No,5,2,5,2,12,No
EMP0148,35,Non-binary,Married,Marketing,Finance,Financial Analyst,1,87831,7319.25,7,5,14,Yes,3,2,3,3,15,No
EMP0149,37,Non-binary,Single,Human Resources,Sales,Account Manager,3,120281,10023.42,7,6,50,Yes,3,3,1,2,14,No
EMP0150,22,Non-binary,Single,Life Sciences,Human Resources,HR Associate,1,54126,4510.5,1,1,22,No,3,4,3,3,18,No
EMP0151,47,Non-binary,Single,Marketing,Human Resources,HR Director,5,190459,15871.58,5,5,55,No,5,4,4,2,11,No
EMP0152,33,Male,Divorced,Life Sciences,Marketing,Marketing Director,5,177409,14784.08,9,2,46,No,2,4,4,3,15,No
EMP0153,53,Male,Single,Life Sciences,Human Resources,HR Director,5,190593,15882.75,1,1,10,No,2,3,3,3,17,No
EMP0154,48,Non-binary,Married,Finance,Sales,Sales Representative,1,69938,5828.17,7,4,12,Yes,2,2,2,3,18,Yes
EMP0155,39,Non-binary,Married,Human Resources,Technology,Department Director,5,215805,17983.75,6,3,16,No,4,3,4,1,7,No
EMP0156,27,Male,Single,Life Sciences,Sales,Account Manager,4,129994,10832.83,5,3,20,No,4,4,4,2,14,No
EMP0157,56,Female,Married,Other,Human Resources,HR Manager,3,128712,10726.0,3,1,58,No,5,5,4,2,11,No
EMP0158,42,Female,Divorced,Finance,Finance,Senior Analyst,3,112610,9384.17,20,6,34,No,4,4,2,2,12,No
EMP0159,45,Male,Married,Marketing,Marketing,Marketing Coordinator,2,48052,4004.33,14,5,14,No,3,5,4,2,12,No
EMP0160,43,Non-binary,Divorced,Life Sciences,Marketing,Marketing Director,5,201662,16805.17,10,0,12,Yes,3,3,1,2,10,No
EMP0161,49,Female,Divorced,Life Sciences,Human Resources,HR Specialist,3,76979,6414.92,2,2,33,No,3,5,2,2,12,No
EMP0162,36,Male,Divorced,Computer Science,Technology,Software Engineer,1,75107,6258.92,4,4,24,No,3,1,3,2,13,No
EMP0163,52,Female,Single,Finance,Technology,Software Engineer,1,94088,7840.67,9,2,34,No,4,2,5,2,14,No
EMP0164,32,Male,Married,Other,Sales,Sales Executive,3,103992,8666.0,3,0,16,Yes,1,4,2,3,15,Yes
EMP0165,57,Non-binary,Divorced,Other,Marketing,Brand Manager,4,91757,7646.42,9,3,43,No,2,3,4,3,15,No
EMP0166,29,Female,Married,Other,Marketing,Marketing Coordinator,1,45395,3782.92,5,2,18,No,4,3,3,2,13,No
EMP0167,26,Female,Divorced,Computer Science,Technology,Tech Lead,4,153962,12830.17,3,2,50,No,4,3,3,3,18,No
EMP0168,39,Female,Married,Computer Science,Marketing,Marketing Specialist,3,70091,5840.92,17,5,35,No,4,4,4,2,13,No
EMP0169,37,Female,Single,Computer Science,Finance,Financial Analyst,1,84950,7079.17,1,1,52,No,4,2,4,3,15,No
EMP0170,44,Non-binary,Divorced,Other,Human Resources,HR Specialist,2,92568,7714.0,8,1,59,No,3,3,3,2,14,No
EMP0171,53,Male,Divorced,Marketing,Technology,Department Director,5,236319,19693.25,18,2,33,Yes,4,4,4,3,14,Yes
EMP0172,37,Female,Married,Marketing,Finance,Senior Analyst,3,97317,8109.75,13,3,30,Yes,4,3,3,2,10,Yes
EMP0173,24,Male,Single,Finance,Human Resources,HR Manager,3,131247,10937.25,3,0,33,Yes,2,3,3,2,13,No
EMP0174,34,Non-binary,Divorced,Life Sciences,Sales,Sales Representative,2,45783,3815.25,3,2,50,No,2,5,1,3,16,Yes
EMP0175,37,Male,Married,Computer Science,Sales,Account Manager,3,105169,8764.08,16,6,54,No,2,4,2,2,13,Yes
EMP0176,49,Non-binary,Single,Life Sciences,Human Resources,HR Manager,4,120752,10062.67,10,5,38,No,1,3,2,2,11,Yes
EMP0177,42,Male,Single,Human Resources,Human Resources,HR Specialist,2,83182,6931.83,8,1,15,Yes,4,4,4,3,16,Yes
EMP0178,44,Male,Divorced,Computer Science,Human Resources,HR Manager,4,106394,8866.17,0,0,35,No,2,4,2,2,11,Yes
EMP0179,36,Female,Single,Finance,Human Resources,HR Associate,1,56481,4706.75,2,0,14,Yes,2,4,1,3,14,Yes
EMP0180,32,Non-binary,Married,Other,Finance,Finance Director,5,176932,14744.33,6,5,37,Yes,1,2,2,1,9,Yes
EMP0181,53,Male,Divorced,Finance,Technology,Software Engineer,1,78993,6582.75,13,3,51,No,3,4,4,3,17,No
EMP0182,44,Male,Divorced,Finance,Human Resources,HR Manager,3,106784,8898.67,0,0,30,No,1,4,3,3,17,Yes
EMP0183,36,Female,Single,Life Sciences,Sales,Account Manager,3,93664,7805.33,7,6,32,No,5,2,3,2,12,No
EMP0184,23,Non-binary,Divorced,Marketing,Marketing,Marketing Specialist,2,71168,5930.67,1,1,21,No,1,3,2,2,10,Yes
EMP0185,30,Male,Divorced,Life Sciences,Human Resources,HR Associate,1,52641,4386.75,1,1,14,No,5,3,2,2,11,No
EMP0186,49,Non-binary,Married,Other,Human Resources,HR Specialist,3,86414,7201.17,19,5,24,No,4,3,4,2,11,No
EMP0187,58,Male,Divorced,Computer Science,Sales,Account Manager,4,104476,8706.33,20,1,41,Yes,4,3,5,3,14,No
EMP0188,43,Male,Single,Marketing,Sales,Sales Executive,2,97969,8164.08,8,1,56,Yes,2,4,2,2,13,Yes
EMP0189,52,Non-binary,Divorced,Other,Sales,Sales Executive,2,77189,6432.42,9,0,30,Yes,2,3,4,2,10,Yes
EMP0190,52,Non-binary,Single,Finance,Sales,Sales Director,5,170295,14191.25,1,0,31,Yes,1,4,2,2,12,Yes
EMP0191,47,Non-binary,Divorced,Finance,Sales,Sales Representative,1,59011,4917.58,2,1,52,No,3,2,2,3,14,No
EMP0192,29,Male,Married,Finance,Finance,Finance Manager,4,155659,12971.58,6,1,33,No,3,3,3,2,11,No
EMP0193,58,Female,Single,Other,Technology,Software Engineer,1,105484,8790.33,13,3,45,Yes,2,3,4,4,21,No
EMP0194,27,Male,Divorced,Computer Science,Marketing,Marketing Specialist,2,89811,7484.25,3,1,20,No,4,2,3,4,24,No
EMP0195,31,Non-binary,Married,Marketing,Technology,Software Engineer,1,96041,8003.42,8,5,27,No,5,1,4,2,13,No
EMP0196,31,Female,Divorced,Human Resources,Marketing,Marketing Coordinator,2,63438,5286.5,1,1,44,No,2,3,2,2,13,Yes
EMP0197,31,Non-binary,Divorced,Other,Finance,Financial Analyst,1,93801,7816.75,5,5,25,Yes,2,3,2,3,16,Yes
EMP0198,28,Female,Single,Marketing,Finance,Finance Manager,4,147313,12276.08,1,0,38,Yes,3,4,3,3,18,No
EMP0199,26,Male,Divorced,Human Resources,Finance,Senior Analyst,4,129359,10779.92,4,0,21,Yes,3,4,2,4,21,Yes
EMP0200,54,Male,Divorced,Computer Science,Technology,Senior Engineer,3,153931,12827.58,14,2,40,No,3,2,4,3,14,No
EMP0201,46,Female,Single,Human Resources,Sales,Sales Executive,2,88548,7379.0,8,6,42,Yes,3,4,1,3,18,No
EMP0202,36,Male,Divorced,Marketing,Human Resources,HR Director,5,174672,14556.0,11,7,26,Yes,2,3,3,1,7,No
EMP0203,40,Male,Divorced,Computer Science,Finance,Financial Analyst,1,74059,6171.58,10,4,26,No,5,4,2,2,11,No
EMP0204,47,Non-binary,Married,Other,Sales,Sales Representative,1,54686,4557.17,8,6,35,Yes,1,4,2,3,15,Yes
EMP0205,52,Non-binary,Married,Human Resources,Human Resources,HR Specialist,3,86292,7191.0,5,2,16,No,4,4,3,4,23,No
EMP0206,36,Male,Single,Other,Human Resources,HR Director,5,171713,14309.42,11,4,47,No,4,3,4,2,14,Yes
EMP0207,54,Female,Divorced,Finance,Marketing,Brand Manager,3,99881,8323.42,4,1,31,No,3,5,3,2,11,No
EMP0208,53,Male,Divorced,Life Sciences,Human Resources,HR Associate,1,56962,4746.83,6,6,59,Yes,4,3,4,3,17,Yes
EMP0209,46,Female,Single,Human Resources,Sales,Account Manager,4,111116,9259.67,16,3,11,No,4,3,4,2,11,No
EMP0210,54,Non-binary,Married,Life Sciences,Technology,Software Engineer,1,89059,7421.58,14,8,48,No,2,4,2,4,25,Yes
EMP0211,47,Female,Single,Life Sciences,Sales,Sales Executive,3,108071,9005.92,5,0,33,No,4,3,4,3,18,Yes
EMP0212,28,Non-binary,Single,Computer Science,Technology,Department Director,5,209118,17426.5,6,0,45,Yes,4,3,4,2,10,No
EMP0213,39,Non-binary,Divorced,Other,Sales,Sales Director,5,214437,17869.75,3,0,28,Yes,2,2,2,2,11,Yes
EMP0214,32,Female,Divorced,Finance,Sales,Sales Director,5,181666,15138.83,3,0,10,No,5,4,4,2,10,No
EMP0215,26,Non-binary,Divorced,Computer Science,Human Resources,HR Specialist,2,77700,6475.0,2,1,13,Yes,1,1,2,2,10,Yes
EMP0216,24,Female,Single,Other,Sales,Account Manager,3,118686,9890.5,2,2,15,Yes,2,2,2,3,17,No
EMP0217,32,Female,Single,Other,Technology,Senior Engineer,3,153715,12809.58,7,7,21,No,4,4,4,3,15,No
EMP0218,53,Female,Married,Finance,Technology,Software Engineer,1,90593,7549.42,0,0,55,No,3,4,4,2,12,No
EMP0219,28,Male,Divorced,Other,Sales,Sales Director,5,182659,15221.58,6,1,45,No,4,1,5,2,13,No
EMP0220,32,Female,Married,Marketing,Sales,Account Manager,4,93299,7774.92,8,3,45,No,2,3,2,3,17,Yes
EMP0221,42,Female,Married,Other,Technology,Software Engineer,1,72348,6029.0,17,8,10,No,2,5,2,3,18,Yes
EMP0222,43,Male,Single,Life Sciences,Finance,Finance Manager,4,160616,13384.67,19,7,55,No,4,2,4,2,12,No
EMP0223,40,Non-binary,Divorced,Marketing,Technology,Software Engineer,2,102271,8522.58,4,3,16,Yes,2,2,4,3,15,No
EMP0224,28,Male,Single,Other,Marketing,Marketing Coordinator,2,59762,4980.17,7,2,41,Yes,3,4,2,4,20,No
EMP0225,33,Non-binary,Single,Computer Science,Finance,Finance Manager,4,145209,12100.75,6,4,54,No,3,5,5,2,11,No
EMP0226,54,Male,Divorced,Human Resources,Human Resources,HR Specialist,2,88452,7371.0,9,5,53,Yes,3,5,1,3,14,No
EMP0227,57,Male,Divorced,Human Resources,Finance,Finance Manager,5,147681,12306.75,0,0,43,Yes,3,1,1,3,16,No
EMP0228,31,Female,Divorced,Marketing,Sales,Sales Representative,1,59830,4985.83,1,0,57,No,3,3,4,3,14,No
EMP0229,46,Male,Divorced,Marketing,Marketing,Marketing Coordinator,1,53235,4436.25,6,4,59,No,3,3,4,3,16,No
EMP0230,56,Non-binary,Divorced,Life Sciences,Sales,Account Manager,3,94880,7906.67,5,1,57,No,3,3,3,2,14,No
EMP0231,22,Male,Married,Other,Sales,Sales Representative,1,55571,4630.92,0,0,59,No,4,4,3,2,12,Yes
EMP0232,55,Female,Single,Human Resources,Technology,QA Analyst,1,72795,6066.25,17,6,15,Yes,4,4,3,4,25,No
EMP0233,22,Female,Divorced,Marketing,Finance,Senior Analyst,4,110979,9248.25,0,0,53,No,2,4,2,2,12,Yes
EMP0234,45,Non-binary,Divorced,Finance,Finance,Financial Analyst,1,86349,7195.75,6,2,42,Yes,1,5,3,3,15,No
EMP0235,35,Non-binary,Married,Computer Science,Sales,Sales Director,5,202373,16864.42,13,1,57,No,1,4,1,2,11,No
EMP0236,57,Female,Divorced,Life Sciences,Human Resources,HR Director,5,175430,14619.17,14,6,37,No,3,2,1,3,14,No
EMP0237,24,Non-binary,Single,Marketing,Marketing,Marketing Coordinator,1,54874,4572.83,0,0,28,No,3,3,4,2,14,Yes
EMP0238,56,Male,Divorced,Life Sciences,Human Resources,HR Manager,4,95730,7977.5,17,8,19,Yes,1,4,2,2,12,Yes
EMP0239,54,Female,Single,Life Sciences,Sales,Account Manager,3,101885,8490.42,18,0,58,No,5,3,3,2,10,No
EMP0240,34,Non-binary,Divorced,Finance,Human Resources,HR Manager,3,110370,9197.5,1,1,49,Yes,1,3,2,3,15,Yes
EMP0241,42,Male,Single,Computer Science,Human Resources,HR Specialist,3,91337,7611.42,20,6,27,No,2,4,4,2,12,No
EMP0242,53,Non-binary,Single,Life Sciences,Marketing,Marketing Coordinator,2,49587,4132.25,17,3,26,No,4,4,4,3,14,No
EMP0243,47,Non-binary,Single,Computer Science,Marketing,Brand Manager,3,125368,10447.33,15,2,33,No,4,4,4,2,14,No
EMP0244,47,Male,Divorced,Computer Science,Sales,Sales Executive,3,84199,7016.58,14,2,21,No,3,4,2,3,16,Yes
EMP0245,36,Female,Married,Marketing,Sales,Sales Representative,1,61970,5164.17,11,6,40,No,4,1,4,2,14,No
EMP0246,39,Non-binary,Married,Human Resources,Marketing,Marketing Specialist,2,77403,6450.25,11,1,43,Yes,4,3,2,2,13,No
EMP0247,22,Non-binary,Single,Finance,Sales,Sales Executive,2,93403,7783.58,0,0,19,Yes,2,4,2,3,14,Yes
EMP0248,35,Non-binary,Single,Other,Finance,Financial Analyst,1,69190,5765.83,9,2,18,No,1,4,1,2,11,Yes
EMP0249,58,Non-binary,Single,Other,Human Resources,HR Associate,1,63447,5287.25,15,2,24,No,4,4,4,2,14,No
EMP0250,43,Male,Divorced,Human Resources,Technology,Senior Engineer,3,123664,10305.33,3,0,22,No,5,4,4,3,15,No
EMP0251,24,Non-binary,Divorced,Computer Science,Technology,Department Director,5,223213,18601.08,1,0,59,No,3,3,4,3,17,No
EMP0252,52,Male,Married,Human Resources,Marketing,Marketing Coordinator,1,53340,4445.0,15,3,15,Yes,3,3,1,3,18,No
EMP0253,55,Female,Married,Other,Sales,Account Manager,3,96985,8082.08,4,3,51,No,3,3,3,3,17,No
EMP0254,48,Non-binary,Divorced,Finance,Sales,Account Manager,3,121703,10141.92,8,4,46,Yes,3,4,3,3,17,No
EMP0255,32,Female,Single,Human Resources,Finance,Finance Manager,5,160240,13353.33,11,0,20,No,4,4,4,2,14,No
EMP0256,26,Male,Single,Marketing,Technology,QA Analyst,1,67593,5632.75,3,2,55,No,1,4,2,2,10,Yes
EMP0257,55,Male,Single,Computer Science,Marketing,Marketing Specialist,2,87086,7257.17,1,1,25,No,5,2,3,2,13,No
EMP0258,34,Non-binary,Single,Other,Technology,Software Engineer,1,106642,8886.83,9,5,32,No,2,4,2,4,18,Yes
EMP0259,28,Non-binary,Single,Human Resources,Human Resources,HR Manager,4,128638,10719.83,4,4,60,No,4,5,3,3,16,No
EMP0260,51,Non-binary,Married,Human Resources,Technology,Department Director,5,187619,15634.92,8,1,34,No,5,4,3,2,12,No
EMP0261,22,Non-binary,Married,Life Sciences,Human Resources,HR Associate,1,59206,4933.83,0,0,45,No,3,3,4,2,11,No
EMP0262,34,Female,Divorced,Life Sciences,Human Resources,HR Specialist,2,76182,6348.5,13,5,19,No,2,1,5,2,10,No
EMP0263,56,Female,Married,Marketing,Marketing,Brand Manager,3,127651,10637.58,8,7,21,No,5,3,3,2,10,No
EMP0264,49,Male,Divorced,Computer Science,Marketing,Brand Manager,3,101455,8454.58,14,1,54,No,3,1,4,2,10,No
EMP0265,38,Female,Divorced,Marketing,Sales,Account Manager,3,112485,9373.75,11,2,41,No,3,4,3,2,13,No
EMP0266,30,Non-binary,Divorced,Life Sciences,Technology,Tech Lead,5,186394,15532.83,6,6,34,Yes,4,4,3,2,11,No
EMP0267,55,Non-binary,Divorced,Marketing,Finance,Finance Manager,4,157213,13101.08,1,1,16,No,1,4,3,3,17,No
EMP0268,38,Male,Married,Human Resources,Marketing,Brand Manager,3,116985,9748.75,3,2,53,No,2,4,4,2,12,No
EMP0269,54,Male,Divorced,Finance,Technology,Department Director,5,220217,18351.42,9,7,50,No,4,4,5,2,14,No
EMP0270,26,Female,Single,Marketing,Sales,Account Manager,3,109094,9091.17,5,2,48,No,3,3,4,2,14,No
EMP0271,50,Male,Single,Life Sciences,Technology,Senior Engineer,4,158386,13198.83,8,1,23,Yes,1,1,3,1,8,Yes
EMP0272,28,Male,Divorced,Life Sciences,Technology,Department Director,5,200274,16689.5,3,1,57,Yes,4,2,4,3,16,No
EMP0273,51,Non-binary,Married,Human Resources,Finance,Senior Analyst,4,106602,8883.5,18,7,50,No,4,3,4,2,12,No
EMP0274,36,Female,Married,Marketing,Human Resources,HR Director,5,167026,13918.83,4,2,10,Yes,3,4,2,1,8,No
EMP0275,52,Male,Single,Finance,Human Resources,HR Specialist,3,85963,7163.58,11,3,36,No,3,3,4,3,17,No
EMP0276,27,Male,Divorced,Life Sciences,Marketing,Brand Manager,3,124861,10405.08,6,2,36,Yes,1,2,1,2,14,Yes
EMP0277,31,Female,Divorced,Computer Science,Sales,Sales Representative,1,49097,4091.42,7,0,24,Yes,1,3,2,2,12,Yes
EMP0278,43,Female,Single,Computer Science,Human Resources,HR Director,5,154678,12889.83,17,7,21,Yes,4,4,4,3,15,Yes
EMP0279,37,Non-binary,Single,Life Sciences,Finance,Financial Analyst,1,71830,5985.83,15,6,53,No,5,2,4,3,18,No
EMP0280,38,Male,Divorced,Marketing,Sales,Account Manager,4,104272,8689.33,3,1,50,No,1,4,2,2,11,Yes
EMP0281,52,Non-binary,Divorced,Life Sciences,Human Resources,HR Associate,1,64381,5365.08,2,2,49,Yes,5,4,1,2,14,No
EMP0282,30,Male,Single,Marketing,Marketing,Brand Manager,4,118751,9895.92,3,0,54,No,4,3,1,3,18,No
EMP0283,53,Female,Divorced,Life Sciences,Marketing,Brand Manager,3,120696,10058.0,8,8,20,Yes,2,3,2,1,9,Yes
EMP0284,23,Non-binary,Married,Human Resources,Sales,Account Manager,4,125321,10443.42,1,0,43,No,2,2,2,2,12,Yes
EMP0285,26,Female,Single,Life Sciences,Technology,Senior Engineer,3,127557,10629.75,0,0,12,No,2,4,2,3,16,Yes
EMP0286,26,Female,Single,Other,Finance,Financial Analyst,1,85936,7161.33,0,0,33,No,5,3,3,3,18,No
EMP0287,24,Non-binary,Single,Marketing,Technology,Senior Engineer,4,121364,10113.67,0,0,56,Yes,2,2,3,4,24,No
EMP0288,58,Male,Divorced,Finance,Finance,Financial Analyst,1,70911,5909.25,17,6,42,Yes,2,5,3,2,12,No
EMP0289,48,Non-binary,Married,Other,Human Resources,HR Specialist,2,75009,6250.75,12,8,57,Yes,4,3,2,4,18,Yes
EMP0290,41,Female,Married,Life Sciences,Sales,Account Manager,3,108085,9007.08,17,8,45,No,3,2,3,2,12,No
EMP0291,37,Female,Married,Marketing,Technology,QA Analyst,1,62124,5177.0,2,2,30,No,2,4,4,2,10,No
EMP0292,41,Female,Divorced,Human Resources,Finance,Financial Analyst,2,90260,7521.67,10,5,37,No,4,4,3,3,18,No
EMP0293,46,Female,Married,Human Resources,Technology,Tech Lead,4,159802,13316.83,10,8,54,Yes,1,4,2,2,14,Yes
EMP0294,47,Female,Single,Marketing,Technology,Department Director,5,217449,18120.75,1,1,26,Yes,2,4,2,2,13,Yes
EMP0295,57,Non-binary,Divorced,Human Resources,Sales,Sales Executive,2,103184,8598.67,10,1,17,No,3,3,3,2,10,No
EMP0296,32,Male,Divorced,Finance,Marketing,Marketing Specialist,2,72650,6054.17,3,2,19,No,4,2,1,4,20,No
EMP0297,40,Female,Married,Other,Technology,Tech Lead,4,151490,12624.17,10,3,57,No,2,3,3,2,11,No
EMP0298,23,Male,Divorced,Other,Marketing,Marketing Coordinator,1,46969,3914.08,1,0,60,No,3,3,5,2,12,No
EMP0299,45,Female,Single,Marketing,Finance,Senior Analyst,4,128327,10693.92,3,2,41,No,3,2,3,2,10,Yes
EMP0300,41,Male,Married,Finance,Sales,Sales Representative,1,56531,4710.92,11,4,25,No,5,3,1,2,13,No
EMP0301,23,Non-binary,Married,Life Sciences,Sales,Account Manager,4,98995,8249.58,0,0,56,Yes,2,4,2,2,11,Yes
EMP0302,43,Male,Divorced,Life Sciences,Sales,Sales Executive,2,88258,7354.83,4,2,54,No,3,2,5,4,20,No
EMP0303,58,Female,Married,Computer Science,Marketing,Marketing Coordinator,1,49768,4147.33,0,0,58,Yes,2,5,2,3,16,Yes
EMP0304,30,Female,Single,Human Resources,Marketing,Brand Manager,3,105133,8761.08,9,3,24,No,3,4,3,2,14,No
EMP0305,45,Female,Married,Finance,Finance,Senior Analyst,3,109829,9152.42,1,1,58,No,5,5,3,3,15,No
EMP0306,26,Female,Married,Human Resources,Finance,Finance Manager,5,136173,11347.75,3,3,59,Yes,3,3,2,3,18,No
EMP0307,24,Non-binary,Single,Finance,Finance,Financial Analyst,2,73051,6087.58,3,0,45,No,4,5,2,2,12,No
EMP0308,40,Male,Single,Finance,Human Resources,HR Associate,1,52660,4388.33,14,7,15,No,2,4,2,3,15,Yes
EMP0309,23,Female,Married,Human Resources,Sales,Sales Director,5,165910,13825.83,1,1,54,No,4,2,4,2,13,No
EMP0310,27,Non-binary,Divorced,Finance,Marketing,Marketing Specialist,2,77471,6455.92,0,0,59,Yes,2,4,2,2,10,Yes
EMP0311,50,Male,Divorced,Life Sciences,Technology,Senior Engineer,4,115231,9602.58,19,4,10,No,2,3,1,3,15,Yes
EMP0312,51,Male,Married,Computer Science,Marketing,Marketing Coordinator,1,62935,5244.58,8,8,23,Yes,1,4,1,3,18,Yes
EMP0313,25,Female,Married,Life Sciences,Sales,Account Manager,3,128991,10749.25,4,4,21,No,2,3,1,3,16,Yes
EMP0314,26,Male,Divorced,Computer Science,Human Resources,HR Director,5,158817,13234.75,0,0,54,No,3,3,2,2,10,Yes
EMP0315,55,Female,Married,Other,Marketing,Brand Manager,3,110741,9228.42,8,8,46,No,3,2,3,2,13,No
EMP0316,33,Non-binary,Single,Other,Human Resources,HR Specialist,2,68785,5732.08,7,1,57,No,4,5,3,2,14,No
EMP0317,35,Female,Divorced,Life Sciences,Human Resources,HR Manager,4,115170,9597.5,4,4,45,No,1,4,3,3,18,No
EMP0318,33,Female,Married,Marketing,Finance,Finance Director,5,227248,18937.33,0,0,51,Yes,1,3,3,2,13,No
EMP0319,25,Non-binary,Married,Human Resources,Human Resources,HR Associate,1,58869,4905.75,2,0,19,Yes,1,5,2,2,13,Yes
EMP0320,41,Non-binary,Married,Other,Technology,Tech Lead,4,182574,15214.5,7,5,38,No,3,3,2,2,10,No
EMP0321,27,Male,Divorced,Computer Science,Finance,Senior Analyst,3,126684,10557.0,5,4,29,No,2,4,2,4,20,Yes
EMP0322,46,Non-binary,Divorced,Computer Science,Technology,Tech Lead,5,188947,15745.58,2,1,39,No,2,4,4,1,7,No
EMP0323,35,Male,Single,Life Sciences,Human Resources,HR Manager,3,123908,10325.67,10,1,27,Yes,2,1,3,2,12,No
EMP0324,39,Female,Divorced,Marketing,Marketing,Marketing Specialist,2,75203,6266.92,10,8,38,Yes,1,5,1,2,13,Yes
EMP0325,50,Non-binary,Married,Marketing,Human Resources,HR Specialist,3,89983,7498.58,17,1,58,No,3,2,4,3,14,No
EMP0326,51,Male,Single,Life Sciences,Sales,Account Manager,4,115695,9641.25,5,5,52,Yes,4,3,3,2,13,No
EMP0327,32,Male,Married,Human Resources,Marketing,Marketing Specialist,2,78293,6524.42,11,1,30,No,1,3,3,2,11,No
EMP0328,57,Female,Married,Finance,Technology,Tech Lead,4,188729,15727.42,13,6,46,No,3,3,4,2,14,No
EMP0329,29,Non-binary,Divorced,Finance,Human Resources,HR Associate,2,53772,4481.0,4,3,14,No,4,4,4,2,10,Yes
EMP0330,22,Female,Divorced,Life Sciences,Finance,Finance Manager,4,157875,13156.25,1,0,23,No,3,4,5,2,13,No
EMP0331,44,Female,Divorced,Computer Science,Marketing,Marketing Director,5,205550,17129.17,4,2,13,No,3,1,4,3,16,No
EMP0332,40,Female,Single,Finance,Marketing,Marketing Director,5,190974,15914.5,10,6,35,No,3,4,3,2,13,No
EMP0333,45,Male,Single,Marketing,Sales,Sales Executive,2,76029,6335.75,4,3,52,Yes,4,2,3,2,14,No
EMP0334,33,Male,Divorced,Finance,Marketing,Marketing Director,5,175212,14601.0,5,1,21,No,1,3,2,3,16,Yes
EMP0335,45,Female,Single,Human Resources,Finance,Finance Manager,4,151557,12629.75,2,0,56,No,5,5,4,2,10,No
EMP0336,27,Female,Married,Other,Technology,QA Analyst,2,65239,5436.58,4,0,31,No,1,3,5,2,12,Yes
EMP0337,40,Male,Single,Computer Science,Marketing,Brand Manager,4,126943,10578.58,8,0,50,No,2,1,2,3,18,Yes
EMP0338,30,Non-binary,Single,Marketing,Human Resources,HR Specialist,2,77018,6418.17,4,0,57,Yes,1,4,1,3,16,Yes
EMP0339,33,Non-binary,Single,Marketing,Technology,Senior Engineer,3,125102,10425.17,7,6,59,Yes,3,4,1,3,14,Yes
EMP0340,29,Female,Single,Finance,Finance,Finance Director,5,194750,16229.17,7,3,34,No,3,3,3,2,12,No
EMP0341,50,Male,Divorced,Marketing,Marketing,Marketing Coordinator,1,62409,5200.75,20,5,37,No,4,3,3,3,16,No
EMP0342,47,Male,Divorced,Other,Sales,Sales Executive,2,86791,7232.58,10,8,10,No,4,1,2,2,13,No
EMP0343,40,Male,Single,Computer Science,Technology,QA Analyst,1,74468,6205.67,6,4,50,Yes,5,2,3,3,18,No
EMP0344,33,Female,Divorced,Life Sciences,Human Resources,HR Manager,3,99962,8330.17,10,7,27,No,4,4,4,2,10,No
EMP0345,25,Male,Married,Marketing,Technology,Tech Lead,5,167345,13945.42,1,1,14,No,5,4,2,2,11,No
EMP0346,49,Female,Divorced,Other,Technology,Department Director,5,226884,18907.0,8,1,12,Yes,2,3,2,2,10,No
EMP0347,46,Male,Single,Other,Human Resources,HR Director,5,187659,15638.25,0,0,42,No,4,3,3,3,14,No
EMP0348,22,Male,Divorced,Finance,Technology,QA Analyst,1,66761,5563.42,1,1,35,Yes,4,4,2,2,13,No
EMP0349,40,Non-binary,Single,Life Sciences,Marketing,Marketing Coordinator,2,51258,4271.5,9,6,16,No,2,2,2,3,15,Yes
EMP0350,37,Male,Married,Computer Science,Marketing,Brand Manager,3,119445,9953.75,0,0,12,No,3,4,3,2,14,No
EMP0351,56,Female,Divorced,Human Resources,Sales,Sales Representative,1,49639,4136.58,15,0,40,No,4,3,4,1,5,No
EMP0352,28,Male,Divorced,Life Sciences,Marketing,Marketing Coordinator,2,48484,4040.33,1,1,48,No,2,4,3,3,17,Yes
EMP0353,58,Non-binary,Single,Marketing,Sales,Sales Representative,1,55993,4666.08,2,0,27,Yes,2,4,2,4,18,Yes
EMP0354,46,Female,Single,Finance,Technology,Software Engineer,1,75841,6320.08,20,4,36,No,4,3,2,2,12,No
EMP0355,48,Female,Single,Human Resources,Technology,QA Analyst,1,71380,5948.33,19,1,50,No,3,3,3,2,14,No
EMP0356,45,Non-binary,Divorced,Life Sciences,Finance,Senior Analyst,3,107695,8974.58,3,1,53,No,5,3,2,4,18,No
EMP0357,40,Female,Married,Marketing,Human Resources,HR Director,5,152838,12736.5,3,0,44,Yes,3,3,1,3,18,No
EMP0358,48,Female,Divorced,Other,Human Resources,HR Specialist,3,78686,6557.17,7,1,25,No,2,3,2,2,13,Yes
EMP0359,35,Non-binary,Married,Life Sciences,Finance,Finance Manager,4,132724,11060.33,10,5,27,Yes,2,4,1,3,17,Yes
EMP0360,36,Male,Divorced,Life Sciences,Marketing,Marketing Specialist,2,83112,6926.0,7,1,36,No,2,5,2,3,16,Yes
EMP0361,37,Female,Married,Finance,Marketing,Marketing Specialist,3,84391,7032.58,4,4,10,No,1,5,4,2,13,No
EMP0362,52,Non-binary,Single,Finance,Finance,Senior Analyst,3,95814,7984.5,13,3,18,No,2,5,1,3,15,No
EMP0363,58,Non-binary,Divorced,Computer Science,Finance,Finance Director,5,225582,18798.5,4,3,21,No,3,3,4,3,14,No
EMP0364,43,Non-binary,Single,Marketing,Finance,Finance Manager,4,160140,13345.0,17,3,60,No,4,3,5,2,12,No
EMP0365,29,Male,Married,Finance,Marketing,Marketing Coordinator,1,50743,4228.58,8,1,45,No,2,5,3,2,13,No
EMP0366,35,Non-binary,Single,Marketing,Human Resources,HR Manager,3,122717,10226.42,4,0,14,No,3,3,4,2,14,No
EMP0367,56,Male,Married,Human Resources,Human Resources,HR Associate,1,63003,5250.25,2,0,35,No,3,5,2,2,11,No
EMP0368,35,Non-binary,Divorced,Computer Science,Human Resources,HR Director,5,194721,16226.75,8,2,40,No,3,4,3,2,11,No
EMP0369,55,Non-binary,Married,Finance,Marketing,Brand Manager,3,111384,9282.0,15,8,45,No,3,2,4,2,12,No
EMP0370,45,Male,Single,Life Sciences,Human Resources,HR Manager,3,105902,8825.17,19,2,55,No,2,2,2,4,20,Yes
EMP0371,42,Non-binary,Single,Finance,Human Resources,HR Manager,3,131863,10988.58,1,1,32,Yes,3,5,3,1,8,No
EMP0372,51,Male,Single,Computer Science,Marketing,Brand Manager,3,109369,9114.08,15,4,58,No,2,2,2,4,25,Yes
EMP0373,52,Female,Single,Other,Marketing,Marketing Coordinator,1,58160,4846.67,19,3,38,No,2,4,2,2,12,Yes
EMP0374,50,Non-binary,Divorced,Computer Science,Marketing,Marketing Director,5,162743,13561.92,15,5,48,No,5,5,3,2,13,No
EMP0375,45,Female,Married,Marketing,Human Resources,HR Manager,4,131767,10980.58,2,0,56,No,4,3,3,2,13,No
EMP0376,48,Female,Divorced,Human Resources,Technology,Senior Engineer,3,146104,12175.33,16,5,14,No,2,3,1,3,16,Yes
EMP0377,58,Female,Single,Life Sciences,Finance,Finance Manager,4,122767,10230.58,9,4,41,No,2,1,1,2,13,Yes
EMP0378,40,Male,Single,Finance,Sales,Sales Representative,1,54083,4506.92,15,1,48,No,3,4,4,3,17,No
EMP0379,29,Male,Divorced,Other,Marketing,Marketing Coordinator,2,50336,4194.67,0,0,19,Yes,2,2,2,2,12,Yes
EMP0380,26,Non-binary,Single,Other,Sales,Sales Representative,1,50476,4206.33,4,2,30,No,4,3,4,3,14,No
EMP0381,44,Female,Single,Life Sciences,Marketing,Brand Manager,3,121778,10148.17,13,5,20,Yes,1,3,1,3,18,Yes
EMP0382,29,Male,Married,Computer Science,Technology,Senior Engineer,4,146425,12202.08,5,2,54,Yes,3,4,2,2,12,Yes
EMP0383,36,Female,Divorced,Life Sciences,Sales,Account Manager,3,98533,8211.08,2,1,54,No,2,1,3,2,11,Yes
EMP0384,54,Non-binary,Single,Finance,Technology,Tech Lead,4,169768,14147.33,0,0,58,Yes,2,4,3,3,14,Yes
EMP0385,39,Non-binary,Married,Marketing,Sales,Sales Executive,2,79478,6623.17,3,0,43,Yes,1,3,4,4,19,No
EMP0386,54,Non-binary,Married,Marketing,Marketing,Marketing Specialist,2,68516,5709.67,5,2,34,No,2,3,2,2,13,Yes
EMP0387,45,Non-binary,Married,Human Resources,Technology,Software Engineer,1,77583,6465.25,12,4,39,No,3,5,3,2,12,No
EMP0388,49,Female,Single,Finance,Human Resources,HR Specialist,2,90090,7507.5,15,1,35,No,4,2,2,2,14,No
EMP0389,32,Female,Married,Life Sciences,Human Resources,HR Specialist,2,81247,6770.58,1,0,37,No,3,4,3,2,13,No
EMP0390,47,Male,Divorced,Marketing,Sales,Sales Director,5,167080,13923.33,3,2,41,No,4,2,2,2,10,No
EMP0391,23,Female,Married,Human Resources,Human Resources,HR Specialist,2,88422,7368.5,0,0,58,Yes,4,4,4,3,17,No
EMP0392,56,Male,Divorced,Human Resources,Technology,Software Engineer,2,77807,6483.92,12,7,30,No,3,1,2,3,16,No
EMP0393,32,Male,Married,Life Sciences,Human Resources,HR Director,5,181945,15162.08,1,1,52,No,3,3,3,2,10,No
EMP0394,53,Non-binary,Married,Human Resources,Human Resources,HR Manager,3,96844,8070.33,18,0,18,No,3,4,1,3,16,No
EMP0395,49,Male,Married,Finance,Human Resources,HR Associate,1,56113,4676.08,7,4,47,Yes,4,4,2,2,10,Yes
EMP0396,58,Non-binary,Married,Marketing,Technology,Department Director,5,218534,18211.17,0,0,30,Yes,3,4,4,3,16,No
EMP0397,43,Female,Divorced,Marketing,Human Resources,HR Director,5,163222,13601.83,15,1,44,Yes,2,3,2,3,14,No
EMP0398,28,Non-binary,Married,Marketing,Technology,QA Analyst,2,70573,5881.08,6,1,32,No,4,3,4,2,14,No
EMP0399,48,Male,Married,Human Resources,Marketing,Marketing Director,5,194011,16167.58,17,2,11,No,3,2,3,3,17,No
EMP0400,56,Non-binary,Married,Human Resources,Technology,QA Analyst,1,70154,5846.17,4,1,19,No,4,4,3,3,14,No
EMP0401,48,Male,Married,Other,Sales,Account Manager,3,105475,8789.58,12,3,17,Yes,1,4,2,4,24,Yes
EMP0402,32,Male,Single,Computer Science,Human Resources,HR Manager,3,106533,8877.75,10,0,56,No,1,4,2,3,14,No
EMP0403,48,Male,Divorced,Other,Technology,Department Director,5,235037,19586.42,4,1,17,No,3,2,4,2,14,No
EMP0404,27,Female,Divorced,Computer Science,Human Resources,HR Manager,4,120555,10046.25,6,5,57,Yes,2,2,1,2,12,No
EMP0405,25,Male,Divorced,Marketing,Technology,Tech Lead,4,181120,15093.33,1,1,60,No,3,4,4,1,9,Yes
EMP0406,25,Non-binary,Divorced,Life Sciences,Human Resources,HR Director,5,170268,14189.0,2,2,17,No,2,3,1,4,22,Yes
EMP0407,37,Male,Single,Life Sciences,Finance,Finance Manager,5,162233,13519.42,13,0,27,No,4,5,3,2,12,No
EMP0408,28,Female,Divorced,Marketing,Marketing,Marketing Coordinator,1,64730,5394.17,5,3,54,Yes,1,4,2,2,13,Yes
EMP0409,58,Female,Single,Life Sciences,Sales,Sales Executive,3,101890,8490.83,10,7,40,No,2,2,2,2,12,Yes
EMP0410,33,Male,Married,Human Resources,Sales,Sales Representative,2,63301,5275.08,10,3,15,No,2,4,2,2,13,No
EMP0411,31,Female,Married,Life Sciences,Marketing,Marketing Coordinator,1,62230,5185.83,6,6,39,No,2,3,2,4,22,Yes
EMP0412,30,Male,Single,Human Resources,Sales,Account Manager,4,102410,8534.17,6,1,36,No,1,5,2,2,11,Yes
EMP0413,51,Female,Single,Finance,Sales,Account Manager,4,116054,9671.17,6,5,34,No,4,3,2,2,12,No
EMP0414,52,Male,Divorced,Other,Marketing,Marketing Coordinator,1,61532,5127.67,19,6,29,No,4,2,4,1,6,No
EMP0415,54,Male,Married,Finance,Sales,Sales Representative,1,62380,5198.33,13,2,26,Yes,1,2,3,3,17,Yes
EMP0416,38,Non-binary,Married,Finance,Sales,Account Manager,4,122196,10183.0,4,4,52,No,3,2,1,2,13,No
EMP0417,51,Male,Single,Finance,Technology,Department Director,5,203364,16947.0,17,7,39,No,2,4,2,2,12,Yes
EMP0418,54,Male,Divorced,Other,Marketing,Marketing Specialist,2,65135,5427.92,16,2,36,No,2,3,2,2,12,No
EMP0419,29,Male,Married,Human Resources,Technology,Tech Lead,4,155312,12942.67,7,7,39,No,3,4,3,1,9,No
EMP0420,42,Non-binary,Divorced,Human Resources,Sales,Sales Executive,3,93543,7795.25,10,0,57,Yes,5,3,3,4,24,Yes
EMP0421,32,Male,Married,Marketing,Sales,Sales Representative,1,59167,4930.58,11,4,53,No,3,2,3,2,13,No
EMP0422,52,Male,Divorced,Human Resources,Finance,Financial Analyst,2,91574,7631.17,11,2,37,No,1,3,5,3,15,No
EMP0423,55,Non-binary,Divorced,Human Resources,Technology,Tech Lead,4,155189,12932.42,15,4,19,No,2,3,2,2,14,Yes
EMP0424,24,Non-binary,Single,Human Resources,Finance,Finance Director,5,181192,15099.33,3,2,32,No,1,3,2,3,15,No
EMP0425,47,Female,Single,Finance,Human Resources,HR Manager,3,124818,10401.5,14,4,31,No,2,2,2,3,18,Yes
EMP0426,49,Non-binary,Single,Computer Science,Finance,Financial Analyst,1,86489,7207.42,15,7,54,No,4,4,4,2,14,No
EMP0427,47,Male,Single,Life Sciences,Sales,Sales Representative,1,45520,3793.33,6,6,11,Yes,3,4,2,3,15,Yes
EMP0428,31,Male,Married,Computer Science,Technology,Senior Engineer,4,144180,12015.0,7,7,11,No,3,3,3,3,14,No
EMP0429,28,Non-binary,Divorced,Finance,Finance,Finance Director,5,223305,18608.75,4,0,41,No,3,4,5,4,25,No
EMP0430,25,Non-binary,Single,Finance,Marketing,Brand Manager,3,107553,8962.75,3,3,17,No,5,3,4,1,7,No
EMP0431,52,Male,Married,Life Sciences,Marketing,Marketing Specialist,2,87445,7287.08,10,7,18,No,4,3,3,4,23,No
EMP0432,32,Non-binary,Single,Marketing,Technology,Department Director,5,188460,15705.0,2,0,20,No,2,3,5,2,11,No
EMP0433,23,Male,Married,Marketing,Sales,Sales Executive,3,107995,8999.58,0,0,14,Yes,1,3,2,4,23,Yes
EMP0434,57,Male,Single,Other,Marketing,Marketing Coordinator,2,59346,4945.5,14,1,16,No,2,4,2,2,14,Yes
EMP0435,35,Male,Single,Other,Human Resources,HR Director,5,199936,16661.33,8,7,56,No,2,3,4,2,11,No
EMP0436,48,Female,Single,Finance,Human Resources,HR Manager,3,100585,8382.08,8,5,55,No,3,4,2,3,17,No
EMP0437,30,Male,Married,Finance,Finance,Finance Manager,5,149004,12417.0,2,0,55,No,5,2,3,4,20,No
EMP0438,47,Female,Divorced,Other,Sales,Sales Representative,2,68375,5697.92,16,4,36,Yes,3,4,2,4,18,No
EMP0439,55,Non-binary,Single,Other,Finance,Finance Director,5,217197,18099.75,6,4,49,No,4,4,4,3,17,No
EMP0440,41,Female,Single,Human Resources,Human Resources,HR Director,5,197520,16460.0,4,4,44,No,1,4,3,3,15,Yes
EMP0441,56,Non-binary,Married,Life Sciences,Human Resources,HR Director,5,183113,15259.42,3,0,33,No,3,2,4,4,25,No
EMP0442,22,Male,Married,Life Sciences,Marketing,Marketing Specialist,2,74323,6193.58,0,0,55,No,4,2,3,2,12,No
EMP0443,31,Non-binary,Married,Finance,Technology,Software Engineer,1,78523,6543.58,7,3,38,Yes,2,3,2,3,18,Yes
EMP0444,50,Non-binary,Married,Other,Finance,Senior Analyst,3,103331,8610.92,15,7,18,No,3,3,4,2,10,No
EMP0445,57,Male,Single,Human Resources,Finance,Financial Analyst,1,83735,6977.92,9,0,43,Yes,2,5,2,3,15,No
EMP0446,48,Female,Married,Marketing,Sales,Sales Executive,3,107033,8919.42,0,0,17,No,1,1,3,2,13,No
EMP0447,46,Male,Divorced,Human Resources,Sales,Sales Executive,2,105207,8767.25,14,7,19,No,3,4,4,2,11,No
EMP0448,43,Non-binary,Single,Other,Finance,Finance Manager,4,130853,10904.42,0,0,46,No,2,3,2,3,14,Yes
EMP0449,58,Female,Divorced,Human Resources,Sales,Sales Director,5,192940,16078.33,0,0,17,No,3,5,3,2,14,No
EMP0450,56,Non-binary,Married,Finance,Marketing,Marketing Coordinator,1,45762,3813.5,10,6,21,No,4,3,3,2,10,No
EMP0451,40,Female,Single,Marketing,Technology,Senior Engineer,3,141691,11807.58,5,0,49,No,2,4,3,2,11,No
EMP0452,42,Male,Married,Computer Science,Technology,Senior Engineer,3,154125,12843.75,18,3,41,No,3,5,3,2,14,No
EMP0453,52,Female,Married,Other,Sales,Sales Representative,1,64207,5350.58,3,1,58,No,4,3,3,2,14,No
EMP0454,31,Male,Divorced,Life Sciences,Sales,Sales Director,5,219735,18311.25,8,7,12,Yes,2,4,2,1,8,Yes
EMP0455,46,Male,Divorced,Life Sciences,Marketing,Brand Manager,3,125002,10416.83,18,1,29,Yes,3,4,3,3,15,No
EMP0456,42,Non-binary,Married,Other,Human Resources,HR Director,5,167892,13991.0,7,5,31,Yes,2,3,2,4,25,Yes
EMP0457,33,Male,Divorced,Other,Finance,Finance Director,5,210266,17522.17,1,0,44,Yes,4,4,4,3,18,No
EMP0458,33,Non-binary,Single,Computer Science,Finance,Finance Manager,5,149135,12427.92,0,0,24,No,4,4,4,2,14,No
EMP0459,36,Female,Married,Marketing,Technology,Tech Lead,4,189716,15809.67,6,0,22,No,4,2,3,2,11,No
EMP0460,58,Non-binary,Divorced,Human Resources,Marketing,Marketing Specialist,2,69202,5766.83,2,0,26,No,4,4,4,2,10,No
EMP0461,56,Non-binary,Married,Other,Marketing,Marketing Director,5,150128,12510.67,13,0,30,No,5,3,4,2,12,No
EMP0462,24,Non-binary,Single,Computer Science,Human Resources,HR Director,5,184892,15407.67,3,2,10,No,3,4,4,4,21,No
EMP0463,49,Female,Single,Life Sciences,Sales,Account Manager,3,96339,8028.25,0,0,40,No,1,4,2,3,15,Yes
EMP0464,43,Female,Married,Human Resources,Sales,Sales Representative,2,65301,5441.75,14,1,50,Yes,2,5,5,3,14,No
EMP0465,25,Male,Single,Marketing,Marketing,Marketing Director,5,154311,12859.25,0,0,53,Yes,1,4,2,2,14,Yes
EMP0466,51,Male,Married,Finance,Marketing,Marketing Coordinator,1,45851,3820.92,14,8,31,No,2,1,4,2,11,No
EMP0467,30,Non-binary,Divorced,Marketing,Human Resources,HR Director,5,181548,15129.0,9,7,21,Yes,3,1,2,4,23,Yes
EMP0468,31,Female,Married,Marketing,Marketing,Brand Manager,3,90529,7544.08,8,2,13,Yes,4,4,1,4,21,No
EMP0469,43,Female,Divorced,Finance,Finance,Finance Manager,5,157099,13091.58,10,4,36,No,2,4,5,2,10,No
EMP0470,36,Male,Divorced,Life Sciences,Sales,Sales Director,5,208141,17345.08,10,6,23,No,2,1,1,2,14,Yes
EMP0471,34,Non-binary,Divorced,Marketing,Technology,Software Engineer,1,88618,7384.83,2,0,26,No,3,4,2,1,7,No
EMP0472,23,Non-binary,Single,Finance,Technology,Tech Lead,5,169993,14166.08,1,0,33,No,4,5,5,4,24,No
EMP0473,26,Female,Single,Life Sciences,Sales,Sales Executive,2,99527,8293.92,2,2,37,No,2,1,2,2,14,Yes
EMP0474,37,Female,Divorced,Marketing,Sales,Sales Director,5,173712,14476.0,2,1,60,No,1,3,2,3,18,Yes
EMP0475,33,Male,Divorced,Marketing,Marketing,Marketing Director,5,196900,16408.33,7,7,27,No,4,4,4,2,11,No
EMP0476,37,Male,Single,Marketing,Finance,Finance Director,5,212445,17703.75,5,2,26,No,2,2,2,2,14,Yes
EMP0477,43,Male,Married,Finance,Finance,Finance Director,5,199085,16590.42,15,5,27,No,2,3,2,2,10,Yes
EMP0478,56,Non-binary,Single,Marketing,Sales,Sales Representative,1,56804,4733.67,1,0,31,Yes,2,3,3,2,14,No
EMP0479,56,Male,Single,Marketing,Human Resources,HR Manager,4,121464,10122.0,12,0,40,No,5,5,4,2,11,No
EMP0480,55,Non-binary,Divorced,Finance,Finance,Finance Manager,5,140517,11709.75,6,3,59,No,3,3,4,1,6,No
EMP0481,30,Male,Divorced,Computer Science,Finance,Finance Manager,4,147469,12289.08,6,5,58,No,4,3,3,1,5,No
EMP0482,31,Male,Divorced,Other,Marketing,Marketing Director,5,174990,14582.5,3,3,14,No,2,2,2,2,12,Yes
EMP0483,57,Female,Single,Other,Marketing,Marketing Director,5,151758,12646.5,5,1,14,No,2,3,2,2,13,Yes
EMP0484,32,Male,Married,Finance,Sales,Sales Representative,1,58710,4892.5,7,1,34,No,2,2,2,2,13,Yes
EMP0485,41,Non-binary,Single,Human Resources,Finance,Finance Manager,4,129351,10779.25,14,1,35,No,2,3,3,2,13,No
EMP0486,27,Male,Divorced,Finance,Human Resources,HR Manager,3,106477,8873.08,3,1,21,No,2,3,2,2,14,Yes
EMP0487,24,Female,Single,Marketing,Marketing,Brand Manager,3,94374,7864.5,1,1,36,No,2,5,2,2,12,Yes
EMP0488,35,Non-binary,Single,Finance,Technology,Software Engineer,1,100271,8355.92,6,2,57,Yes,1,1,2,2,13,Yes
EMP0489,57,Non-binary,Single,Other,Finance,Senior Analyst,3,113293,9441.08,5,1,11,No,2,2,4,2,10,No
EMP0490,31,Male,Married,Life Sciences,Sales,Sales Representative,2,62442,5203.5,3,3,54,Yes,3,3,3,2,12,No
EMP0491,22,Female,Married,Life Sciences,Sales,Account Manager,4,103106,8592.17,0,0,11,No,5,3,2,3,15,No
EMP0492,28,Non-binary,Single,Other,Sales,Sales Representative,1,48528,4044.0,5,2,45,No,4,5,3,2,11,No
EMP0493,44,Male,Single,Computer Science,Finance,Finance Manager,4,133943,11161.92,14,3,14,No,2,4,1,3,17,Yes
EMP0494,28,Non-binary,Divorced,Human Resources,Sales,Account Manager,4,129312,10776.0,5,5,54,Yes,5,4,2,3,16,No
EMP0495,52,Female,Married,Computer Science,Marketing,Marketing Director,5,175059,14588.25,16,3,42,No,5,3,3,3,16,No
EMP0496,49,Female,Divorced,Computer Science,Technology,Senior Engineer,3,134438,11203.17,6,1,34,Yes,1,5,2,3,16,Yes
EMP0497,24,Non-binary,Married,Other,Human Resources,HR Associate,1,58855,4904.58,2,0,23,No,5,4,3,3,15,No
EMP0498,46,Non-binary,Married,Life Sciences,Finance,Financial Analyst,1,81110,6759.17,2,0,13,No,2,3,2,2,11,Yes
EMP0499,51,Male,Single,Other,Sales,Sales Executive,2,91316,7609.67,9,4,46,Yes,2,3,2,4,24,Yes
EMP0500,49,Non-binary,Divorced,Other,Finance,Senior Analyst,4,126588,10549.0,0,0,58,No,4,4,5,2,11,No
EMP0501,33,Male,Married,Finance,Human Resources,HR Director,5,168561,14046.75,6,4,48,No,2,4,2,4,18,Yes
EMP0502,45,Male,Married,Finance,Finance,Finance Manager,4,140172,11681.0,20,1,36,No,5,2,5,2,13,No
EMP0503,44,Non-binary,Divorced,Finance,Human Resources,HR Associate,1,61894,5157.83,7,3,40,Yes,3,4,3,3,16,No
EMP0504,31,Male,Single,Human Resources,Marketing,Marketing Specialist,2,68024,5668.67,10,6,35,No,5,2,5,3,15,No
EMP0505,38,Non-binary,Married,Human Resources,Marketing,Marketing Director,5,188409,15700.75,9,6,58,No,4,2,4,3,16,No
EMP0506,39,Non-binary,Single,Other,Finance,Finance Manager,4,131036,10919.67,15,0,16,Yes,2,3,2,2,12,Yes
EMP0507,53,Female,Divorced,Computer Science,Finance,Senior Analyst,3,98865,8238.75,5,1,26,No,2,3,2,2,11,Yes
EMP0508,29,Male,Single,Marketing,Technology,QA Analyst,1,70898,5908.17,1,0,13,Yes,5,4,4,2,10,No
EMP0509,55,Male,Married,Finance,Human Resources,HR Director,5,172056,14338.0,11,5,30,No,5,4,3,2,12,No
EMP0510,28,Female,Married,Other,Finance,Senior Analyst,3,103054,8587.83,4,1,33,No,4,4,3,3,14,No
EMP0511,42,Female,Divorced,Marketing,Technology,Tech Lead,4,165306,13775.5,19,7,35,No,4,3,5,4,25,No
EMP0512,28,Non-binary,Married,Marketing,Marketing,Marketing Specialist,3,82041,6836.75,0,0,18,No,1,4,2,4,25,Yes
EMP0513,29,Male,Divorced,Human Resources,Sales,Sales Executive,2,80861,6738.42,1,1,55,Yes,5,3,3,3,17,No
EMP0514,29,Non-binary,Single,Human Resources,Finance,Financial Analyst,2,75905,6325.42,3,0,51,Yes,4,4,3,3,17,No
EMP0515,36,Male,Single,Marketing,Technology,Software Engineer,1,108810,9067.5,6,5,17,No,2,3,2,3,16,Yes
EMP0516,46,Male,Married,Marketing,Sales,Sales Executive,2,75602,6300.17,17,7,30,Yes,4,4,2,3,15,Yes
EMP0517,24,Non-binary,Married,Marketing,Marketing,Marketing Coordinator,1,63807,5317.25,3,1,41,Yes,5,1,4,3,15,No
EMP0518,25,Female,Married,Other,Finance,Finance Manager,5,163204,13600.33,1,0,45,No,3,3,3,2,10,No
EMP0519,40,Male,Divorced,Life Sciences,Marketing,Marketing Director,5,156377,13031.42,4,2,58,No,4,1,5,2,11,No
EMP0520,50,Non-binary,Married,Marketing,Sales,Sales Executive,2,87822,7318.5,20,0,33,No,3,4,5,2,13,No
EMP0521,32,Female,Single,Marketing,Finance,Senior Analyst,4,102690,8557.5,8,5,47,No,2,4,3,2,13,No
EMP0522,33,Non-binary,Divorced,Finance,Technology,Department Director,5,236681,19723.42,10,6,27,No,3,1,2,2,14,No
EMP0523,58,Non-binary,Married,Marketing,Technology,QA Analyst,1,70865,5905.42,20,6,29,No,1,1,5,3,15,Yes
EMP0524,47,Non-binary,Divorced,Human Resources,Finance,Financial Analyst,1,84160,7013.33,17,1,58,No,2,4,2,2,11,Yes
EMP0525,42,Female,Single,Life Sciences,Marketing,Marketing Specialist,2,67877,5656.42,17,4,58,Yes,2,3,2,2,10,Yes
EMP0526,55,Male,Divorced,Human Resources,Finance,Senior Analyst,3,115508,9625.67,16,5,48,No,2,2,4,2,11,Yes
EMP0527,35,Female,Divorced,Human Resources,Sales,Account Manager,3,117657,9804.75,1,1,26,Yes,5,3,2,2,11,No
EMP0528,26,Non-binary,Divorced,Marketing,Sales,Account Manager,3,123516,10293.0,4,1,36,No,3,4,3,4,21,No
EMP0529,29,Non-binary,Single,Other,Marketing,Marketing Director,5,154322,12860.17,5,5,15,No,3,3,4,2,10,Yes
EMP0530,36,Male,Single,Computer Science,Sales,Account Manager,3,122087,10173.92,3,2,54,No,3,3,2,1,7,No
EMP0531,46,Female,Married,Other,Marketing,Marketing Director,5,181251,15104.25,18,2,26,Yes,3,2,2,3,14,No
EMP0532,45,Non-binary,Single,Other,Marketing,Marketing Director,5,196319,16359.92,14,2,38,No,4,3,3,2,11,No
EMP0533,27,Male,Married,Marketing,Technology,Software Engineer,1,85731,7144.25,0,0,20,No,1,3,5,3,14,No
EMP0534,49,Non-binary,Divorced,Other,Sales,Sales Director,5,192624,16052.0,16,8,54,Yes,1,2,4,2,14,No
EMP0535,37,Non-binary,Divorced,Human Resources,Marketing,Marketing Coordinator,1,50522,4210.17,16,3,21,Yes,3,3,4,2,12,No
EMP0536,43,Non-binary,Single,Human Resources,Technology,Tech Lead,4,169237,14103.08,8,3,10,No,3,3,3,4,18,No
EMP0537,53,Female,Married,Computer Science,Marketing,Marketing Director,5,171531,14294.25,9,5,16,Yes,4,2,3,2,10,No
EMP0538,31,Male,Single,Finance,Technology,Senior Engineer,4,131392,10949.33,3,3,35,Yes,2,4,2,4,25,Yes
EMP0539,49,Female,Married,Other,Sales,Sales Representative,1,46319,3859.92,4,3,36,No,2,2,2,2,12,Yes
EMP0540,53,Non-binary,Divorced,Life Sciences,Human Resources,HR Director,5,182889,15240.75,12,2,17,No,4,2,3,1,6,No
EMP0541,43,Male,Divorced,Other,Technology,Department Director,5,211469,17622.42,9,4,41,Yes,3,4,4,2,10,No
EMP0542,37,Non-binary,Married,Life Sciences,Finance,Financial Analyst,2,81460,6788.33,5,1,47,No,2,2,3,2,11,No
EMP0543,49,Female,Divorced,Life Sciences,Technology,Software Engineer,1,104404,8700.33,9,3,24,Yes,3,3,4,2,12,No
EMP0544,48,Female,Married,Computer Science,Sales,Sales Representative,1,66640,5553.33,10,3,28,Yes,2,2,1,2,12,Yes
EMP0545,57,Female,Married,Marketing,Human Resources,HR Manager,3,113084,9423.67,6,4,34,Yes,2,4,2,4,21,Yes
EMP0546,28,Female,Divorced,Human Resources,Human Resources,HR Manager,4,108238,9019.83,2,0,18,Yes,2,3,3,4,23,No
EMP0547,50,Non-binary,Divorced,Computer Science,Finance,Financial Analyst,1,82162,6846.83,16,0,20,No,4,2,1,2,11,No
EMP0548,47,Male,Divorced,Human Resources,Marketing,Marketing Coordinator,1,61688,5140.67,12,8,59,No,4,3,1,2,14,No
EMP0549,54,Male,Divorced,Other,Marketing,Brand Manager,3,104439,8703.25,9,4,45,Yes,1,3,2,4,22,Yes
EMP0550,25,Non-binary,Single,Life Sciences,Marketing,Marketing Coordinator,1,56385,4698.75,4,2,30,Yes,3,3,3,3,16,No
EMP0551,22,Male,Single,Other,Human Resources,HR Specialist,2,68512,5709.33,0,0,56,No,2,4,2,3,18,Yes
EMP0552,42,Male,Single,Human Resources,Finance,Senior Analyst,3,123436,10286.33,11,2,40,Yes,2,2,4,2,11,No
EMP0553,23,Male,Single,Life Sciences,Finance,Senior Analyst,3,99721,8310.08,1,0,39,No,5,2,3,3,14,No
EMP0554,46,Male,Single,Computer Science,Technology,Software Engineer,1,75478,6289.83,8,2,50,No,4,1,4,2,12,No
EMP0555,27,Female,Single,Finance,Marketing,Marketing Director,5,203442,16953.5,1,1,31,No,2,3,3,2,10,No
EMP0556,28,Non-binary,Married,Computer Science,Marketing,Marketing Director,5,159295,13274.58,0,0,24,Yes,3,2,4,3,17,No
EMP0557,29,Male,Single,Computer Science,Sales,Sales Representative,2,54234,4519.5,5,0,49,Yes,3,5,2,2,13,No
EMP0558,33,Non-binary,Married,Life Sciences,Human Resources,HR Manager,3,101810,8484.17,4,3,52,No,3,5,4,3,15,No
EMP0559,31,Male,Single,Finance,Finance,Finance Director,5,228388,19032.33,1,0,46,No,4,2,3,2,13,No
EMP0560,53,Male,Married,Other,Finance,Finance Manager,4,162857,13571.42,7,6,36,No,3,3,3,2,10,No
EMP0561,48,Non-binary,Divorced,Other,Sales,Sales Representative,1,45093,3757.75,6,6,11,Yes,2,2,1,2,11,Yes
EMP0562,57,Male,Single,Life Sciences,Sales,Sales Representative,2,48841,4070.08,4,3,56,Yes,4,3,3,2,14,No
EMP0563,23,Female,Married,Life Sciences,Technology,Senior Engineer,3,152301,12691.75,1,0,58,Yes,4,4,4,2,12,No
EMP0564,22,Male,Single,Life Sciences,Technology,Software Engineer,1,81375,6781.25,0,0,10,Yes,2,5,2,2,14,Yes
EMP0565,49,Female,Married,Computer Science,Marketing,Marketing Director,5,158200,13183.33,6,3,49,Yes,2,4,2,2,13,Yes
EMP0566,47,Male,Single,Computer Science,Human Resources,HR Director,5,162761,13563.42,8,1,16,Yes,2,4,1,2,10,Yes
EMP0567,41,Female,Divorced,Life Sciences,Technology,Senior Engineer,3,152363,12696.92,18,0,46,No,3,1,2,2,12,No
EMP0568,47,Non-binary,Single,Marketing,Finance,Finance Manager,5,164216,13684.67,3,2,36,No,3,3,4,1,8,No
EMP0569,24,Male,Single,Life Sciences,Finance,Financial Analyst,2,68056,5671.33,1,0,53,No,4,2,5,2,14,No
EMP0570,43,Male,Single,Marketing,Human Resources,HR Manager,3,123239,10269.92,1,1,25,Yes,3,1,1,2,10,Yes
EMP0571,57,Female,Married,Computer Science,Finance,Finance Manager,4,139372,11614.33,5,0,27,No,3,1,4,2,13,No
EMP0572,50,Non-binary,Single,Computer Science,Marketing,Marketing Director,5,152594,12716.17,11,4,35,No,4,4,3,2,14,No
EMP0573,45,Female,Divorced,Finance,Marketing,Marketing Director,5,167224,13935.33,1,0,57,No,2,4,2,2,13,Yes
EMP0574,26,Female,Married,Finance,Technology,Tech Lead,4,185069,15422.42,3,0,15,Yes,1,5,2,2,10,Yes
EMP0575,53,Female,Divorced,Other,Finance,Financial Analyst,1,66254,5521.17,17,2,40,Yes,1,4,4,2,12,No
EMP0576,52,Female,Single,Life Sciences,Technology,Department Director,5,197684,16473.67,8,2,15,Yes,2,2,3,2,11,No
EMP0577,38,Female,Single,Computer Science,Finance,Finance Manager,5,139457,11621.42,5,1,32,No,3,3,4,4,24,No
EMP0578,58,Male,Single,Human Resources,Marketing,Marketing Specialist,2,86887,7240.58,18,2,30,No,4,4,4,3,14,No
EMP0579,51,Female,Married,Marketing,Technology,Department Director,5,197223,16435.25,16,0,38,No,4,4,4,2,10,No
EMP0580,34,Male,Divorced,Human Resources,Sales,Sales Director,5,174164,14513.67,5,1,22,No,3,1,4,1,7,No
EMP0581,29,Non-binary,Married,Other,Finance,Finance Director,5,201895,16824.58,5,2,44,No,5,3,5,2,12,No
EMP0582,32,Non-binary,Married,Finance,Human Resources,HR Director,5,191556,15963.0,4,4,16,No,4,2,4,3,17,Yes
EMP0583,56,Female,Divorced,Finance,Marketing,Marketing Coordinator,1,58783,4898.58,6,1,59,No,3,2,3,2,13,No
EMP0584,47,Female,Married,Life Sciences,Marketing,Brand Manager,3,107334,8944.5,9,6,53,Yes,5,3,1,2,14,No
EMP0585,42,Male,Single,Human Resources,Finance,Senior Analyst,3,120648,10054.0,6,4,51,No,1,5,3,4,24,No
EMP0586,33,Male,Married,Human Resources,Sales,Sales Director,5,175136,14594.67,1,0,42,Yes,2,3,3,3,15,No
EMP0587,35,Female,Single,Computer Science,Finance,Financial Analyst,1,84440,7036.67,2,0,49,No,5,1,3,3,15,No
EMP0588,44,Female,Single,Other,Sales,Account Manager,3,106072,8839.33,12,4,52,Yes,1,2,1,3,14,Yes
EMP0589,28,Female,Married,Marketing,Sales,Sales Representative,1,56842,4736.83,3,3,16,Yes,1,1,5,3,17,No
EMP0590,50,Female,Single,Marketing,Technology,Senior Engineer,3,156367,13030.58,19,0,17,No,5,3,3,2,11,No
EMP0591,38,Female,Single,Human Resources,Technology,QA Analyst,1,71768,5980.67,4,1,33,Yes,1,3,1,4,22,Yes
EMP0592,27,Male,Divorced,Human Resources,Human Resources,HR Director,5,198837,16569.75,6,3,37,No,3,2,2,3,16,No
EMP0593,28,Non-binary,Divorced,Marketing,Sales,Sales Executive,3,106970,8914.17,6,3,37,No,3,3,2,2,11,No
EMP0594,45,Non-binary,Single,Finance,Sales,Sales Representative,2,53292,4441.0,18,6,28,No,4,5,3,2,10,No
EMP0595,42,Male,Single,Marketing,Sales,Sales Representative,1,57178,4764.83,11,2,59,Yes,1,4,4,2,12,No
EMP0596,57,Female,Married,Marketing,Marketing,Marketing Specialist,2,68372,5697.67,17,4,55,No,4,4,2,3,17,No
EMP0597,49,Male,Married,Life Sciences,Sales,Sales Representative,2,61339,5111.58,1,1,36,Yes,3,4,3,1,5,No
EMP0598,58,Female,Married,Marketing,Sales,Sales Director,5,162425,13535.42,17,8,12,Yes,1,3,3,2,12,No
EMP0599,47,Female,Divorced,Marketing,Finance,Financial Analyst,1,87821,7318.42,14,7,51,No,2,3,3,1,5,No
EMP0600,30,Female,Married,Other,Finance,Senior Analyst,3,107527,8960.58,5,4,10,No,2,3,2,2,12,Yes
EMP0601,46,Male,Divorced,Life Sciences,Sales,Sales Director,5,167857,13988.08,4,2,19,No,4,5,3,2,10,No
EMP0602,37,Non-binary,Married,Other,Finance,Finance Manager,4,151634,12636.17,7,1,26,No,4,3,4,2,11,No
EMP0603,26,Male,Single,Life Sciences,Technology,Senior Engineer,3,140235,11686.25,1,1,16,Yes,4,4,3,4,25,No
EMP0604,54,Female,Single,Life Sciences,Human Resources,HR Director,5,179650,14970.83,19,8,22,No,2,3,2,2,14,No
EMP0605,31,Male,Single,Other,Technology,Senior Engineer,3,145202,12100.17,2,1,11,No,3,3,2,2,12,No
EMP0606,31,Male,Divorced,Finance,Marketing,Brand Manager,3,107864,8988.67,5,0,13,No,4,3,3,2,14,No
EMP0607,53,Non-binary,Married,Computer Science,Technology,Senior Engineer,4,129390,10782.5,3,0,12,No,2,3,3,3,17,No
EMP0608,28,Female,Divorced,Other,Human Resources,HR Director,5,163481,13623.42,2,0,32,No,4,3,1,2,14,No
EMP0609,41,Non-binary,Single,Life Sciences,Human Resources,HR Associate,1,58884,4907.0,14,2,10,No,3,1,5,3,15,No
EMP0610,22,Non-binary,Married,Finance,Marketing,Marketing Coordinator,1,53110,4425.83,1,0,12,No,3,5,4,2,11,No
EMP0611,28,Female,Married,Other,Human Resources,HR Director,5,182156,15179.67,5,4,26,No,3,3,4,2,12,No
EMP0612,52,Female,Married,Other,Marketing,Marketing Coordinator,1,58445,4870.42,7,2,32,No,2,4,5,2,10,Yes
EMP0613,28,Male,Divorced,Other,Marketing,Marketing Director,5,207415,17284.58,2,1,53,No,2,4,2,2,11,Yes
EMP0614,43,Non-binary,Single,Finance,Finance,Finance Manager,4,120546,10045.5,15,2,39,No,3,3,3,2,13,No
EMP0615,40,Female,Married,Computer Science,Sales,Account Manager,4,98089,8174.08,1,1,29,Yes,3,4,1,3,18,No
EMP0616,57,Female,Single,Other,Human Resources,HR Specialist,3,74446,6203.83,13,1,28,Yes,2,3,3,2,10,No
EMP0617,41,Non-binary,Married,Life Sciences,Marketing,Marketing Director,5,194493,16207.75,10,2,53,No,3,3,2,2,12,No
EMP0618,51,Non-binary,Single,Finance,Finance,Financial Analyst,1,79480,6623.33,10,8,53,No,3,3,3,2,10,No
EMP0619,23,Male,Single,Life Sciences,Marketing,Brand Manager,4,128032,10669.33,2,1,18,No,4,4,1,3,15,No
EMP0620,22,Male,Divorced,Finance,Technology,Software Engineer,1,77015,6417.92,1,0,28,No,4,4,2,2,14,No
EMP0621,25,Non-binary,Single,Human Resources,Sales,Sales Director,5,168939,14078.25,1,0,29,No,2,5,2,3,15,Yes
EMP0622,29,Non-binary,Single,Life Sciences,Sales,Sales Representative,1,61574,5131.17,7,6,13,No,3,3,2,2,14,No
EMP0623,50,Non-binary,Divorced,Computer Science,Finance,Senior Analyst,3,107111,8925.92,4,1,20,No,4,3,3,2,10,No
EMP0624,53,Male,Divorced,Marketing,Finance,Finance Director,5,220721,18393.42,3,3,36,No,2,3,2,2,14,Yes
EMP0625,50,Female,Married,Life Sciences,Finance,Finance Director,5,193147,16095.58,0,0,20,No,4,3,3,3,17,No
EMP0626,33,Non-binary,Single,Marketing,Marketing,Brand Manager,3,99177,8264.75,4,2,35,Yes,3,3,4,2,14,No
EMP0627,55,Male,Single,Other,Human Resources,HR Manager,3,121461,10121.75,2,0,11,No,2,2,2,4,25,Yes
EMP0628,37,Female,Single,Other,Finance,Finance Director,5,179218,14934.83,1,1,17,Yes,2,3,2,1,6,Yes
EMP0629,46,Female,Divorced,Human Resources,Marketing,Marketing Specialist,2,81092,6757.67,14,4,24,Yes,2,4,4,2,10,Yes
EMP0630,22,Male,Married,Human Resources,Marketing,Marketing Coordinator,1,62306,5192.17,1,0,23,No,3,3,3,2,11,No
EMP0631,50,Male,Divorced,Finance,Technology,QA Analyst,1,80637,6719.75,16,4,16,Yes,2,4,2,4,22,Yes
EMP0632,32,Male,Single,Human Resources,Marketing,Marketing Specialist,3,85029,7085.75,8,4,35,No,3,4,3,4,22,No
EMP0633,24,Male,Married,Marketing,Sales,Account Manager,4,93892,7824.33,1,0,45,No,3,4,5,2,13,Yes
EMP0634,24,Male,Single,Finance,Marketing,Marketing Coordinator,2,60688,5057.33,1,1,56,Yes,1,3,2,2,11,Yes
EMP0635,34,Non-binary,Divorced,Finance,Technology,QA Analyst,1,67685,5640.42,12,6,54,Yes,2,3,2,3,16,Yes
EMP0636,25,Female,Single,Computer Science,Marketing,Marketing Coordinator,1,62570,5214.17,4,0,10,No,2,1,1,2,12,Yes
EMP0637,37,Male,Single,Human Resources,Finance,Finance Director,5,218095,18174.58,3,0,14,No,3,3,4,2,11,No
EMP0638,41,Male,Divorced,Marketing,Sales,Account Manager,3,125482,10456.83,16,1,13,Yes,3,5,3,4,21,No
EMP0639,57,Female,Single,Marketing,Sales,Sales Representative,2,67883,5656.92,14,7,17,Yes,2,3,2,4,18,Yes
EMP0640,53,Female,Married,Finance,Finance,Financial Analyst,1,77429,6452.42,5,5,37,No,4,1,4,4,23,No
EMP0641,38,Non-binary,Single,Computer Science,Human Resources,HR Director,5,178019,14834.92,1,0,45,No,4,4,4,4,25,No
EMP0642,58,Non-binary,Married,Life Sciences,Finance,Finance Director,5,223865,18655.42,7,2,10,No,4,3,5,3,16,No
EMP0643,47,Female,Divorced,Marketing,Human Resources,HR Manager,3,134845,11237.08,0,0,17,No,4,4,4,2,10,No
EMP0644,51,Female,Married,Finance,Marketing,Marketing Specialist,2,83991,6999.25,2,1,49,No,5,3,3,3,16,No
EMP0645,30,Female,Divorced,Life Sciences,Sales,Sales Representative,1,66449,5537.42,0,0,21,No,4,4,1,3,14,No
EMP0646,38,Male,Single,Other,Human Resources,HR Associate,1,59459,4954.92,3,0,42,No,3,3,3,2,13,No
EMP0647,49,Male,Single,Computer Science,Human Resources,HR Manager,3,121747,10145.58,20,5,40,No,3,1,3,2,11,No
EMP0648,23,Female,Divorced,Life Sciences,Human Resources,HR Manager,4,119827,9985.58,2,0,52,No,3,5,2,2,11,No
EMP0649,58,Non-binary,Divorced,Other,Finance,Financial Analyst,2,82293,6857.75,1,1,52,No,3,3,4,2,11,No
EMP0650,45,Female,Married,Marketing,Technology,Senior Engineer,3,141864,11822.0,11,1,32,No,1,3,3,2,13,Yes
EMP0651,30,Non-binary,Single,Finance,Marketing,Marketing Specialist,2,74400,6200.0,5,2,17,Yes,2,5,2,3,15,No
EMP0652,22,Female,Single,Finance,Human Resources,HR Director,5,198683,16556.92,0,0,18,No,4,1,2,2,14,No
EMP0653,46,Male,Married,Life Sciences,Finance,Senior Analyst,4,102800,8566.67,10,5,47,No,2,4,2,4,25,No
EMP0654,50,Non-binary,Married,Marketing,Finance,Senior Analyst,4,128382,10698.5,2,0,10,No,3,4,3,2,14,No
EMP0655,39,Female,Single,Marketing,Finance,Finance Manager,4,153926,12827.17,16,8,37,No,3,4,5,1,6,No
EMP0656,39,Non-binary,Divorced,Marketing,Technology,Tech Lead,4,157769,13147.42,9,4,41,No,4,3,5,4,19,No
EMP0657,39,Female,Single,Life Sciences,Marketing,Marketing Specialist,2,66302,5525.17,17,8,22,Yes,3,1,1,2,13,No
EMP0658,51,Male,Single,Other,Technology,Department Director,5,238253,19854.42,13,7,26,Yes,1,3,2,3,15,Yes
EMP0659,54,Male,Married,Finance,Marketing,Marketing Coordinator,2,55315,4609.58,1,1,16,No,4,3,4,3,14,No
EMP0660,22,Female,Single,Human Resources,Finance,Senior Analyst,3,112385,9365.42,1,0,41,No,4,3,2,3,18,No
EMP0661,35,Female,Married,Computer Science,Finance,Senior Analyst,4,97543,8128.58,6,5,26,No,4,3,3,2,11,No
EMP0662,36,Male,Divorced,Finance,Finance,Finance Director,5,214180,17848.33,11,8,40,No,2,5,4,3,17,No
EMP0663,42,Female,Divorced,Finance,Technology,Senior Engineer,3,135899,11324.92,3,2,54,Yes,1,4,2,3,15,Yes
EMP0664,35,Male,Single,Human Resources,Human Resources,HR Manager,3,121950,10162.5,6,6,38,No,3,1,3,2,10,No
EMP0665,48,Female,Divorced,Life Sciences,Marketing,Marketing Specialist,3,68614,5717.83,19,5,18,No,1,4,4,2,12,No
EMP0666,57,Female,Divorced,Computer Science,Marketing,Marketing Specialist,2,71502,5958.5,5,4,35,No,2,4,5,2,11,No
EMP0667,37,Female,Single,Computer Science,Marketing,Marketing Coordinator,1,60889,5074.08,1,0,28,Yes,2,4,3,2,13,No
EMP0668,30,Non-binary,Married,Computer Science,Technology,Software Engineer,1,97222,8101.83,0,0,10,No,2,5,2,2,13,Yes
EMP0669,41,Male,Married,Human Resources,Technology,Tech Lead,4,163281,13606.75,3,2,51,No,3,3,3,2,12,No
EMP0670,56,Non-binary,Single,Finance,Technology,Department Director,5,227681,18973.42,12,5,58,No,2,3,5,2,11,No
EMP0671,52,Non-binary,Single,Other,Human Resources,HR Manager,3,100481,8373.42,3,1,23,No,3,3,2,3,17,No
EMP0672,58,Female,Single,Finance,Human Resources,HR Director,5,170411,14200.92,10,2,12,No,3,3,1,3,18,No
EMP0673,56,Male,Married,Other,Sales,Account Manager,3,121653,10137.75,16,8,57,No,1,2,4,2,10,Yes
EMP0674,32,Female,Married,Computer Science,Technology,Department Director,5,212452,17704.33,2,2,43,No,4,3,3,2,13,No
EMP0675,39,Non-binary,Married,Human Resources,Human Resources,HR Specialist,2,85145,7095.42,6,6,49,No,3,4,3,2,12,No
EMP0676,30,Female,Divorced,Other,Finance,Financial Analyst,1,70872,5906.0,2,1,14,No,1,4,2,2,13,Yes
EMP0677,51,Non-binary,Single,Computer Science,Human Resources,HR Specialist,2,68462,5705.17,6,2,28,No,4,4,3,3,17,No
EMP0678,57,Non-binary,Divorced,Other,Sales,Sales Representative,1,48374,4031.17,6,2,21,Yes,1,4,2,2,14,Yes
EMP0679,52,Female,Single,Computer Science,Sales,Sales Executive,2,84600,7050.0,4,1,40,No,3,4,1,2,13,No
EMP0680,52,Male,Married,Human Resources,Technology,Senior Engineer,3,139727,11643.92,12,7,32,Yes,2,3,3,4,22,No
EMP0681,49,Non-binary,Married,Finance,Human Resources,HR Associate,1,62267,5188.92,20,5,21,Yes,2,3,3,2,14,No
EMP0682,34,Male,Married,Life Sciences,Technology,Senior Engineer,3,149472,12456.0,3,0,47,Yes,1,3,2,3,14,Yes
EMP0683,47,Female,Divorced,Other,Human Resources,HR Manager,3,132498,11041.5,0,0,55,No,5,4,3,2,14,No
EMP0684,24,Male,Single,Human Resources,Sales,Sales Executive,3,83627,6968.92,0,0,36,No,2,3,4,2,14,Yes
EMP0685,23,Male,Divorced,Marketing,Sales,Account Manager,3,116422,9701.83,1,0,14,Yes,2,2,2,1,9,Yes
EMP0686,33,Non-binary,Divorced,Computer Science,Human Resources,HR Manager,3,102714,8559.5,5,3,46,No,1,5,2,4,20,No
EMP0687,33,Male,Divorced,Other,Technology,Senior Engineer,4,129255,10771.25,10,5,39,Yes,3,3,3,4,21,No
EMP0688,30,Male,Single,Finance,Human Resources,HR Specialist,2,86515,7209.58,5,3,24,No,3,2,5,2,13,No
EMP0689,53,Male,Divorced,Marketing,Human Resources,HR Director,5,191354,15946.17,5,0,47,No,3,3,4,2,12,No
EMP0690,54,Non-binary,Divorced,Marketing,Technology,QA Analyst,2,63461,5288.42,6,3,26,Yes,2,4,2,2,12,Yes
EMP0691,24,Male,Divorced,Computer Science,Human Resources,HR Associate,1,63581,5298.42,2,1,51,No,2,3,2,2,10,Yes
EMP0692,58,Non-binary,Married,Other,Finance,Finance Director,5,229663,19138.58,7,4,56,No,3,4,3,4,21,No
EMP0693,54,Female,Married,Finance,Human Resources,HR Director,5,188867,15738.92,0,0,20,No,5,4,5,4,21,No
EMP0694,58,Female,Single,Other,Human Resources,HR Associate,2,58134,4844.5,4,2,39,No,2,4,2,2,12,Yes
EMP0695,35,Male,Single,Other,Sales,Sales Executive,2,99527,8293.92,0,0,40,Yes,1,3,3,2,13,No
EMP0696,37,Female,Married,Life Sciences,Human Resources,HR Specialist,2,78718,6559.83,9,6,48,No,1,3,4,2,11,No
EMP0697,33,Female,Married,Marketing,Human Resources,HR Associate,1,61047,5087.25,1,0,18,No,1,3,2,2,11,Yes
EMP0698,46,Non-binary,Married,Computer Science,Human Resources,HR Director,5,161764,13480.33,5,3,53,No,2,4,3,3,17,No
EMP0699,22,Female,Married,Life Sciences,Marketing,Marketing Director,5,194977,16248.08,1,0,41,No,4,3,1,2,10,No
EMP0700,50,Non-binary,Married,Finance,Human Resources,HR Manager,3,106720,8893.33,13,8,58,No,4,2,3,4,22,Yes
EMP0701,51,Male,Single,Finance,Human Resources,HR Associate,1,64043,5336.92,14,5,13,No,4,3,3,2,10,No
EMP0702,33,Male,Married,Finance,Technology,Department Director,5,201275,16772.92,4,0,48,Yes,4,3,3,2,11,No
EMP0703,53,Male,Married,Marketing,Finance,Senior Analyst,4,129311,10775.92,18,7,12,Yes,2,2,4,3,17,Yes
EMP0704,43,Non-binary,Divorced,Marketing,Finance,Finance Director,5,176466,14705.5,5,5,26,No,4,1,5,4,21,No
EMP0705,41,Non-binary,Divorced,Human Resources,Sales,Sales Representative,1,60496,5041.33,6,6,37,Yes,4,2,3,2,11,No
EMP0706,39,Female,Married,Life Sciences,Technology,Department Director,5,223071,18589.25,4,2,27,No,4,4,2,2,12,No
EMP0707,40,Non-binary,Divorced,Human Resources,Finance,Finance Director,5,216600,18050.0,19,5,44,No,5,1,3,2,13,No
EMP0708,53,Female,Divorced,Other,Sales,Sales Director,5,176757,14729.75,12,0,52,No,5,4,3,2,11,No
EMP0709,55,Male,Married,Marketing,Human Resources,HR Director,5,194204,16183.67,14,0,19,No,2,3,3,4,18,No
EMP0710,40,Non-binary,Divorced,Finance,Sales,Sales Director,5,195231,16269.25,4,3,48,No,2,3,2,2,12,Yes
EMP0711,47,Non-binary,Married,Marketing,Sales,Sales Director,5,219012,18251.0,19,4,30,No,4,4,4,3,16,No
EMP0712,56,Male,Single,Finance,Finance,Finance Director,5,193761,16146.75,14,2,21,No,1,4,2,3,14,Yes
EMP0713,48,Male,Single,Other,Technology,QA Analyst,1,74978,6248.17,19,8,15,No,4,5,3,2,14,No
EMP0714,27,Male,Single,Other,Marketing,Marketing Director,5,186179,15514.92,4,1,20,No,4,3,3,3,15,No
EMP0715,40,Female,Single,Life Sciences,Marketing,Marketing Director,5,180093,15007.75,7,7,25,No,5,3,2,3,16,No
EMP0716,32,Female,Married,Other,Technology,Software Engineer,2,96630,8052.5,8,7,34,Yes,3,3,4,3,18,No
EMP0717,50,Male,Divorced,Computer Science,Human Resources,HR Director,5,197523,16460.25,1,1,35,No,3,4,3,2,11,No
EMP0718,29,Non-binary,Single,Marketing,Finance,Finance Manager,4,135929,11327.42,7,3,26,Yes,2,1,2,2,12,Yes
EMP0719,43,Male,Divorced,Marketing,Marketing,Brand Manager,3,99176,8264.67,4,4,28,Yes,4,4,4,3,18,No
EMP0720,52,Non-binary,Married,Other,Human Resources,HR Specialist,3,90776,7564.67,4,1,48,No,2,4,1,2,12,Yes
EMP0721,45,Non-binary,Divorced,Other,Marketing,Marketing Director,5,181258,15104.83,19,2,32,No,3,3,3,2,13,No
EMP0722,55,Male,Single,Finance,Finance,Financial Analyst,1,67121,5593.42,10,3,29,Yes,2,4,4,2,13,Yes
EMP0723,22,Non-binary,Divorced,Life Sciences,Sales,Account Manager,3,116115,9676.25,0,0,31,No,3,5,4,2,10,No
EMP0724,25,Male,Divorced,Human Resources,Sales,Sales Executive,2,86972,7247.67,1,0,54,No,2,5,3,2,11,No
EMP0725,26,Female,Divorced,Marketing,Technology,Senior Engineer,3,153382,12781.83,4,3,39,Yes,2,1,2,2,13,Yes
EMP0726,56,Non-binary,Single,Human Resources,Finance,Finance Manager,4,158123,13176.92,13,1,56,No,4,2,4,3,17,No
EMP0727,38,Male,Divorced,Marketing,Finance,Senior Analyst,3,126672,10556.0,16,4,51,No,4,3,3,2,12,No
EMP0728,29,Female,Married,Computer Science,Human Resources,HR Director,5,182491,15207.58,2,0,14,No,4,2,4,2,14,No
EMP0729,34,Female,Single,Life Sciences,Human Resources,HR Manager,3,129760,10813.33,7,1,53,No,4,4,2,2,13,No
EMP0730,32,Non-binary,Divorced,Life Sciences,Human Resources,HR Director,5,192827,16068.92,9,6,59,No,2,3,2,3,16,Yes
EMP0731,44,Non-binary,Married,Finance,Human Resources,HR Director,5,186915,15576.25,12,6,10,No,3,5,3,3,17,No
EMP0732,23,Non-binary,Single,Life Sciences,Human Resources,HR Manager,4,96551,8045.92,1,1,60,No,3,4,4,3,17,No
EMP0733,28,Female,Single,Life Sciences,Human Resources,HR Director,5,197268,16439.0,7,0,59,No,4,5,3,2,14,No
EMP0734,25,Female,Single,Other,Human Resources,HR Manager,3,123712,10309.33,2,0,40,Yes,3,3,3,2,11,No
EMP0735,58,Female,Divorced,Computer Science,Finance,Senior Analyst,3,112086,9340.5,17,8,28,No,2,4,4,3,16,No
EMP0736,45,Male,Divorced,Life Sciences,Sales,Account Manager,3,120199,10016.58,11,5,22,No,4,3,4,1,5,No
EMP0737,49,Male,Married,Computer Science,Marketing,Marketing Coordinator,2,61785,5148.75,11,0,46,No,1,3,2,3,17,Yes
EMP0738,26,Non-binary,Single,Human Resources,Technology,QA Analyst,2,72424,6035.33,1,0,46,No,4,5,4,3,17,No
EMP0739,51,Male,Divorced,Life Sciences,Human Resources,HR Associate,1,59134,4927.83,14,8,59,No,4,3,1,2,10,No
EMP0740,46,Female,Single,Life Sciences,Human Resources,HR Director,5,159862,13321.83,8,3,47,No,3,3,4,3,18,No
EMP0741,58,Female,Single,Life Sciences,Sales,Account Manager,3,91718,7643.17,17,0,59,Yes,2,1,2,3,15,Yes
EMP0742,39,Female,Single,Marketing,Technology,Senior Engineer,4,143812,11984.33,3,3,11,No,4,4,3,2,13,No
EMP0743,46,Non-binary,Single,Computer Science,Sales,Sales Representative,1,51869,4322.42,3,3,57,No,4,3,2,4,23,No
EMP0744,54,Female,Married,Computer Science,Technology,Department Director,5,232652,19387.67,13,6,16,Yes,4,4,2,2,10,No
EMP0745,46,Male,Single,Marketing,Human Resources,HR Associate,1,56159,4679.92,5,4,10,Yes,2,4,2,3,16,Yes
EMP0746,32,Male,Single,Life Sciences,Marketing,Marketing Specialist,3,86910,7242.5,2,1,17,No,1,3,3,2,12,No
EMP0747,23,Female,Married,Computer Science,Finance,Financial Analyst,2,69729,5810.75,1,0,44,No,3,3,2,1,6,Yes
EMP0748,29,Male,Married,Finance,Marketing,Marketing Director,5,158808,13234.0,0,0,29,No,4,3,3,2,14,No
EMP0749,28,Male,Married,Other,Marketing,Marketing Specialist,2,81866,6822.17,2,0,24,No,4,4,3,3,15,No
EMP0750,33,Non-binary,Divorced,Marketing,Human Resources,HR Director,5,193801,16150.08,9,8,43,No,4,4,2,2,11,No
EMP0751,24,Non-binary,Married,Other,Technology,Senior Engineer,4,115938,9661.5,1,0,60,Yes,2,1,2,2,14,Yes
EMP0752,51,Non-binary,Married,Human Resources,Finance,Financial Analyst,2,86478,7206.5,16,5,31,No,2,3,4,3,17,No
EMP0753,43,Non-binary,Married,Computer Science,Human Resources,HR Director,5,192093,16007.75,0,0,44,Yes,1,3,1,2,12,Yes
EMP0754,27,Non-binary,Single,Finance,Marketing,Marketing Specialist,2,87301,7275.08,1,0,22,No,2,4,2,3,18,Yes
EMP0755,56,Female,Divorced,Human Resources,Sales,Account Manager,3,100855,8404.58,20,3,58,No,3,5,3,2,10,No
EMP0756,47,Male,Married,Human Resources,Finance,Finance Director,5,205671,17139.25,10,2,56,No,1,3,3,2,14,No
EMP0757,26,Female,Married,Life Sciences,Sales,Sales Director,5,213899,17824.92,1,0,35,No,4,3,2,3,14,Yes
EMP0758,30,Male,Single,Other,Marketing,Marketing Specialist,2,69666,5805.5,4,2,10,No,3,3,4,2,11,No
EMP0759,41,Female,Divorced,Other,Marketing,Marketing Director,5,160071,13339.25,2,2,31,No,5,1,4,2,13,No
EMP0760,32,Non-binary,Divorced,Finance,Human Resources,HR Specialist,2,70902,5908.5,11,5,25,No,4,4,5,2,10,No
EMP0761,39,Non-binary,Divorced,Marketing,Human Resources,HR Manager,3,111465,9288.75,11,1,10,Yes,3,3,2,3,14,No
EMP0762,53,Non-binary,Divorced,Human Resources,Finance,Finance Director,5,177759,14813.25,19,1,47,No,4,2,2,4,21,No
EMP0763,48,Male,Divorced,Other,Technology,Tech Lead,4,178851,14904.25,14,8,12,No,2,4,2,3,14,Yes
EMP0764,43,Female,Married,Finance,Technology,Department Director,5,235668,19639.0,8,5,53,Yes,5,3,3,2,12,No
EMP0765,32,Female,Divorced,Human Resources,Human Resources,HR Director,5,199369,16614.08,5,1,41,No,3,4,4,3,15,No
EMP0766,41,Female,Divorced,Computer Science,Finance,Finance Manager,4,161908,13492.33,5,3,22,No,4,3,4,3,15,No
EMP0767,42,Female,Single,Life Sciences,Marketing,Brand Manager,4,126731,10560.92,9,8,44,Yes,3,1,1,4,24,No
EMP0768,31,Non-binary,Married,Human Resources,Human Resources,HR Director,5,158718,13226.5,6,0,57,No,4,3,3,2,11,No
EMP0769,24,Female,Divorced,Life Sciences,Human Resources,HR Associate,1,55175,4597.92,1,0,38,No,2,1,3,1,9,No
EMP0770,50,Male,Divorced,Human Resources,Marketing,Marketing Specialist,2,81992,6832.67,18,6,50,No,5,3,3,3,16,No
EMP0771,38,Male,Married,Marketing,Sales,Account Manager,3,95048,7920.67,4,2,54,Yes,2,2,4,2,13,No
EMP0772,28,Non-binary,Single,Other,Human Resources,HR Specialist,2,86817,7234.75,0,0,39,No,3,3,5,2,14,No
EMP0773,25,Male,Married,Other,Sales,Sales Representative,1,47143,3928.58,2,2,26,No,4,4,3,3,15,No
EMP0774,35,Non-binary,Married,Marketing,Marketing,Brand Manager,3,127346,10612.17,12,8,36,Yes,3,4,3,3,16,No
EMP0775,26,Non-binary,Single,Human Resources,Finance,Senior Analyst,4,111305,9275.42,4,1,21,Yes,5,4,3,2,13,No
EMP0776,46,Non-binary,Married,Life Sciences,Human Resources,HR Specialist,2,79637,6636.42,5,5,37,No,3,2,3,2,10,No
EMP0777,28,Non-binary,Married,Computer Science,Marketing,Marketing Coordinator,2,46938,3911.5,5,0,20,Yes,5,1,3,3,18,No
EMP0778,26,Female,Single,Other,Marketing,Marketing Director,5,161913,13492.75,4,1,32,Yes,4,2,3,2,11,No
EMP0779,50,Female,Divorced,Computer Science,Marketing,Marketing Coordinator,2,55212,4601.0,9,1,32,No,3,2,2,2,11,No
EMP0780,43,Male,Divorced,Human Resources,Finance,Finance Director,5,182627,15218.92,17,1,31,Yes,1,5,2,1,5,No
EMP0781,52,Non-binary,Divorced,Human Resources,Technology,QA Analyst,1,76456,6371.33,10,8,46,No,3,3,3,2,12,No
EMP0782,34,Male,Divorced,Finance,Finance,Finance Director,5,199711,16642.58,1,1,11,No,3,3,3,2,12,No
EMP0783,25,Non-binary,Single,Life Sciences,Technology,Tech Lead,5,187439,15619.92,4,1,51,Yes,1,1,5,2,14,Yes
EMP0784,49,Non-binary,Divorced,Human Resources,Sales,Account Manager,3,92930,7744.17,6,0,39,No,4,4,2,2,11,No
EMP0785,22,Female,Married,Life Sciences,Technology,Tech Lead,4,165754,13812.83,1,0,34,No,3,4,1,2,11,No
EMP0786,38,Male,Divorced,Human Resources,Human Resources,HR Specialist,3,89408,7450.67,8,6,54,Yes,4,3,4,3,16,No
EMP0787,47,Female,Divorced,Finance,Sales,Sales Executive,2,82496,6874.67,3,1,60,Yes,2,3,2,3,17,Yes
EMP0788,58,Male,Single,Computer Science,Finance,Senior Analyst,4,127634,10636.17,6,1,43,No,3,2,3,3,15,No
EMP0789,26,Female,Married,Human Resources,Human Resources,HR Director,5,198388,16532.33,1,1,48,No,2,3,2,3,16,Yes
EMP0790,31,Male,Married,Life Sciences,Human Resources,HR Director,5,163149,13595.75,10,0,35,No,5,3,3,3,16,No
EMP0791,50,Female,Married,Computer Science,Sales,Account Manager,3,99395,8282.92,17,5,13,Yes,1,3,1,3,16,Yes
EMP0792,28,Non-binary,Single,Computer Science,Finance,Financial Analyst,1,91663,7638.58,6,6,46,Yes,2,4,3,3,17,No
EMP0793,46,Male,Divorced,Human Resources,Finance,Finance Director,5,224025,18668.75,7,7,49,No,5,4,3,3,17,No
EMP0794,45,Female,Single,Marketing,Sales,Sales Director,5,176856,14738.0,5,2,57,Yes,3,2,2,2,11,No
EMP0795,30,Non-binary,Married,Life Sciences,Finance,Finance Director,5,202376,16864.67,7,7,38,No,3,3,4,2,14,No
EMP0796,35,Non-binary,Single,Human Resources,Sales,Account Manager,4,125927,10493.92,13,6,33,No,2,2,2,3,16,No
EMP0797,48,Female,Single,Life Sciences,Human Resources,HR Specialist,2,84957,7079.75,13,2,38,Yes,1,4,1,3,15,Yes
EMP0798,34,Female,Married,Marketing,Finance,Senior Analyst,4,103556,8629.67,12,7,30,No,4,3,4,1,5,No
EMP0799,27,Female,Single,Computer Science,Human Resources,HR Associate,1,59688,4974.0,1,0,23,Yes,1,4,2,2,12,Yes
EMP0800,28,Non-binary,Single,Life Sciences,Sales,Sales Director,5,167762,13980.17,6,1,45,No,3,5,4,4,19,No
EMP0801,31,Male,Single,Computer Science,Sales,Sales Director,5,190986,15915.5,6,3,20,No,3,5,3,2,14,No
EMP0802,23,Male,Divorced,Human Resources,Human Resources,HR Manager,4,119246,9937.17,0,0,21,Yes,2,3,1,3,15,No
EMP0803,42,Male,Divorced,Computer Science,Human Resources,HR Director,5,151045,12587.08,19,6,20,No,3,3,5,4,18,No
EMP0804,32,Female,Divorced,Life Sciences,Human Resources,HR Manager,3,123373,10281.08,5,0,27,No,4,3,2,2,11,No
EMP0805,22,Non-binary,Divorced,Computer Science,Human Resources,HR Director,5,163083,13590.25,1,1,34,Yes,2,4,2,3,17,Yes
EMP0806,44,Non-binary,Married,Human Resources,Sales,Sales Director,5,178457,14871.42,8,1,38,No,1,4,2,2,10,Yes
EMP0807,28,Female,Single,Life Sciences,Human Resources,HR Associate,1,55764,4647.0,1,0,10,No,4,3,5,2,14,No
EMP0808,51,Non-binary,Married,Other,Technology,QA Analyst,1,78073,6506.08,4,1,57,No,2,4,2,2,11,Yes
EMP0809,46,Male,Divorced,Human Resources,Sales,Sales Director,5,213579,17798.25,6,5,41,No,2,3,2,3,14,Yes
EMP0810,27,Female,Single,Marketing,Sales,Sales Executive,2,79966,6663.83,1,0,30,No,2,3,4,2,13,No
EMP0811,40,Female,Married,Marketing,Human Resources,HR Specialist,2,89457,7454.75,8,4,58,Yes,1,3,5,3,17,Yes
EMP0812,50,Female,Divorced,Other,Technology,Tech Lead,4,173689,14474.08,19,1,46,Yes,3,3,3,2,13,No
EMP0813,34,Female,Divorced,Life Sciences,Technology,Tech Lead,4,180254,15021.17,5,3,39,No,3,2,4,2,10,No
EMP0814,42,Male,Divorced,Life Sciences,Finance,Finance Manager,4,163369,13614.08,5,1,47,No,2,1,2,2,11,Yes
EMP0815,41,Non-binary,Married,Life Sciences,Sales,Sales Director,5,199768,16647.33,15,6,37,No,2,5,1,4,19,No
EMP0816,52,Non-binary,Married,Life Sciences,Sales,Sales Director,5,212666,17722.17,6,3,41,Yes,2,2,3,2,10,No
EMP0817,55,Male,Married,Other,Human Resources,HR Specialist,2,83516,6959.67,2,0,38,No,2,5,4,4,23,No
EMP0818,52,Male,Divorced,Marketing,Marketing,Brand Manager,3,98331,8194.25,10,3,55,No,2,4,3,2,10,Yes
EMP0819,46,Female,Divorced,Marketing,Technology,QA Analyst,1,74745,6228.75,8,1,38,Yes,2,4,2,3,17,Yes
EMP0820,42,Male,Divorced,Finance,Marketing,Marketing Specialist,3,75486,6290.5,15,5,48,No,2,4,2,4,19,Yes
EMP0821,34,Non-binary,Divorced,Marketing,Sales,Sales Director,5,187721,15643.42,11,0,29,Yes,1,1,3,2,13,No
EMP0822,31,Male,Divorced,Finance,Marketing,Marketing Specialist,2,89853,7487.75,5,0,27,No,2,4,3,2,12,No
EMP0823,29,Female,Married,Human Resources,Finance,Finance Manager,4,144577,12048.08,8,0,50,No,3,2,3,3,16,No
EMP0824,58,Female,Divorced,Computer Science,Sales,Sales Director,5,164186,13682.17,2,0,19,Yes,2,4,2,2,10,Yes
EMP0825,53,Male,Divorced,Computer Science,Marketing,Marketing Director,5,192062,16005.17,12,2,45,No,4,3,2,4,22,No
EMP0826,25,Non-binary,Divorced,Human Resources,Technology,Software Engineer,1,84779,7064.92,3,0,12,Yes,1,2,3,2,13,Yes
EMP0827,53,Female,Divorced,Other,Finance,Financial Analyst,1,84322,7026.83,1,0,24,No,1,4,2,2,11,Yes
EMP0828,22,Non-binary,Divorced,Human Resources,Human Resources,HR Manager,3,128481,10706.75,1,0,22,No,3,2,4,2,12,No
EMP0829,50,Non-binary,Divorced,Other,Marketing,Marketing Director,5,163408,13617.33,5,0,12,No,2,5,2,3,16,No
EMP0830,35,Non-binary,Married,Marketing,Finance,Financial Analyst,1,72530,6044.17,9,4,23,No,3,3,2,2,13,No
EMP0831,46,Non-binary,Married,Finance,Finance,Senior Analyst,4,126468,10539.0,17,4,60,No,4,3,3,3,14,No
EMP0832,22,Male,Single,Marketing,Finance,Finance Director,5,222759,18563.25,0,0,16,Yes,1,2,2,2,13,Yes
EMP0833,24,Female,Married,Life Sciences,Human Resources,HR Director,5,163412,13617.67,0,0,50,No,4,1,5,2,10,Yes
EMP0834,51,Non-binary,Divorced,Human Resources,Human Resources,HR Manager,3,131911,10992.58,15,1,56,No,2,3,3,1,8,No
EMP0835,48,Female,Single,Human Resources,Technology,Software Engineer,2,88404,7367.0,9,7,22,No,1,3,4,2,13,No
EMP0836,24,Non-binary,Married,Human Resources,Finance,Senior Analyst,4,98099,8174.92,2,1,15,No,3,3,2,3,16,No
EMP0837,56,Female,Married,Other,Human Resources,HR Director,5,161400,13450.0,18,6,33,No,3,3,4,3,17,No
EMP0838,48,Male,Married,Computer Science,Marketing,Brand Manager,4,111810,9317.5,11,7,38,No,4,2,1,2,11,No
EMP0839,56,Non-binary,Divorced,Life Sciences,Marketing,Marketing Specialist,3,71744,5978.67,12,1,36,No,5,3,3,2,12,No
EMP0840,32,Non-binary,Single,Other,Human Resources,HR Director,5,157662,13138.5,5,5,33,No,3,4,3,2,13,No
EMP0841,28,Female,Divorced,Other,Finance,Senior Analyst,4,107342,8945.17,0,0,60,No,2,3,2,3,16,Yes
EMP0842,35,Non-binary,Divorced,Computer Science,Sales,Sales Representative,1,54692,4557.67,1,0,21,No,4,1,3,2,12,No
EMP0843,22,Non-binary,Divorced,Marketing,Human Resources,HR Director,5,174570,14547.5,0,0,29,No,3,3,3,1,8,No
EMP0844,53,Male,Married,Computer Science,Human Resources,HR Director,5,175149,14595.75,17,1,37,No,4,3,5,2,10,No
EMP0845,53,Female,Married,Marketing,Marketing,Marketing Coordinator,1,48080,4006.67,14,6,57,Yes,2,3,2,3,17,Yes
EMP0846,22,Non-binary,Single,Human Resources,Technology,QA Analyst,1,71451,5954.25,0,0,39,Yes,2,4,2,2,10,No
EMP0847,53,Female,Married,Marketing,Sales,Sales Representative,1,55859,4654.92,13,1,53,Yes,4,2,3,3,15,No
EMP0848,24,Male,Single,Life Sciences,Human Resources,HR Director,5,164990,13749.17,3,0,16,Yes,2,5,2,2,13,Yes
EMP0849,45,Non-binary,Divorced,Computer Science,Finance,Finance Director,5,177197,14766.42,8,6,45,No,1,2,4,3,17,Yes
EMP0850,30,Female,Single,Life Sciences,Technology,QA Analyst,1,61439,5119.92,7,5,45,Yes,1,4,1,2,11,Yes
EMP0851,47,Female,Married,Computer Science,Marketing,Marketing Coordinator,1,53712,4476.0,18,8,10,Yes,2,3,2,2,13,Yes
EMP0852,33,Male,Divorced,Other,Marketing,Marketing Coordinator,1,49160,4096.67,8,2,58,Yes,3,5,3,3,16,No
EMP0853,38,Male,Single,Finance,Technology,Tech Lead,5,151813,12651.08,6,5,56,No,3,4,4,3,15,No
EMP0854,54,Male,Divorced,Other,Sales,Sales Executive,2,93849,7820.75,15,1,37,No,3,4,4,3,14,No
EMP0855,47,Male,Married,Other,Human Resources,HR Manager,4,134668,11222.33,10,4,40,No,3,4,4,3,18,No
EMP0856,58,Female,Married,Marketing,Technology,Department Director,5,202440,16870.0,17,8,49,No,3,3,3,2,14,No
EMP0857,42,Female,Divorced,Life Sciences,Human Resources,HR Manager,3,116954,9746.17,16,6,27,No,3,4,4,3,15,No
EMP0858,40,Female,Divorced,Other,Human Resources,HR Manager,3,125322,10443.5,18,8,21,Yes,2,3,2,3,16,Yes
EMP0859,53,Male,Single,Finance,Finance,Finance Manager,5,150086,12507.17,17,5,19,No,1,2,2,2,13,Yes
EMP0860,38,Male,Married,Human Resources,Marketing,Brand Manager,3,117557,9796.42,6,2,13,No,2,3,2,2,12,Yes
EMP0861,45,Female,Single,Computer Science,Human Resources,HR Associate,1,56795,4732.92,4,0,57,No,2,4,3,1,7,No
EMP0862,39,Male,Married,Life Sciences,Sales,Sales Executive,2,92480,7706.67,17,5,25,Yes,2,3,1,3,15,Yes
EMP0863,32,Female,Divorced,Other,Marketing,Brand Manager,4,98163,8180.25,1,0,36,Yes,3,2,2,2,11,No
EMP0864,49,Non-binary,Divorced,Finance,Finance,Senior Analyst,3,100373,8364.42,13,7,38,Yes,4,4,4,3,15,No
EMP0865,53,Male,Divorced,Marketing,Human Resources,HR Associate,1,60710,5059.17,14,3,33,Yes,1,4,2,2,11,Yes
EMP0866,37,Non-binary,Married,Life Sciences,Finance,Finance Director,5,176590,14715.83,7,1,38,No,1,4,3,1,8,No
EMP0867,49,Female,Married,Marketing,Human Resources,HR Specialist,2,76515,6376.25,15,2,20,Yes,3,3,3,1,8,Yes
EMP0868,27,Non-binary,Single,Computer Science,Marketing,Marketing Coordinator,1,62211,5184.25,2,1,19,Yes,4,3,5,2,14,Yes
EMP0869,25,Non-binary,Divorced,Other,Sales,Account Manager,3,117739,9811.58,1,0,11,No,2,4,1,2,11,No
EMP0870,51,Non-binary,Married,Other,Sales,Sales Executive,2,87242,7270.17,7,0,30,No,4,3,1,2,10,No
EMP0871,32,Female,Married,Life Sciences,Sales,Sales Executive,3,99064,8255.33,9,4,39,Yes,1,2,2,3,14,No
EMP0872,30,Female,Married,Finance,Marketing,Marketing Director,5,194402,16200.17,6,4,44,No,4,3,4,2,14,No
EMP0873,47,Male,Divorced,Finance,Sales,Sales Director,5,168273,14022.75,1,0,14,No,3,3,3,2,13,No
EMP0874,23,Male,Married,Life Sciences,Technology,Senior Engineer,3,156841,13070.08,0,0,38,No,4,4,4,2,11,Yes
EMP0875,50,Male,Married,Finance,Finance,Finance Director,5,199351,16612.58,6,3,18,No,1,5,2,4,22,Yes
EMP0876,46,Non-binary,Married,Computer Science,Marketing,Brand Manager,3,123591,10299.25,17,7,12,No,4,3,3,2,14,No
EMP0877,28,Female,Divorced,Other,Marketing,Brand Manager,3,123391,10282.58,3,2,11,No,3,4,3,2,12,No
EMP0878,55,Non-binary,Single,Finance,Finance,Finance Director,5,225045,18753.75,16,0,52,No,4,4,1,4,24,No
EMP0879,50,Non-binary,Divorced,Other,Human Resources,HR Specialist,2,74433,6202.75,2,2,34,Yes,2,1,1,2,11,Yes
EMP0880,31,Male,Divorced,Human Resources,Human Resources,HR Specialist,2,70170,5847.5,2,0,26,No,2,3,2,2,13,Yes
EMP0881,43,Non-binary,Divorced,Marketing,Finance,Finance Manager,4,155908,12992.33,10,5,43,Yes,2,4,2,2,11,Yes
EMP0882,52,Male,Married,Human Resources,Human Resources,HR Director,5,197466,16455.5,12,0,47,No,4,2,2,2,11,No
EMP0883,37,Male,Single,Computer Science,Marketing,Brand Manager,3,116204,9683.67,13,5,29,Yes,2,3,5,2,10,No
EMP0884,49,Female,Married,Finance,Technology,Tech Lead,5,157748,13145.67,9,3,41,No,3,5,3,2,11,No
EMP0885,32,Male,Single,Human Resources,Human Resources,HR Director,5,155431,12952.58,1,0,15,No,1,3,3,2,11,No
EMP0886,22,Male,Single,Computer Science,Sales,Account Manager,4,114036,9503.0,1,0,12,Yes,3,2,5,1,5,No
EMP0887,34,Female,Married,Finance,Technology,Tech Lead,4,184477,15373.08,1,1,18,Yes,2,3,2,2,14,Yes
EMP0888,47,Male,Divorced,Life Sciences,Finance,Finance Director,5,198511,16542.58,16,4,28,No,4,3,5,3,16,No
EMP0889,35,Female,Married,Life Sciences,Sales,Sales Representative,1,64257,5354.75,14,1,19,Yes,2,2,1,3,18,Yes
EMP0890,48,Female,Divorced,Other,Marketing,Brand Manager,4,103747,8645.58,15,0,33,Yes,1,1,1,2,11,Yes
EMP0891,47,Non-binary,Married,Finance,Sales,Account Manager,4,117679,9806.58,10,2,10,No,2,3,2,3,16,Yes
EMP0892,37,Non-binary,Divorced,Finance,Human Resources,HR Specialist,3,81692,6807.67,1,0,50,No,3,4,3,2,14,No
EMP0893,31,Male,Divorced,Other,Marketing,Brand Manager,3,124651,10387.58,9,3,37,No,4,1,5,2,12,No
EMP0894,51,Female,Married,Marketing,Technology,Department Director,5,218621,18218.42,20,1,40,No,3,3,4,2,12,No
EMP0895,36,Male,Married,Marketing,Technology,Senior Engineer,3,152982,12748.5,8,6,26,Yes,2,3,4,1,5,No
EMP0896,39,Non-binary,Divorced,Finance,Technology,QA Analyst,2,79010,6584.17,9,0,41,No,2,4,3,2,11,No
EMP0897,46,Non-binary,Divorced,Marketing,Sales,Sales Executive,2,103147,8595.58,2,1,51,Yes,2,2,4,2,12,No
EMP0898,48,Female,Married,Life Sciences,Sales,Account Manager,3,108925,9077.08,9,8,54,No,1,5,4,3,14,No
EMP0899,26,Male,Single,Computer Science,Finance,Finance Manager,4,155035,12919.58,3,0,40,No,3,2,4,2,13,No
EMP0900,56,Male,Divorced,Computer Science,Marketing,Marketing Coordinator,2,50317,4193.08,4,2,20,No,4,2,5,3,16,Yes
EMP0901,49,Female,Divorced,Finance,Sales,Sales Executive,2,106681,8890.08,18,1,57,Yes,2,5,2,2,12,Yes
EMP0902,50,Female,Single,Human Resources,Human Resources,HR Associate,2,60207,5017.25,20,5,36,No,1,3,3,2,10,No
EMP0903,57,Female,Divorced,Life Sciences,Finance,Finance Director,5,211279,17606.58,17,5,17,No,1,4,3,2,13,Yes
EMP0904,25,Male,Divorced,Life Sciences,Human Resources,HR Director,5,160029,13335.75,2,1,36,No,5,3,3,3,17,Yes
EMP0905,42,Female,Divorced,Computer Science,Sales,Sales Representative,1,48118,4009.83,8,5,30,No,2,3,4,2,12,Yes
EMP0906,56,Female,Divorced,Human Resources,Marketing,Brand Manager,4,109499,9124.92,3,3,58,No,2,4,2,2,10,Yes
EMP0907,22,Female,Married,Computer Science,Finance,Finance Manager,4,127005,10583.75,1,0,47,No,4,3,3,2,14,No
EMP0908,28,Non-binary,Single,Finance,Sales,Sales Executive,2,108402,9033.5,3,3,10,No,4,4,4,3,17,No
EMP0909,25,Male,Single,Human Resources,Finance,Senior Analyst,4,114182,9515.17,2,0,35,No,3,4,3,3,14,No
EMP0910,38,Non-binary,Divorced,Finance,Technology,Software Engineer,1,82528,6877.33,8,2,46,Yes,4,2,4,1,6,No
EMP0911,26,Non-binary,Married,Life Sciences,Sales,Account Manager,4,127655,10637.92,0,0,51,Yes,2,4,3,2,11,No
EMP0912,29,Male,Married,Finance,Finance,Finance Manager,4,133208,11100.67,2,0,34,No,4,4,4,2,12,No
EMP0913,38,Female,Married,Finance,Sales,Sales Representative,2,46952,3912.67,14,8,28,Yes,2,3,3,3,17,No
EMP0914,55,Female,Divorced,Finance,Human Resources,HR Manager,3,124448,10370.67,6,5,27,No,2,3,2,2,11,Yes
EMP0915,53,Male,Single,Human Resources,Marketing,Marketing Specialist,2,88633,7386.08,11,8,26,No,3,4,4,3,14,Yes
EMP0916,28,Female,Married,Marketing,Sales,Sales Executive,2,109624,9135.33,0,0,19,No,3,4,3,2,10,No
EMP0917,33,Female,Divorced,Marketing,Finance,Finance Manager,4,137821,11485.08,9,3,50,No,4,4,3,2,13,No
EMP0918,37,Male,Single,Marketing,Human Resources,HR Director,5,199737,16644.75,7,5,41,Yes,4,1,1,2,13,No
EMP0919,35,Male,Married,Human Resources,Technology,Software Engineer,1,105950,8829.17,7,2,24,No,2,2,2,4,24,Yes
EMP0920,50,Female,Single,Marketing,Sales,Sales Representative,1,53202,4433.5,19,8,57,No,4,1,4,2,10,No
EMP0921,53,Female,Married,Marketing,Technology,Software Engineer,1,85029,7085.75,18,4,10,Yes,2,3,2,1,5,No
EMP0922,58,Female,Divorced,Marketing,Sales,Sales Executive,3,90349,7529.08,1,0,22,No,2,3,1,2,14,Yes
EMP0923,35,Male,Divorced,Marketing,Finance,Senior Analyst,3,105424,8785.33,7,6,10,Yes,1,2,2,2,11,Yes
EMP0924,28,Male,Single,Other,Sales,Account Manager,4,126372,10531.0,5,3,20,No,3,4,2,2,11,No
EMP0925,50,Male,Married,Marketing,Marketing,Marketing Specialist,3,65656,5471.33,6,3,28,No,3,5,4,2,11,No
EMP0926,36,Non-binary,Divorced,Human Resources,Technology,QA Analyst,1,84797,7066.42,4,0,43,Yes,4,4,3,3,18,No
EMP0927,37,Non-binary,Divorced,Computer Science,Human Resources,HR Associate,1,58881,4906.75,4,1,12,No,4,3,4,2,10,No
EMP0928,50,Female,Married,Other,Marketing,Marketing Coordinator,2,55546,4628.83,14,2,53,Yes,3,1,3,3,14,No
EMP0929,23,Female,Married,Life Sciences,Marketing,Marketing Coordinator,1,51239,4269.92,1,0,38,No,2,3,2,3,18,Yes
EMP0930,44,Male,Married,Other,Technology,QA Analyst,1,79658,6638.17,9,4,20,Yes,3,4,2,2,10,Yes
EMP0931,40,Non-binary,Divorced,Computer Science,Human Resources,HR Director,5,180728,15060.67,1,1,39,Yes,3,1,3,2,12,Yes
EMP0932,39,Non-binary,Single,Finance,Finance,Financial Analyst,1,69891,5824.25,8,8,24,No,3,1,3,2,14,No
EMP0933,24,Non-binary,Divorced,Computer Science,Finance,Financial Analyst,1,72877,6073.08,3,3,49,No,2,4,2,4,20,Yes
EMP0934,25,Female,Married,Marketing,Marketing,Marketing Coordinator,2,62343,5195.25,0,0,26,No,3,4,2,4,25,No
EMP0935,37,Non-binary,Single,Finance,Sales,Sales Representative,1,52937,4411.42,4,0,19,No,4,3,2,2,12,No
EMP0936,32,Female,Single,Finance,Sales,Account Manager,4,124624,10385.33,6,1,16,Yes,3,2,3,2,13,Yes
EMP0937,45,Male,Single,Life Sciences,Finance,Senior Analyst,4,119185,9932.08,10,8,53,Yes,1,4,2,2,12,Yes
EMP0938,40,Non-binary,Divorced,Human Resources,Marketing,Marketing Coordinator,2,48570,4047.5,11,3,45,No,3,4,3,3,15,No
EMP0939,25,Non-binary,Divorced,Marketing,Technology,Tech Lead,4,153769,12814.08,2,0,23,No,2,4,3,3,16,No
EMP0940,29,Male,Divorced,Life Sciences,Sales,Sales Representative,1,68308,5692.33,7,7,56,No,2,1,5,2,10,No
EMP0941,34,Male,Single,Life Sciences,Finance,Finance Manager,5,122569,10214.08,6,6,12,No,5,5,3,2,12,No
EMP0942,28,Male,Divorced,Finance,Marketing,Marketing Coordinator,1,51056,4254.67,3,0,11,No,3,3,3,3,18,No
EMP0943,37,Non-binary,Married,Marketing,Finance,Finance Director,5,192294,16024.5,9,1,56,No,5,4,4,2,14,No
EMP0944,30,Female,Single,Marketing,Marketing,Marketing Coordinator,2,62234,5186.17,9,4,16,No,2,3,3,3,18,Yes
EMP0945,34,Female,Divorced,Life Sciences,Sales,Sales Executive,2,104575,8714.58,4,2,31,Yes,1,5,3,2,14,Yes
EMP0946,24,Male,Divorced,Computer Science,Human Resources,HR Specialist,2,80959,6746.58,3,3,60,No,3,2,4,2,10,No
EMP0947,34,Female,Divorced,Life Sciences,Human Resources,HR Director,5,176072,14672.67,9,1,58,Yes,1,3,2,2,11,No
EMP0948,38,Male,Married,Computer Science,Finance,Senior Analyst,3,102128,8510.67,15,7,37,No,4,2,2,2,12,Yes
EMP0949,29,Female,Married,Human Resources,Technology,QA Analyst,2,80567,6713.92,3,2,29,Yes,2,5,2,2,11,Yes
EMP0950,29,Female,Single,Other,Human Resources,HR Director,5,195292,16274.33,0,0,48,No,3,5,3,2,12,No
EMP0951,33,Female,Divorced,Finance,Human Resources,HR Specialist,2,87590,7299.17,11,6,59,No,4,4,4,3,18,No
EMP0952,51,Female,Divorced,Marketing,Sales,Account Manager,3,127274,10606.17,7,2,31,No,3,4,4,2,11,No
EMP0953,34,Female,Single,Life Sciences,Human Resources,HR Specialist,3,82086,6840.5,6,4,45,No,1,4,1,2,11,Yes
EMP0954,48,Female,Divorced,Finance,Sales,Sales Executive,2,89949,7495.75,16,3,30,No,4,3,3,4,20,No
EMP0955,57,Female,Married,Computer Science,Human Resources,HR Director,5,193488,16124.0,3,1,54,No,3,1,4,3,17,No
EMP0956,44,Non-binary,Divorced,Life Sciences,Finance,Finance Manager,4,156085,13007.08,12,6,32,No,1,4,1,2,13,Yes
EMP0957,31,Female,Divorced,Marketing,Marketing,Brand Manager,4,97876,8156.33,4,1,59,No,3,3,4,2,14,No
EMP0958,24,Female,Single,Finance,Sales,Sales Representative,1,61839,5153.25,3,3,34,Yes,1,4,3,2,11,No
EMP0959,43,Female,Single,Computer Science,Finance,Financial Analyst,1,74150,6179.17,2,1,50,No,2,3,2,3,18,Yes
EMP0960,50,Non-binary,Married,Other,Sales,Sales Representative,2,52225,4352.08,20,4,27,Yes,3,3,3,3,17,No
EMP0961,47,Male,Divorced,Life Sciences,Marketing,Marketing Specialist,2,83201,6933.42,2,2,41,No,4,5,5,4,19,No
EMP0962,38,Female,Married,Human Resources,Marketing,Brand Manager,3,102797,8566.42,6,1,39,Yes,4,5,2,2,12,No
EMP0963,47,Female,Married,Human Resources,Technology,Department Director,5,180697,15058.08,6,6,20,No,1,2,2,2,13,Yes
EMP0964,42,Female,Married,Finance,Marketing,Brand Manager,3,102477,8539.75,6,3,14,No,3,3,3,3,15,No
EMP0965,42,Female,Single,Finance,Human Resources,HR Associate,2,51097,4258.08,13,4,28,No,2,3,3,2,13,No
EMP0966,31,Male,Divorced,Finance,Marketing,Marketing Specialist,3,67463,5621.92,0,0,20,No,4,4,3,3,14,No
EMP0967,38,Non-binary,Married,Life Sciences,Marketing,Brand Manager,4,122198,10183.17,14,3,58,No,4,4,3,3,18,No
EMP0968,42,Male,Single,Marketing,Sales,Sales Director,5,208417,17368.08,0,0,41,No,3,4,3,3,14,No
EMP0969,25,Male,Married,Life Sciences,Finance,Senior Analyst,4,96013,8001.08,2,0,34,No,1,4,2,3,16,Yes
EMP0970,47,Non-binary,Divorced,Marketing,Technology,Tech Lead,4,179313,14942.75,3,2,35,No,4,3,4,2,14,No
EMP0971,58,Male,Married,Human Resources,Technology,QA Analyst,1,80315,6692.92,8,3,37,No,3,4,4,4,20,No
EMP0972,24,Male,Single,Human Resources,Sales,Sales Director,5,207132,17261.0,2,2,28,No,3,4,4,3,18,No
EMP0973,27,Male,Married,Finance,Marketing,Marketing Director,5,203101,16925.08,6,0,54,No,1,5,3,2,13,No
EMP0974,34,Non-binary,Divorced,Life Sciences,Technology,QA Analyst,1,67466,5622.17,12,1,49,Yes,3,5,2,2,11,No
EMP0975,58,Male,Divorced,Finance,Sales,Sales Executive,2,87855,7321.25,15,0,60,No,3,3,3,2,11,No
EMP0976,39,Female,Divorced,Marketing,Finance,Finance Director,5,222689,18557.42,10,7,46,Yes,2,2,2,3,16,Yes
EMP0977,55,Male,Married,Human Resources,Finance,Senior Analyst,3,114278,9523.17,5,5,25,No,2,3,3,2,13,No
EMP0978,36,Female,Divorced,Human Resources,Technology,Tech Lead,4,167087,13923.92,2,2,53,No,2,4,4,4,20,No
EMP0979,43,Male,Single,Human Resources,Sales,Sales Director,5,198608,16550.67,7,3,31,No,4,3,3,4,19,No
EMP0980,47,Male,Married,Computer Science,Finance,Finance Manager,5,156613,13051.08,10,0,49,No,3,4,4,2,11,No
EMP0981,29,Non-binary,Divorced,Human Resources,Technology,Software Engineer,2,109256,9104.67,7,2,13,Yes,2,3,2,2,12,Yes
EMP0982,42,Male,Married,Computer Science,Human Resources,HR Manager,3,109194,9099.5,5,2,49,No,4,3,4,2,11,No
EMP0983,50,Male,Single,Computer Science,Marketing,Brand Manager,4,99809,8317.42,20,1,28,No,4,1,3,2,14,No
EMP0984,29,Non-binary,Divorced,Human Resources,Finance,Financial Analyst,1,92358,7696.5,2,1,10,Yes,1,4,2,2,11,No
EMP0985,43,Non-binary,Married,Finance,Technology,Tech Lead,5,188244,15687.0,16,6,60,No,3,3,4,2,12,No
EMP0986,39,Non-binary,Divorced,Marketing,Marketing,Marketing Director,5,173836,14486.33,10,4,21,No,3,4,2,2,13,No
EMP0987,23,Female,Single,Computer Science,Technology,Senior Engineer,4,139412,11617.67,2,0,47,No,2,5,2,3,14,No
EMP0988,42,Female,Single,Computer Science,Human Resources,HR Manager,3,129195,10766.25,6,5,50,No,4,4,3,2,14,No
EMP0989,46,Male,Divorced,Human Resources,Finance,Senior Analyst,3,109554,9129.5,13,7,50,No,2,3,2,3,15,Yes
EMP0990,32,Male,Married,Life Sciences,Technology,QA Analyst,1,81658,6804.83,2,2,44,No,2,2,4,2,14,Yes
EMP0991,22,Non-binary,Married,Human Resources,Technology,Software Engineer,1,70531,5877.58,0,0,43,Yes,2,2,3,1,6,No
EMP0992,47,Non-binary,Divorced,Computer Science,Finance,Senior Analyst,4,117943,9828.58,15,7,30,No,5,4,3,2,11,No
EMP0993,24,Male,Single,Human Resources,Technology,QA Analyst,2,83012,6917.67,3,3,52,No,4,3,3,2,13,No
EMP0994,52,Female,Single,Finance,Sales,Sales Executive,2,89239,7436.58,18,2,11,Yes,1,4,2,3,15,No
EMP0995,49,Male,Divorced,Human Resources,Technology,Tech Lead,4,186087,15507.25,4,1,20,Yes,2,5,3,2,12,No
EMP0996,41,Male,Married,Computer Science,Finance,Finance Director,5,223307,18608.92,15,3,20,No,3,5,3,2,12,No
EMP0997,53,Non-binary,Divorced,Other,Technology,Senior Engineer,4,154558,12879.83,18,7,10,Yes,2,1,1,4,25,Yes
EMP0998,29,Female,Married,Other,Human Resources,HR Specialist,2,86294,7191.17,8,3,18,Yes,3,4,1,2,10,No
EMP0999,33,Female,Single,Marketing,Marketing,Marketing Director,5,189752,15812.67,12,7,43,No,4,3,4,3,16,No
EMP1000,44,Female,Single,Other,Marketing,Marketing Director,5,153989,12832.42,1,0,11,No,3,5,4,3,18,No
EMP1001,51,Female,Married,Life Sciences,Sales,Sales Representative,1,49889,4157.42,20,2,59,No,5,4,4,2,11,No
EMP1002,54,Female,Single,Human Resources,Sales,Sales Representative,1,60404,5033.67,2,0,53,No,1,5,2,1,6,No
EMP1003,29,Female,Single,Computer Science,Finance,Finance Director,5,205576,17131.33,2,0,17,No,4,2,2,2,11,No
EMP1004,24,Female,Divorced,Other,Technology,Department Director,5,188912,15742.67,2,2,57,No,2,5,2,3,15,Yes
EMP1005,49,Male,Married,Life Sciences,Marketing,Marketing Coordinator,1,59920,4993.33,20,4,59,No,2,4,2,2,10,No
EMP1006,47,Non-binary,Divorced,Life Sciences,Human Resources,HR Associate,1,58703,4891.92,4,1,48,Yes,1,4,2,2,12,No
EMP1007,26,Non-binary,Divorced,Other,Technology,Senior Engineer,4,152281,12690.08,4,2,18,No,3,4,4,2,13,No
EMP1008,39,Female,Married,Marketing,Marketing,Brand Manager,3,115386,9615.5,9,2,23,No,3,1,4,2,11,No
EMP1009,25,Male,Single,Marketing,Marketing,Marketing Specialist,2,83269,6939.08,3,2,13,Yes,2,3,2,2,14,Yes
EMP1010,30,Male,Divorced,Other,Technology,Tech Lead,4,160393,13366.08,0,0,24,No,4,1,1,1,7,No
EMP1011,47,Male,Divorced,Other,Finance,Finance Manager,4,140202,11683.5,19,1,33,No,4,5,3,2,11,No
EMP1012,38,Male,Single,Life Sciences,Human Resources,HR Director,5,178454,14871.17,0,0,17,Yes,1,2,2,2,13,Yes
EMP1013,47,Male,Single,Finance,Sales,Sales Director,5,193834,16152.83,1,0,43,Yes,3,3,1,3,14,No
EMP1014,25,Male,Single,Life Sciences,Marketing,Marketing Coordinator,1,48331,4027.58,1,0,39,No,3,5,4,2,14,No
EMP1015,53,Male,Single,Finance,Sales,Sales Representative,2,45812,3817.67,0,0,46,Yes,2,4,2,3,18,Yes
EMP1016,29,Non-binary,Single,Marketing,Sales,Sales Executive,2,85261,7105.08,7,4,37,No,3,2,3,2,11,No
EMP1017,52,Female,Single,Computer Science,Human Resources,HR Director,5,177184,14765.33,13,1,29,No,4,1,1,2,13,No
EMP1018,51,Female,Married,Computer Science,Technology,Tech Lead,4,185643,15470.25,17,1,55,No,4,4,4,2,12,No
EMP1019,26,Male,Single,Computer Science,Human Resources,HR Associate,2,57752,4812.67,5,4,41,No,2,4,2,3,14,Yes
EMP1020,29,Male,Married,Human Resources,Marketing,Brand Manager,3,115035,9586.25,1,0,23,No,5,3,3,2,11,No
EMP1021,49,Female,Single,Other,Marketing,Brand Manager,3,97467,8122.25,19,7,10,Yes,2,3,2,4,20,Yes
EMP1022,54,Male,Divorced,Life Sciences,Technology,Software Engineer,1,80378,6698.17,0,0,50,No,2,2,2,4,19,Yes
EMP1023,58,Non-binary,Divorced,Human Resources,Marketing,Marketing Director,5,209036,17419.67,4,0,15,No,5,4,3,3,16,No
EMP1024,54,Female,Single,Human Resources,Finance,Finance Manager,4,129059,10754.92,5,0,38,No,4,3,4,2,13,No
EMP1025,45,Male,Single,Human Resources,Sales,Sales Representative,2,53503,4458.58,17,0,36,Yes,2,2,2,2,10,Yes
EMP1026,27,Female,Divorced,Finance,Marketing,Brand Manager,4,129315,10776.25,5,3,45,No,2,4,3,4,25,No
EMP1027,25,Male,Single,Human Resources,Human Resources,HR Specialist,3,76475,6372.92,0,0,60,No,2,3,2,2,11,Yes
EMP1028,57,Non-binary,Single,Marketing,Finance,Finance Manager,4,150162,12513.5,18,6,21,No,1,4,2,3,18,Yes
EMP1029,38,Non-binary,Married,Computer Science,Human Resources,HR Director,5,183534,15294.5,9,2,14,No,2,3,3,2,12,No
EMP1030,37,Non-binary,Married,Marketing,Marketing,Marketing Specialist,2,83804,6983.67,7,4,44,No,4,3,1,2,12,No
EMP1031,31,Non-binary,Married,Human Resources,Marketing,Marketing Coordinator,1,47077,3923.08,1,1,14,Yes,3,4,3,2,14,No
EMP1032,32,Female,Divorced,Finance,Technology,Senior Engineer,3,141714,11809.5,0,0,31,Yes,1,5,2,2,10,No
EMP1033,45,Male,Married,Finance,Sales,Account Manager,3,96380,8031.67,13,5,51,Yes,1,3,1,2,10,Yes
EMP1034,26,Non-binary,Single,Other,Human Resources,HR Associate,1,48093,4007.75,3,3,45,Yes,2,3,2,2,11,No
EMP1035,33,Male,Divorced,Finance,Human Resources,HR Director,5,190400,15866.67,10,8,49,No,2,5,2,3,17,Yes
EMP1036,58,Male,Divorced,Computer Science,Human Resources,HR Manager,3,115549,9629.08,1,0,17,No,4,4,1,3,17,No
EMP1037,37,Non-binary,Married,Other,Technology,Tech Lead,4,181095,15091.25,2,1,53,No,2,4,2,2,13,Yes
EMP1038,48,Non-binary,Divorced,Life Sciences,Technology,QA Analyst,1,65736,5478.0,11,0,34,Yes,1,4,4,2,14,No
EMP1039,38,Female,Single,Marketing,Finance,Finance Director,5,219722,18310.17,8,8,49,No,3,1,4,2,10,No
EMP1040,41,Male,Married,Marketing,Finance,Finance Director,5,197276,16439.67,17,0,46,No,5,4,5,2,14,No
EMP1041,23,Male,Single,Life Sciences,Human Resources,HR Manager,4,119986,9998.83,0,0,50,Yes,3,4,1,2,14,Yes
EMP1042,22,Non-binary,Divorced,Finance,Sales,Sales Executive,2,84971,7080.92,1,0,58,No,2,4,2,2,13,Yes
EMP1043,26,Male,Single,Computer Science,Technology,Senior Engineer,3,121548,10129.0,0,0,33,No,4,4,3,3,17,No
EMP1044,22,Non-binary,Single,Computer Science,Finance,Finance Director,5,206535,17211.25,1,0,22,No,2,4,5,2,10,No
EMP1045,39,Male,Single,Other,Finance,Finance Manager,5,161850,13487.5,13,1,19,No,5,1,3,2,13,No
EMP1046,49,Male,Divorced,Human Resources,Finance,Financial Analyst,1,76480,6373.33,20,2,33,No,5,2,2,3,15,No
EMP1047,38,Male,Married,Computer Science,Technology,Department Director,5,196676,16389.67,9,5,28,No,2,2,2,3,14,Yes
EMP1048,50,Male,Divorced,Human Resources,Finance,Financial Analyst,1,94529,7877.42,12,3,25,No,4,4,2,2,11,No
EMP1049,57,Non-binary,Married,Other,Sales,Sales Representative,2,56587,4715.58,0,0,51,No,4,1,4,4,18,Yes
EMP1050,34,Female,Married,Human Resources,Sales,Account Manager,4,122967,10247.25,13,2,27,No,2,4,4,1,5,No
EMP1051,47,Male,Married,Human Resources,Human Resources,HR Associate,2,59316,4943.0,5,2,26,Yes,4,3,3,2,14,No
EMP1052,26,Male,Divorced,Human Resources,Sales,Sales Director,5,206175,17181.25,4,0,10,No,4,5,4,2,14,No
EMP1053,56,Male,Divorced,Human Resources,Human Resources,HR Director,5,190769,15897.42,18,6,47,No,4,4,4,2,12,No
EMP1054,42,Male,Divorced,Other,Sales,Sales Director,5,166858,13904.83,8,7,53,Yes,2,1,1,2,13,No
EMP1055,33,Male,Single,Life Sciences,Marketing,Marketing Specialist,2,70332,5861.0,8,3,25,No,2,5,5,3,17,Yes
EMP1056,32,Non-binary,Single,Life Sciences,Marketing,Marketing Coordinator,2,63253,5271.08,3,1,19,Yes,2,1,2,1,9,Yes
EMP1057,29,Female,Single,Human Resources,Marketing,Marketing Director,5,196849,16404.08,6,0,10,No,4,2,3,2,10,No
EMP1058,37,Non-binary,Married,Marketing,Sales,Sales Representative,1,69743,5811.92,1,1,27,Yes,2,4,2,2,14,Yes
EMP1059,28,Female,Single,Life Sciences,Technology,Department Director,5,234742,19561.83,6,1,10,Yes,3,5,4,2,10,No
EMP1060,24,Male,Married,Other,Finance,Finance Director,5,192607,16050.58,0,0,14,Yes,4,5,3,2,11,No
EMP1061,22,Male,Divorced,Marketing,Technology,Department Director,5,220246,18353.83,1,1,12,No,1,4,2,2,14,Yes
EMP1062,46,Non-binary,Divorced,Human Resources,Marketing,Marketing Director,5,160440,13370.0,12,7,60,Yes,1,3,2,2,13,Yes
EMP1063,53,Non-binary,Single,Marketing,Technology,Tech Lead,5,178098,14841.5,5,2,39,No,2,4,1,2,11,Yes
EMP1064,49,Non-binary,Married,Finance,Marketing,Marketing Specialist,2,74919,6243.25,2,2,10,No,5,4,5,4,25,No
EMP1065,54,Male,Single,Finance,Finance,Finance Director,5,194057,16171.42,2,2,57,Yes,2,4,2,3,18,Yes
EMP1066,47,Female,Married,Marketing,Sales,Sales Executive,2,106295,8857.92,10,8,47,Yes,1,4,2,3,16,Yes
EMP1067,57,Male,Divorced,Marketing,Human Resources,HR Director,5,152973,12747.75,10,6,59,No,1,4,2,3,17,Yes
EMP1068,23,Non-binary,Single,Computer Science,Finance,Senior Analyst,4,117424,9785.33,1,1,13,No,2,2,4,2,11,No
EMP1069,57,Non-binary,Married,Other,Human Resources,HR Associate,1,63908,5325.67,16,8,21,Yes,2,3,1,2,14,No
EMP1070,45,Female,Married,Computer Science,Technology,Tech Lead,5,153866,12822.17,2,0,46,Yes,1,2,2,4,19,Yes
EMP1071,24,Non-binary,Married,Life Sciences,Finance,Financial Analyst,2,69461,5788.42,1,0,12,No,4,4,4,1,8,Yes
EMP1072,27,Non-binary,Divorced,Marketing,Marketing,Brand Manager,3,104876,8739.67,6,5,19,No,3,3,3,2,13,No
EMP1073,38,Male,Married,Computer Science,Finance,Financial Analyst,2,90986,7582.17,16,2,40,Yes,2,3,1,3,14,Yes
EMP1074,44,Non-binary,Divorced,Human Resources,Finance,Senior Analyst,3,99503,8291.92,14,4,23,No,4,4,3,2,11,No
EMP1075,31,Male,Divorced,Computer Science,Finance,Finance Manager,5,148535,12377.92,0,0,57,No,2,3,5,4,22,No
EMP1076,54,Female,Divorced,Marketing,Sales,Account Manager,4,115075,9589.58,20,4,35,No,3,3,1,3,16,No
EMP1077,47,Male,Married,Human Resources,Human Resources,HR Manager,3,121022,10085.17,5,1,46,Yes,2,4,2,3,14,Yes
EMP1078,41,Non-binary,Single,Other,Marketing,Marketing Coordinator,2,48267,4022.25,2,0,39,No,5,2,5,1,7,No
EMP1079,50,Non-binary,Married,Computer Science,Sales,Sales Executive,2,101615,8467.92,19,5,24,Yes,4,3,4,4,19,No
EMP1080,33,Male,Married,Human Resources,Human Resources,HR Associate,1,61686,5140.5,12,0,15,Yes,2,4,2,2,14,Yes
EMP1081,43,Female,Married,Marketing,Technology,Department Director,5,186546,15545.5,14,3,18,No,3,5,4,2,12,No
EMP1082,36,Non-binary,Single,Computer Science,Technology,Department Director,5,198864,16572.0,6,2,59,No,2,4,2,2,11,No
EMP1083,35,Male,Single,Human Resources,Marketing,Brand Manager,3,125570,10464.17,4,4,16,No,5,3,3,3,18,No
EMP1084,37,Male,Divorced,Human Resources,Human Resources,HR Specialist,2,80711,6725.92,2,0,13,No,3,5,1,1,9,No
EMP1085,57,Female,Single,Human Resources,Finance,Finance Director,5,206293,17191.08,8,0,59,No,2,3,3,3,15,No
EMP1086,58,Male,Married,Human Resources,Human Resources,HR Specialist,2,80865,6738.75,15,7,34,No,4,3,1,2,12,No
EMP1087,26,Male,Single,Finance,Human Resources,HR Manager,3,120635,10052.92,1,1,16,No,3,4,4,3,18,No
EMP1088,31,Female,Single,Marketing,Human Resources,HR Associate,1,49046,4087.17,9,0,51,No,3,4,3,1,9,No
EMP1089,48,Non-binary,Married,Life Sciences,Technology,Senior Engineer,4,122644,10220.33,2,1,35,No,4,4,1,3,16,No
EMP1090,51,Male,Divorced,Human Resources,Marketing,Marketing Director,5,171186,14265.5,18,2,15,Yes,4,4,3,2,11,No
EMP1091,33,Female,Divorced,Life Sciences,Finance,Finance Manager,4,132224,11018.67,1,1,39,No,2,4,2,4,19,Yes
EMP1092,32,Female,Divorced,Human Resources,Technology,Senior Engineer,3,126026,10502.17,1,0,14,Yes,2,4,2,3,16,Yes
EMP1093,29,Non-binary,Married,Life Sciences,Marketing,Brand Manager,3,126084,10507.0,1,1,46,No,4,3,4,2,14,No
EMP1094,25,Male,Single,Finance,Marketing,Marketing Specialist,2,77302,6441.83,4,1,42,No,3,2,3,2,12,No
EMP1095,28,Non-binary,Single,Life Sciences,Finance,Senior Analyst,3,106641,8886.75,3,2,44,Yes,2,5,1,2,10,Yes
EMP1096,39,Non-binary,Single,Other,Sales,Sales Representative,1,56793,4732.75,18,3,54,Yes,2,4,1,2,10,Yes
EMP1097,31,Female,Single,Life Sciences,Finance,Finance Director,5,198538,16544.83,2,2,16,Yes,4,1,4,2,12,No
EMP1098,48,Male,Married,Life Sciences,Technology,Software Engineer,1,108985,9082.08,7,7,39,Yes,3,4,3,3,14,No
EMP1099,27,Male,Divorced,Other,Technology,Department Director,5,199564,16630.33,3,0,20,No,5,3,5,1,6,No
EMP1100,56,Male,Single,Human Resources,Finance,Finance Director,5,185630,15469.17,4,4,15,No,2,2,3,2,12,No
EMP1101,45,Male,Married,Finance,Technology,Department Director,5,195326,16277.17,12,2,15,No,2,3,1,2,12,Yes
EMP1102,49,Male,Single,Other,Human Resources,HR Specialist,3,86597,7216.42,13,5,10,No,4,2,2,3,17,Yes
EMP1103,29,Female,Married,Life Sciences,Human Resources,HR Specialist,3,89805,7483.75,2,2,31,No,3,3,4,2,14,No
EMP1104,24,Non-binary,Divorced,Finance,Marketing,Marketing Coordinator,2,58355,4862.92,1,0,56,Yes,3,2,2,2,11,No
EMP1105,37,Female,Divorced,Marketing,Finance,Senior Analyst,4,98775,8231.25,11,8,25,Yes,2,3,3,2,10,No
EMP1106,45,Non-binary,Divorced,Finance,Finance,Financial Analyst,1,88552,7379.33,8,5,39,No,3,4,4,2,13,No
EMP1107,39,Non-binary,Divorced,Marketing,Sales,Account Manager,4,118612,9884.33,11,7,27,Yes,4,4,2,2,11,No
EMP1108,30,Female,Single,Marketing,Human Resources,HR Manager,3,95519,7959.92,9,5,49,No,3,2,3,3,18,Yes
EMP1109,45,Non-binary,Married,Finance,Human Resources,HR Director,5,161909,13492.42,3,1,10,No,5,2,3,3,14,No
EMP1110,46,Female,Married,Computer Science,Human Resources,HR Specialist,2,73158,6096.5,13,1,29,No,4,3,4,2,13,No
EMP1111,51,Female,Single,Other,Technology,Software Engineer,1,77994,6499.5,15,8,32,No,2,2,3,2,10,No
EMP1112,57,Male,Married,Life Sciences,Sales,Account Manager,4,108308,9025.67,5,3,42,No,2,4,2,3,14,Yes
EMP1113,32,Non-binary,Divorced,Computer Science,Marketing,Marketing Director,5,202208,16850.67,5,5,19,Yes,2,3,2,2,11,Yes
EMP1114,39,Female,Divorced,Computer Science,Human Resources,HR Specialist,3,85596,7133.0,2,0,33,No,3,5,1,4,25,No
EMP1115,33,Non-binary,Single,Computer Science,Human Resources,HR Specialist,2,89711,7475.92,3,0,37,Yes,3,5,4,4,24,No
EMP1116,27,Male,Single,Computer Science,Sales,Sales Representative,1,65395,5449.58,2,1,55,Yes,3,2,3,2,13,No
EMP1117,44,Female,Divorced,Marketing,Marketing,Brand Manager,4,103972,8664.33,7,2,20,Yes,3,4,2,3,18,No
EMP1118,22,Male,Married,Finance,Sales,Account Manager,3,104852,8737.67,1,1,15,No,2,3,2,1,8,Yes
EMP1119,53,Female,Divorced,Life Sciences,Sales,Sales Director,5,162528,13544.0,3,0,41,Yes,2,3,3,2,14,No
EMP1120,33,Non-binary,Single,Finance,Finance,Finance Manager,4,136926,11410.5,12,6,40,Yes,2,3,1,4,20,Yes
EMP1121,54,Female,Divorced,Computer Science,Marketing,Brand Manager,3,100090,8340.83,11,8,52,No,3,4,4,3,15,Yes
EMP1122,47,Female,Married,Life Sciences,Marketing,Brand Manager,3,93231,7769.25,12,3,50,No,2,4,1,3,18,Yes
EMP1123,53,Male,Single,Life Sciences,Technology,Department Director,5,223843,18653.58,10,3,45,No,4,4,3,1,5,No
EMP1124,46,Female,Married,Other,Technology,QA Analyst,2,76756,6396.33,12,3,46,No,2,3,1,3,17,Yes
EMP1125,58,Female,Single,Other,Technology,Tech Lead,4,167541,13961.75,2,0,46,No,4,3,3,2,10,No
EMP1126,46,Non-binary,Single,Human Resources,Human Resources,HR Director,5,185856,15488.0,15,5,21,Yes,4,4,1,4,18,Yes
EMP1127,53,Female,Single,Other,Technology,Senior Engineer,3,128224,10685.33,18,3,58,No,5,4,3,2,13,No
EMP1128,58,Non-binary,Married,Life Sciences,Technology,Senior Engineer,3,146711,12225.92,7,1,48,No,2,3,3,3,17,No
EMP1129,58,Non-binary,Divorced,Human Resources,Finance,Finance Director,5,198095,16507.92,7,3,50,No,5,4,3,2,10,No
EMP1130,46,Male,Married,Life Sciences,Technology,QA Analyst,1,80743,6728.58,18,5,21,Yes,2,2,3,1,7,No
EMP1131,46,Male,Married,Human Resources,Finance,Finance Manager,4,123272,10272.67,0,0,18,No,3,3,3,3,17,No
EMP1132,41,Non-binary,Married,Human Resources,Finance,Finance Manager,5,125834,10486.17,13,3,34,No,3,5,3,2,10,No
EMP1133,44,Male,Divorced,Life Sciences,Finance,Senior Analyst,3,120304,10025.33,8,6,49,Yes,2,1,3,2,14,No
EMP1134,36,Male,Single,Computer Science,Human Resources,HR Director,5,197121,16426.75,0,0,21,No,2,3,3,3,17,Yes
EMP1135,42,Non-binary,Married,Human Resources,Marketing,Brand Manager,3,112851,9404.25,9,6,52,No,3,3,3,4,22,No
EMP1136,41,Non-binary,Married,Computer Science,Human Resources,HR Associate,1,56014,4667.83,19,3,55,No,3,4,3,2,12,No
EMP1137,38,Female,Divorced,Other,Marketing,Marketing Specialist,2,66564,5547.0,10,8,36,Yes,3,4,1,3,18,Yes
EMP1138,28,Female,Single,Computer Science,Technology,QA Analyst,1,57005,4750.42,2,0,40,No,3,3,4,2,12,No
EMP1139,48,Male,Married,Finance,Marketing,Marketing Specialist,3,69117,5759.75,1,0,10,Yes,2,3,2,2,14,Yes
EMP1140,23,Female,Divorced,Marketing,Technology,Senior Engineer,4,128371,10697.58,2,1,31,No,4,3,3,2,14,No
EMP1141,52,Female,Divorced,Finance,Technology,QA Analyst,1,57253,4771.08,8,5,45,Yes,3,3,3,2,14,No
EMP1142,25,Female,Married,Life Sciences,Sales,Sales Director,5,170326,14193.83,1,0,25,Yes,2,2,2,1,6,Yes
EMP1143,48,Non-binary,Divorced,Other,Finance,Financial Analyst,1,90934,7577.83,20,5,55,No,2,4,3,2,10,Yes
EMP1144,27,Non-binary,Divorced,Finance,Finance,Finance Manager,4,137268,11439.0,1,0,29,Yes,2,2,2,2,10,Yes
EMP1145,39,Male,Married,Marketing,Sales,Sales Director,5,209257,17438.08,10,2,22,Yes,3,2,4,1,7,No
EMP1146,28,Female,Single,Computer Science,Sales,Sales Representative,1,53311,4442.58,6,3,38,Yes,2,4,2,4,18,Yes
EMP1147,52,Non-binary,Divorced,Marketing,Human Resources,HR Specialist,3,69856,5821.33,5,2,51,No,1,5,2,2,14,Yes
EMP1148,53,Female,Single,Computer Science,Sales,Account Manager,4,98638,8219.83,1,0,44,Yes,1,5,2,4,18,Yes
EMP1149,32,Non-binary,Single,Marketing,Technology,Tech Lead,4,177104,14758.67,4,4,39,No,5,4,3,3,17,No
EMP1150,38,Male,Single,Human Resources,Marketing,Marketing Specialist,3,66639,5553.25,12,5,50,No,3,5,2,3,15,Yes
EMP1151,26,Female,Single,Marketing,Marketing,Marketing Coordinator,2,64167,5347.25,5,2,34,No,3,4,5,3,15,No
EMP1152,53,Female,Divorced,Life Sciences,Finance,Financial Analyst,2,68267,5688.92,4,0,15,No,2,3,3,2,12,No
EMP1153,57,Male,Divorced,Human Resources,Technology,Software Engineer,1,73242,6103.5,15,4,54,Yes,2,3,2,4,22,Yes
EMP1154,42,Non-binary,Single,Finance,Technology,Senior Engineer,3,147258,12271.5,12,4,25,Yes,2,2,2,2,13,Yes
EMP1155,38,Non-binary,Divorced,Finance,Sales,Sales Executive,3,75098,6258.17,17,3,22,No,3,3,5,1,9,No
EMP1156,53,Non-binary,Divorced,Human Resources,Human Resources,HR Associate,1,48681,4056.75,5,0,33,No,3,3,3,3,16,No
EMP1157,50,Male,Married,Human Resources,Sales,Sales Director,5,187992,15666.0,20,3,20,No,3,3,3,2,13,No
EMP1158,32,Female,Married,Human Resources,Sales,Sales Representative,1,58086,4840.5,5,4,15,Yes,2,1,2,2,14,Yes
EMP1159,48,Female,Single,Life Sciences,Marketing,Brand Manager,3,128113,10676.08,12,3,37,Yes,4,4,4,3,16,No
EMP1160,33,Female,Married,Finance,Technology,Tech Lead,4,183709,15309.08,0,0,51,No,3,2,4,2,14,No
EMP1161,24,Female,Married,Human Resources,Marketing,Marketing Specialist,3,70145,5845.42,0,0,51,Yes,3,2,3,2,12,No
EMP1162,29,Non-binary,Married,Human Resources,Sales,Sales Director,5,195614,16301.17,6,4,41,No,3,1,4,2,12,No
EMP1163,56,Female,Married,Marketing,Human Resources,HR Specialist,3,90076,7506.33,0,0,12,No,2,5,5,2,14,No
EMP1164,42,Non-binary,Married,Other,Finance,Finance Director,5,193466,16122.17,12,4,59,No,3,4,2,3,14,No
EMP1165,49,Female,Single,Computer Science,Sales,Sales Executive,2,79191,6599.25,1,1,20,No,3,4,2,3,18,No
EMP1166,58,Non-binary,Single,Computer Science,Finance,Finance Director,5,185054,15421.17,13,4,46,No,1,2,2,2,14,Yes
EMP1167,49,Male,Married,Computer Science,Sales,Sales Representative,1,56397,4699.75,6,5,20,No,2,3,4,1,5,No
EMP1168,33,Male,Single,Human Resources,Sales,Sales Representative,2,63125,5260.42,11,2,36,No,4,4,3,3,14,No
EMP1169,56,Non-binary,Married,Life Sciences,Finance,Finance Director,5,190995,15916.25,7,2,45,No,2,4,2,2,11,Yes
EMP1170,27,Non-binary,Married,Other,Technology,QA Analyst,2,79577,6631.42,6,6,35,Yes,2,3,2,2,10,Yes
EMP1171,32,Female,Single,Other,Marketing,Marketing Specialist,2,82713,6892.75,8,3,32,No,3,4,4,2,12,No
EMP1172,23,Male,Married,Finance,Finance,Financial Analyst,1,78844,6570.33,2,2,33,No,2,4,2,2,12,Yes
EMP1173,30,Male,Divorced,Finance,Finance,Financial Analyst,1,81487,6790.58,1,1,47,No,4,4,3,2,13,No
EMP1174,23,Non-binary,Divorced,Life Sciences,Finance,Finance Director,5,199159,16596.58,2,1,44,No,2,4,3,2,12,No
EMP1175,41,Non-binary,Divorced,Human Resources,Marketing,Marketing Specialist,2,72324,6027.0,19,4,52,No,4,4,4,3,18,No
EMP1176,23,Male,Married,Other,Finance,Senior Analyst,4,122001,10166.75,1,1,14,No,3,3,1,1,9,No
EMP1177,53,Male,Divorced,Marketing,Marketing,Brand Manager,3,94932,7911.0,16,3,48,No,4,2,3,2,13,No
EMP1178,43,Female,Married,Other,Marketing,Marketing Coordinator,2,54599,4549.92,18,8,11,Yes,2,4,1,3,14,Yes
EMP1179,24,Female,Married,Life Sciences,Finance,Financial Analyst,1,74498,6208.17,0,0,11,No,2,3,3,2,11,Yes
EMP1180,58,Non-binary,Single,Other,Technology,Tech Lead,4,185445,15453.75,17,3,49,No,3,4,4,2,12,No
EMP1181,37,Female,Single,Finance,Human Resources,HR Associate,1,54974,4581.17,1,1,56,No,4,2,4,3,16,No
EMP1182,23,Male,Married,Marketing,Technology,QA Analyst,1,73524,6127.0,0,0,38,No,4,4,3,2,10,No
EMP1183,52,Non-binary,Single,Other,Technology,QA Analyst,1,68580,5715.0,20,0,11,Yes,4,3,4,2,12,Yes
EMP1184,30,Non-binary,Divorced,Computer Science,Finance,Finance Director,5,192973,16081.08,5,3,45,No,3,5,2,4,24,Yes
EMP1185,29,Male,Married,Human Resources,Marketing,Marketing Director,5,207163,17263.58,7,2,30,No,4,2,4,2,10,No
EMP1186,35,Non-binary,Divorced,Other,Human Resources,HR Director,5,151926,12660.5,4,3,29,No,3,3,4,2,14,No
EMP1187,49,Male,Single,Computer Science,Sales,Sales Executive,2,107053,8921.08,2,0,28,Yes,2,2,3,2,10,No
EMP1188,47,Female,Divorced,Life Sciences,Technology,Software Engineer,2,100952,8412.67,7,2,50,No,3,3,3,3,15,No
EMP1189,57,Male,Divorced,Other,Human Resources,HR Manager,3,133302,11108.5,9,2,53,No,2,4,2,2,14,Yes
EMP1190,27,Male,Single,Computer Science,Human Resources,HR Associate,1,49545,4128.75,2,1,48,Yes,2,3,2,3,16,No
EMP1191,41,Male,Divorced,Other,Human Resources,HR Associate,2,63114,5259.5,3,2,47,Yes,2,4,2,4,21,Yes
EMP1192,54,Non-binary,Single,Life Sciences,Sales,Sales Representative,1,58804,4900.33,2,0,54,Yes,4,3,3,4,25,No
EMP1193,33,Non-binary,Single,Marketing,Sales,Sales Director,5,195606,16300.5,7,3,10,Yes,3,2,4,2,12,No
EMP1194,35,Male,Divorced,Life Sciences,Finance,Financial Analyst,1,83498,6958.17,13,1,32,No,3,3,4,2,13,No
EMP1195,46,Female,Divorced,Finance,Marketing,Marketing Coordinator,2,52355,4362.92,6,6,35,Yes,2,3,2,2,12,Yes
EMP1196,23,Non-binary,Single,Computer Science,Technology,QA Analyst,1,66150,5512.5,1,0,46,Yes,5,4,4,2,10,No
EMP1197,48,Non-binary,Divorced,Marketing,Human Resources,HR Specialist,2,80775,6731.25,8,8,59,No,4,5,4,3,17,No
EMP1198,50,Female,Divorced,Marketing,Finance,Finance Manager,4,157422,13118.5,11,8,18,No,4,4,1,2,13,No
EMP1199,51,Non-binary,Divorced,Human Resources,Technology,Senior Engineer,3,150418,12534.83,6,5,48,No,3,2,1,2,14,No
EMP1200,38,Male,Single,Marketing,Sales,Sales Director,5,192528,16044.0,5,4,35,No,2,2,2,1,9,No
