EmployeeID,Department,Role,Age,TenureYears,AnnualSalary,OverTime,MonthsSincePromotion,SatisfactionScore,WorkLifeBalance,PerformanceRating,Status,OT_risk,Satisfaction_risk,Promotion_risk,Pay_risk,WLB_risk,Tenure_risk,RiskScore,RiskBand
EMP00052,Sales,Sales Manager,28,6.1,852000.0,No,19,5.0,2.9,2.5,Active,0.0,0.0,0.31666666666666665,0.2757352941176471,0.525,0.23750000000000004,16.7,Low
EMP00523,Sales,Sales Executive,38,5.2,757000.0,Yes,43,4.0,3.2,2.1,Active,1.0,0.25,0.7166666666666667,0.5716911764705883,0.44999999999999996,0.35,61.0,Medium
EMP00180,HR,Recruiter,37,2.9,722000.0,No,58,3.3,3.6,2.8,Active,0.0,0.42500000000000004,0.9666666666666667,0.2748091603053435,0.35,0.6375,37.5,Low
EMP01173,Engineering,Engineering Manager,29,6.0,1328000.0,No,1,3.4,3.2,3.2,Active,0.0,0.4,0.016666666666666666,0.17316017316017318,0.44999999999999996,0.25,19.2,Low
EMP00938,Sales,Sales Executive,29,3.6,783000.0,No,25,3.4,2.6,2.5,Resigned,0.0,0.4,0.4166666666666667,0.4724264705882353,0.6,0.55,33.4,Low
EMP01152,Customer Support,Support Lead,38,6.1,731000.0,Yes,51,3.1,3.2,3.3,Active,1.0,0.475,0.85,0.03608247422680411,0.44999999999999996,0.23750000000000004,60.3,Medium
EMP00206,Engineering,Engineering Manager,33,4.6,1102000.0,No,41,3.1,2.2,4.4,Active,0.0,0.475,0.6833333333333333,0.5714285714285714,0.7,0.42500000000000004,41.3,Low
EMP01090,Operations,Process Lead,43,7.2,832000.0,Yes,12,5.0,3.0,4.1,Active,1.0,0.0,0.2,0.13285024154589375,0.5,0.09999999999999998,39.7,Low
EMP00657,Customer Support,Support Manager,26,1.3,533000.0,Yes,35,2.0,1.1,3.3,Active,1.0,0.75,0.5833333333333334,0.6804123711340206,0.975,0.8375,81.6,High
EMP01114,Customer Support,Support Associate,35,1.4,509000.0,Yes,24,2.7,2.2,2.9,Active,1.0,0.575,0.4,0.8041237113402062,0.7,0.825,72.8,High
EMP00035,Operations,Ops Manager,46,2.5,700000.0,Yes,44,3.4,2.1,3.1,Active,1.0,0.4,0.7333333333333333,0.536231884057971,0.725,0.6875,69.7,High
EMP00736,Finance,Financial Analyst,21,3.6,800000.0,No,45,2.4,3.2,2.5,Active,0.0,0.65,0.75,0.75625,0.44999999999999996,0.55,46.9,Medium
EMP00064,HR,Recruiter,37,3.5,738000.0,No,22,3.8,4.1,3.6,Active,0.0,0.30000000000000004,0.36666666666666664,0.20992366412213737,0.2250000000000001,0.5625,22.1,Low
EMP00642,HR,HR Generalist,46,2.0,657000.0,Yes,14,3.0,2.9,3.6,Active,1.0,0.5,0.23333333333333334,0.5038167938931297,0.525,0.75,61.6,Medium
EMP00762,Sales,Sales Manager,33,4.7,764000.0,No,45,1.9,2.8,2.4,Resigned,0.0,0.775,0.75,0.5404411764705883,0.55,0.4125,47.2,Medium
EMP00928,Customer Support,Support Associate,34,6.7,635000.0,No,25,3.8,1.7,4.0,Active,0.0,0.30000000000000004,0.4166666666666667,0.2628865979381443,0.825,0.16249999999999998,28.4,Low
EMP00455,Sales,Sales Manager,25,2.5,791000.0,No,5,3.4,3.1,5.0,Active,0.0,0.4,0.08333333333333333,0.4595588235294118,0.475,0.6875,27.2,Low
EMP00356,Operations,Process Lead,28,3.3,683000.0,No,11,3.6,3.4,5.0,Active,0.0,0.35,0.18333333333333332,0.6280193236714976,0.4,0.5875,28.5,Low
EMP01073,Operations,Process Lead,46,0.8,676000.0,No,8,3.6,3.4,4.1,Active,0.0,0.35,0.13333333333333333,0.6473429951690821,0.4,0.9,29.8,Low
EMP00446,Finance,Accountant,30,0.8,819000.0,No,49,5.0,4.0,2.8,Active,0.0,0.0,0.8166666666666667,0.684375,0.25,0.9,31.0,Low
EMP00351,Finance,Financial Analyst,36,0.3,787000.0,Yes,33,2.0,3.1,3.7,Active,1.0,0.75,0.55,0.796875,0.475,0.9625,77.4,High
EMP00173,Engineering,Engineering Manager,23,4.0,1063000.0,No,21,3.4,4.5,2.4,Active,0.0,0.4,0.35,0.699134199134199,0.125,0.5,29.5,Low
EMP00514,Engineering,Software Engineer,33,1.7,1166000.0,Yes,42,4.1,2.5,3.0,Active,1.0,0.2250000000000001,0.7,0.4155844155844156,0.625,0.7875,62.6,Medium
EMP00628,Sales,Sales Manager,30,3.7,721000.0,No,56,4.9,1.6,3.0,Active,0.0,0.02499999999999991,0.9333333333333333,0.6930147058823529,0.85,0.5375,38.7,Low
EMP00952,Engineering,Engineering Manager,35,3.2,1214000.0,No,24,1.9,4.2,3.3,Active,0.0,0.775,0.4,0.3528138528138528,0.19999999999999996,0.6,35.9,Low
EMP00791,Sales,Sales Executive,22,0.1,596000.0,No,50,4.4,2.3,3.1,Active,0.0,0.1499999999999999,0.8333333333333334,0.9963235294117647,0.675,0.9875,44.9,Low
EMP00373,Engineering,Software Engineer,38,4.5,1310000.0,No,27,3.6,4.7,4.0,Resigned,0.0,0.35,0.45,0.19480519480519476,0.07499999999999996,0.4375,21.9,Low
EMP00254,Engineering,Senior Engineer,50,1.9,1195000.0,No,26,4.3,4.2,1.4,Active,0.0,0.17500000000000004,0.43333333333333335,0.3701298701298701,0.19999999999999996,0.7625,23.3,Low
EMP01038,Engineering,Senior Engineer,41,0.8,1013000.0,No,58,3.0,3.1,1.9,Active,0.0,0.5,0.9666666666666667,0.8506493506493507,0.475,0.9,50.5,Medium
EMP00632,HR,HR Generalist,34,2.8,576000.0,Yes,9,4.6,2.8,3.1,Resigned,1.0,0.10000000000000009,0.15,0.8473282442748091,0.55,0.65,55.2,Medium
EMP00453,Finance,Financial Analyst,26,4.3,943000.0,No,19,2.8,1.7,3.9,Active,0.0,0.55,0.31666666666666665,0.29374999999999996,0.825,0.4625,35.1,Low
EMP00545,Sales,Sales Manager,44,4.7,715000.0,No,54,3.8,3.1,4.0,Active,0.0,0.30000000000000004,0.9,0.7077205882352942,0.475,0.4125,39.7,Low
EMP00526,Engineering,Software Engineer,37,1.2,1133000.0,No,36,2.4,3.8,1.6,Active,0.0,0.65,0.6,0.49783549783549785,0.30000000000000004,0.85,40.9,Low
EMP00190,Engineering,Senior Engineer,22,1.6,902000.0,No,47,4.3,2.9,2.8,Active,0.0,0.17500000000000004,0.7833333333333333,0.9653679653679653,0.525,0.8,41.3,Low
EMP00102,Finance,Financial Analyst,41,2.8,931000.0,Yes,9,4.3,4.1,2.7,Resigned,1.0,0.17500000000000004,0.15,0.359375,0.2250000000000001,0.65,46.2,Medium
EMP00735,Sales,Sales Manager,35,1.4,634000.0,Yes,52,4.5,2.5,1.6,Active,1.0,0.125,0.8666666666666667,0.9448529411764706,0.625,0.825,70.5,High
EMP00335,Sales,Account Manager,43,5.3,847000.0,No,49,5.0,3.1,3.4,Active,0.0,0.0,0.8166666666666667,0.2941176470588235,0.475,0.3375,24.9,Low
EMP00997,Finance,Accountant,47,5.7,1140000.0,Yes,52,3.3,2.4,3.7,Active,1.0,0.42500000000000004,0.8666666666666667,0.05625000000000002,0.65,0.2875,62.4,Medium
EMP00447,Customer Support,Support Manager,41,3.3,583000.0,No,12,2.8,4.2,3.5,Active,0.0,0.55,0.2,0.4639175257731959,0.19999999999999996,0.5875,28.8,Low
EMP00171,Engineering,Engineering Manager,27,7.6,1536000.0,Yes,8,5.0,3.4,4.3,Active,1.0,0.0,0.13333333333333333,0.04329004329004327,0.4,0.050000000000000044,35.8,Low
EMP00633,Sales,Account Manager,34,2.8,667000.0,No,49,2.3,3.5,3.4,Active,0.0,0.675,0.8166666666666667,0.8474264705882353,0.375,0.65,49.5,Medium
EMP00370,Customer Support,Support Manager,43,3.5,543000.0,No,3,1.0,2.4,4.9,Active,0.0,1.0,0.05,0.6391752577319587,0.65,0.5625,44.9,Low
EMP00286,Engineering,Senior Engineer,36,5.3,1299000.0,No,55,3.5,1.7,2.1,Active,0.0,0.375,0.9166666666666666,0.20779220779220775,0.825,0.3375,38.5,Low
EMP01061,Customer Support,Support Lead,29,2.5,585000.0,Yes,43,4.6,4.3,3.6,Active,1.0,0.10000000000000009,0.7166666666666667,0.45360824742268047,0.17500000000000004,0.6875,54.4,Medium
EMP00573,Operations,Ops Manager,26,9.6,966000.0,Yes,44,2.7,2.8,4.1,Active,1.0,0.575,0.7333333333333333,0.024154589371980673,0.55,0.0,60.5,Medium
EMP00028,Sales,Account Manager,44,3.0,792000.0,No,35,4.5,3.1,4.5,Active,0.0,0.125,0.5833333333333334,0.4540441176470589,0.475,0.625,28.1,Low
EMP00427,Engineering,Senior Engineer,45,2.7,1018000.0,Yes,54,3.3,3.1,2.3,Active,1.0,0.42500000000000004,0.9,0.8354978354978355,0.475,0.6625,74.0,High
EMP01136,Engineering,Software Engineer,41,4.0,1037000.0,Yes,27,2.4,1.9,2.6,Resigned,1.0,0.65,0.45,0.7597402597402597,0.775,0.5,73.7,High
EMP00279,Customer Support,Support Lead,36,1.4,569000.0,Yes,30,4.5,2.8,4.5,Resigned,1.0,0.125,0.5,0.5154639175257731,0.55,0.825,57.8,Medium
EMP01110,Sales,Account Manager,39,3.6,735000.0,No,40,3.2,2.2,2.5,Active,0.0,0.44999999999999996,0.6666666666666666,0.6452205882352942,0.7,0.55,42.2,Low
EMP00666,Finance,Accountant,42,3.1,1020000.0,Yes,60,3.3,2.3,2.3,Resigned,1.0,0.42500000000000004,1.0,0.17500000000000004,0.675,0.6125,68.4,High
EMP00962,Operations,Process Lead,30,1.0,656000.0,Yes,41,2.4,2.6,4.0,Active,1.0,0.65,0.6833333333333333,0.7222222222222222,0.6,0.875,77.1,High
EMP00651,Engineering,Engineering Manager,21,1.4,1088000.0,No,1,4.3,3.6,2.8,Active,0.0,0.17500000000000004,0.016666666666666666,0.6147186147186148,0.35,0.825,22.2,Low
EMP00681,Sales,Account Manager,39,1.1,764000.0,Yes,32,1.4,1.6,2.6,Active,1.0,0.9,0.5333333333333333,0.5404411764705883,0.85,0.8625,81.1,High
EMP00499,Engineering,Engineering Manager,27,5.2,1352000.0,Yes,16,4.9,2.8,3.4,Active,1.0,0.02499999999999991,0.26666666666666666,0.1298701298701299,0.55,0.35,43.4,Low
EMP00114,Operations,Process Lead,36,4.5,788000.0,Yes,31,3.7,2.2,3.4,Active,1.0,0.32499999999999996,0.5166666666666667,0.21980676328502413,0.7,0.4375,58.2,Medium
EMP00129,Sales,Sales Executive,21,1.5,612000.0,No,15,4.2,3.3,3.0,Resigned,0.0,0.19999999999999996,0.25,0.9797794117647058,0.42500000000000004,0.8125,32.5,Low
EMP00653,Finance,Finance Manager,29,6.2,980000.0,No,60,3.3,4.1,1.8,Active,0.0,0.42500000000000004,1.0,0.21562499999999996,0.2250000000000001,0.22499999999999998,33.3,Low
EMP00674,Finance,Finance Manager,33,3.5,951000.0,Yes,10,3.8,2.3,2.6,Active,1.0,0.30000000000000004,0.16666666666666666,0.275,0.675,0.5625,53.2,Medium
EMP00047,Engineering,Engineering Manager,51,4.8,1151000.0,No,48,2.3,2.9,2.3,Active,0.0,0.675,0.8,0.4545454545454546,0.525,0.4,44.1,Low
EMP01149,Operations,Ops Analyst,39,2.2,738000.0,No,23,4.0,4.6,3.2,Active,0.0,0.25,0.38333333333333336,0.35507246376811596,0.10000000000000009,0.725,22.7,Low
EMP01188,Customer Support,Support Manager,34,1.9,474000.0,Yes,36,1.9,2.7,2.6,Resigned,1.0,0.775,0.6,0.9561855670103093,0.575,0.7625,81.1,High
EMP00397,HR,HR Manager,21,1.3,617000.0,No,12,4.5,3.6,3.2,Active,0.0,0.125,0.2,0.6984732824427481,0.35,0.8375,25.2,Low
EMP00510,Sales,Account Manager,43,2.8,861000.0,Yes,23,3.3,2.9,4.4,Active,1.0,0.42500000000000004,0.38333333333333336,0.23897058823529416,0.525,0.65,57.9,Medium
EMP00798,Sales,Sales Manager,44,3.8,882000.0,No,23,2.7,3.0,3.5,Active,0.0,0.575,0.38333333333333336,0.19117647058823528,0.5,0.525,31.8,Low
EMP00456,Sales,Sales Executive,21,1.7,661000.0,No,3,4.4,3.9,2.6,Active,0.0,0.1499999999999999,0.05,0.8694852941176471,0.275,0.7875,24.6,Low
EMP00987,Engineering,Engineering Manager,28,7.1,1331000.0,Yes,32,3.4,2.5,4.5,Active,1.0,0.4,0.5333333333333333,0.1601731601731602,0.625,0.11250000000000004,56.6,Medium
EMP00644,Engineering,Senior Engineer,41,3.5,1075000.0,Yes,13,4.6,2.7,3.0,Active,1.0,0.10000000000000009,0.21666666666666667,0.6385281385281385,0.575,0.5625,53.1,Medium
EMP00661,Engineering,Software Engineer,26,1.1,1159000.0,Yes,54,3.1,2.5,3.1,Active,1.0,0.475,0.9,0.4415584415584416,0.625,0.8625,72.7,High
EMP00725,Sales,Account Manager,44,0.4,636000.0,Yes,20,5.0,2.8,3.4,Active,1.0,0.0,0.3333333333333333,0.9411764705882353,0.55,0.95,58.8,Medium
EMP00925,Sales,Account Manager,31,10.6,1071000.0,Yes,17,3.5,2.7,3.0,Active,1.0,0.375,0.2833333333333333,0.014705882352941124,0.575,0.0,48.6,Medium
EMP00621,HR,Recruiter,39,3.3,617000.0,Yes,57,3.0,3.3,2.8,Active,1.0,0.5,0.95,0.6984732824427481,0.42500000000000004,0.5875,73.6,High
EMP00221,Engineering,Engineering Manager,32,5.2,1162000.0,Yes,40,5.0,3.8,2.9,Resigned,1.0,0.0,0.6666666666666666,0.43073593073593075,0.30000000000000004,0.35,50.4,Medium
EMP00409,Sales,Sales Manager,32,4.7,925000.0,Yes,56,4.5,1.8,3.4,Active,1.0,0.125,0.9333333333333333,0.12132352941176472,0.8,0.4125,59.7,Medium
EMP00922,Customer Support,Support Associate,43,2.4,540000.0,No,26,2.4,3.9,2.4,Active,0.0,0.65,0.43333333333333335,0.6520618556701031,0.275,0.7,39.2,Low
EMP00285,Operations,Ops Manager,38,0.3,661000.0,No,58,2.7,4.0,4.4,Active,0.0,0.575,0.9666666666666667,0.7053140096618358,0.25,0.9625,47.9,Medium
EMP00879,Finance,Finance Manager,37,7.2,1227000.0,No,1,2.6,2.7,3.6,Active,0.0,0.6,0.016666666666666666,0.025000000000000022,0.575,0.09999999999999998,22.5,Low
EMP00368,Finance,Finance Manager,37,5.6,905000.0,No,60,3.3,4.0,3.4,Active,0.0,0.42500000000000004,1.0,0.390625,0.25,0.30000000000000004,36.5,Low
EMP01174,HR,HR Generalist,34,2.5,694000.0,No,10,3.2,3.0,3.1,Active,0.0,0.44999999999999996,0.16666666666666666,0.3587786259541985,0.5,0.6875,28.6,Low
EMP00431,Customer Support,Support Manager,51,3.0,599000.0,No,3,4.7,4.0,3.0,Active,0.0,0.07499999999999996,0.05,0.39432989690721654,0.25,0.625,14.9,Low
EMP00759,Sales,Sales Manager,26,1.2,600000.0,No,45,4.2,3.1,2.4,Active,0.0,0.19999999999999996,0.75,0.9926470588235294,0.475,0.85,41.5,Low
EMP00061,Finance,Accountant,30,7.7,981000.0,No,59,2.9,2.2,3.8,Active,0.0,0.525,0.9833333333333333,0.20625000000000004,0.7,0.03749999999999998,39.8,Low
EMP00229,Finance,Accountant,21,3.4,1015000.0,Yes,27,2.9,1.4,2.0,Resigned,1.0,0.525,0.45,0.18125000000000002,0.9,0.575,64.6,Medium
EMP00826,Sales,Sales Manager,23,6.2,859000.0,No,4,3.0,3.1,4.1,Active,0.0,0.5,0.06666666666666667,0.24448529411764708,0.475,0.22499999999999998,23.5,Low
EMP00362,Sales,Account Manager,21,2.7,708000.0,Yes,21,3.0,3.1,4.7,Active,1.0,0.5,0.35,0.7334558823529411,0.475,0.6625,65.5,High
EMP00650,Sales,Sales Manager,25,5.2,963000.0,No,54,1.5,4.4,3.7,Active,0.0,0.875,0.9,0.06617647058823528,0.1499999999999999,0.35,40.2,Low
EMP00542,Operations,Process Lead,36,8.4,915000.0,No,16,3.8,2.6,3.2,Active,0.0,0.30000000000000004,0.26666666666666666,0.0628019323671497,0.6,0.0,19.5,Low
EMP01178,Engineering,Engineering Manager,33,7.5,1537000.0,Yes,34,3.0,2.2,4.1,Active,1.0,0.5,0.5666666666666667,0.038961038961038974,0.7,0.0625,58.4,Medium
EMP01105,Sales,Sales Executive,38,3.7,910000.0,No,34,3.8,1.7,2.9,Active,0.0,0.30000000000000004,0.5666666666666667,0.1470588235294118,0.825,0.5375,31.5,Low
EMP00111,Operations,Ops Analyst,22,2.4,675000.0,No,9,3.2,3.5,2.5,Active,0.0,0.44999999999999996,0.15,0.6570048309178744,0.375,0.7,31.1,Low
EMP00529,HR,HR Generalist,43,13.3,806000.0,No,12,1.9,1.8,3.0,Active,0.0,0.775,0.2,0.07633587786259544,0.8,0.0,32.5,Low
EMP00627,HR,HR Generalist,29,0.8,655000.0,No,7,3.1,2.3,3.2,Active,0.0,0.475,0.11666666666666667,0.5190839694656488,0.675,0.9,34.0,Low
EMP00464,Engineering,Senior Engineer,34,1.4,1183000.0,No,16,3.0,4.4,4.0,Active,0.0,0.5,0.26666666666666666,0.4025974025974026,0.1499999999999999,0.825,28.7,Low
EMP01169,HR,HR Manager,34,1.6,519000.0,No,54,3.2,1.5,4.3,Active,0.0,0.44999999999999996,0.9,0.9389312977099237,0.875,0.8,53.6,Medium
EMP00290,Sales,Sales Manager,37,2.9,739000.0,No,57,3.4,3.8,4.3,Active,0.0,0.4,0.95,0.6323529411764706,0.30000000000000004,0.6375,41.1,Low
EMP00010,Operations,Ops Analyst,45,9.0,943000.0,No,55,3.8,3.9,3.6,Active,0.0,0.30000000000000004,0.9166666666666666,0.03864734299516903,0.275,0.0,25.7,Low
EMP00817,Customer Support,Support Associate,41,2.2,600000.0,No,45,3.8,4.3,2.6,Resigned,0.0,0.30000000000000004,0.75,0.384020618556701,0.17500000000000004,0.725,31.0,Low
EMP00054,Finance,Accountant,45,4.9,876000.0,No,13,2.7,3.4,3.6,Active,0.0,0.575,0.21666666666666667,0.534375,0.4,0.38749999999999996,31.9,Low
EMP01015,Engineering,Senior Engineer,42,3.4,1090000.0,No,56,1.7,4.5,2.9,Active,0.0,0.825,0.9333333333333333,0.6017316017316017,0.125,0.575,48.1,Medium
EMP00768,Sales,Sales Executive,34,2.1,766000.0,Yes,1,2.9,2.4,3.6,Active,1.0,0.525,0.016666666666666666,0.53125,0.65,0.7375,60.5,Medium
EMP00398,Engineering,Senior Engineer,31,4.1,1228000.0,No,37,2.9,3.2,3.6,Active,0.0,0.525,0.6166666666666667,0.32900432900432897,0.44999999999999996,0.48750000000000004,35.4,Low
EMP01125,Operations,Ops Analyst,48,1.0,692000.0,No,49,2.5,2.0,1.7,Resigned,0.0,0.625,0.8166666666666667,0.572463768115942,0.75,0.875,50.3,Medium
EMP00263,Engineering,Software Engineer,31,13.8,1403000.0,Yes,2,2.8,1.0,4.6,Active,1.0,0.55,0.03333333333333333,0.09956709956709953,1.0,0.0,55.1,Medium
EMP00041,Operations,Ops Manager,39,3.0,663000.0,Yes,48,3.7,1.2,2.3,Active,1.0,0.32499999999999996,0.8,0.6956521739130435,0.95,0.625,73.5,High
EMP00110,Customer Support,Support Associate,31,2.5,481000.0,No,10,4.2,3.9,2.6,Active,0.0,0.19999999999999996,0.16666666666666666,0.9329896907216495,0.275,0.6875,28.0,Low
EMP00610,Operations,Process Lead,23,8.6,773000.0,No,15,3.9,4.0,1.4,Active,0.0,0.275,0.25,0.2536231884057971,0.25,0.0,17.2,Low
EMP00846,Customer Support,Support Manager,35,7.4,693000.0,No,5,2.4,1.8,3.0,Active,0.0,0.65,0.08333333333333333,0.10824742268041232,0.8,0.07499999999999996,28.5,Low
EMP01065,Engineering,Senior Engineer,40,12.9,1490000.0,No,1,3.2,2.7,3.9,Active,0.0,0.44999999999999996,0.016666666666666666,0.06060606060606055,0.575,0.0,18.8,Low
EMP01083,Customer Support,Support Manager,41,7.2,674000.0,Yes,36,3.3,2.8,2.6,Active,1.0,0.42500000000000004,0.6,0.15721649484536082,0.55,0.09999999999999998,57.2,Medium
EMP00084,Sales,Sales Executive,29,2.2,628000.0,No,37,3.1,2.7,3.7,Active,0.0,0.475,0.6166666666666667,0.96875,0.575,0.725,46.1,Medium
EMP00565,Finance,Finance Manager,36,0.8,859000.0,No,3,4.7,3.4,3.8,Active,0.0,0.07499999999999996,0.05,0.575,0.4,0.9,20.8,Low
EMP00867,Customer Support,Support Manager,27,4.5,572000.0,No,56,2.9,2.8,5.0,Active,0.0,0.525,0.9333333333333333,0.5025773195876289,0.55,0.4375,43.8,Low
EMP00408,HR,HR Generalist,23,7.6,867000.0,No,44,2.7,3.7,2.7,Resigned,0.0,0.575,0.7333333333333333,0.022900763358778664,0.32499999999999996,0.050000000000000044,30.1,Low
EMP00099,Sales,Sales Executive,27,1.7,701000.0,No,20,4.1,4.0,2.3,Active,0.0,0.2250000000000001,0.3333333333333333,0.7573529411764706,0.25,0.7875,29.1,Low
EMP00634,Engineering,Software Engineer,36,2.7,1150000.0,Yes,42,1.1,3.5,2.6,Resigned,1.0,0.975,0.7,0.4588744588744589,0.375,0.6625,77.5,High
EMP01190,Finance,Finance Manager,41,4.2,955000.0,Yes,41,3.2,3.2,2.8,Active,1.0,0.44999999999999996,0.6833333333333333,0.26875000000000004,0.44999999999999996,0.475,61.7,Medium
EMP00375,Sales,Account Manager,47,2.5,746000.0,No,51,4.0,3.5,3.7,Active,0.0,0.25,0.85,0.6121323529411764,0.375,0.6875,36.8,Low
EMP00271,Sales,Sales Manager,33,4.3,939000.0,No,47,3.4,3.9,3.2,Active,0.0,0.4,0.7833333333333333,0.09926470588235292,0.275,0.4625,29.6,Low
EMP00337,Sales,Account Manager,34,5.2,966000.0,No,32,1.7,3.8,3.4,Active,0.0,0.825,0.5333333333333333,0.05882352941176472,0.30000000000000004,0.35,34.9,Low
EMP00998,Sales,Sales Manager,21,2.1,632000.0,No,53,2.8,3.9,3.6,Active,0.0,0.55,0.8833333333333333,0.9540441176470589,0.275,0.7375,48.4,Medium
EMP00152,Customer Support,Support Associate,48,5.8,553000.0,No,13,2.4,3.0,2.4,Active,0.0,0.65,0.21666666666666667,0.5747422680412371,0.5,0.275,34.8,Low
EMP00512,Customer Support,Support Associate,38,4.9,694000.0,Yes,41,3.2,1.7,2.6,Active,1.0,0.44999999999999996,0.6833333333333333,0.1030927835051546,0.825,0.38749999999999996,63.4,Medium
EMP00929,Operations,Ops Manager,39,2.7,771000.0,No,16,3.4,2.7,3.8,Active,0.0,0.4,0.26666666666666666,0.2657004830917874,0.575,0.6625,28.5,Low
EMP00620,Sales,Sales Manager,35,2.3,655000.0,No,49,3.4,2.8,3.0,Active,0.0,0.4,0.8166666666666667,0.8952205882352942,0.55,0.7125,46.1,Medium
EMP00339,Sales,Account Manager,21,4.4,723000.0,No,39,3.1,4.0,3.1,Active,0.0,0.475,0.65,0.6819852941176471,0.25,0.44999999999999996,37.0,Low
EMP00319,Engineering,Senior Engineer,30,1.4,1038000.0,No,16,4.1,5.0,2.9,Active,0.0,0.2250000000000001,0.26666666666666666,0.751082251082251,0.0,0.825,25.1,Low
EMP00232,Engineering,Engineering Manager,40,0.9,1043000.0,No,30,4.5,2.9,3.5,Active,0.0,0.125,0.5,0.7380952380952381,0.525,0.8875,33.0,Low
EMP00253,Operations,Process Lead,37,0.9,679000.0,No,47,3.0,3.8,3.2,Active,0.0,0.5,0.7833333333333333,0.6352657004830917,0.30000000000000004,0.8875,42.4,Low
EMP00858,Customer Support,Support Associate,21,1.0,464000.0,No,25,4.9,2.2,3.0,Active,0.0,0.02499999999999991,0.4166666666666667,0.9690721649484536,0.7,0.875,34.5,Low
EMP01121,Finance,Finance Manager,27,0.8,828000.0,No,19,3.4,3.2,2.8,Resigned,0.0,0.4,0.31666666666666665,0.66875,0.44999999999999996,0.9,34.8,Low
EMP00055,Finance,Finance Manager,40,3.6,1030000.0,Yes,47,3.1,2.5,3.3,Active,1.0,0.475,0.7833333333333333,0.15625,0.625,0.55,64.9,Medium
EMP00380,Finance,Financial Analyst,40,3.6,798000.0,No,56,2.2,2.8,2.7,Active,0.0,0.7,0.9333333333333333,0.76875,0.55,0.55,52.4,Medium
EMP00432,HR,HR Manager,33,6.8,796000.0,No,22,2.9,3.1,4.7,Active,0.0,0.525,0.36666666666666664,0.09160305343511455,0.475,0.15000000000000002,26.3,Low
EMP00142,Operations,Process Lead,23,4.3,742000.0,No,24,2.2,2.1,3.3,Active,0.0,0.7,0.4,0.3405797101449275,0.725,0.4625,39.4,Low
EMP00811,Sales,Sales Manager,35,4.6,762000.0,Yes,31,1.0,2.8,3.6,Resigned,1.0,1.0,0.5166666666666667,0.5533088235294117,0.55,0.42500000000000004,77.2,High
EMP00098,Sales,Sales Manager,31,1.8,741000.0,No,7,3.6,4.2,2.9,Active,0.0,0.35,0.11666666666666667,0.625,0.19999999999999996,0.775,26.1,Low
EMP00757,Engineering,Engineering Manager,23,6.0,1127000.0,Yes,5,4.3,1.4,2.1,Active,1.0,0.17500000000000004,0.08333333333333333,0.5108225108225108,0.9,0.25,53.0,Medium
EMP00984,Operations,Process Lead,28,4.7,691000.0,Yes,11,2.8,3.1,4.2,Active,1.0,0.55,0.18333333333333332,0.5797101449275363,0.475,0.4125,60.4,Medium
EMP00572,Customer Support,Support Associate,42,10.2,660000.0,Yes,32,3.0,3.1,3.4,Active,1.0,0.5,0.5333333333333333,0.20618556701030932,0.475,0.0,57.1,Medium
EMP00433,Finance,Financial Analyst,29,2.5,771000.0,No,25,3.9,2.0,3.5,Active,0.0,0.275,0.4166666666666667,0.84375,0.75,0.6875,38.2,Low
EMP00524,Finance,Accountant,41,5.4,850000.0,Yes,42,1.9,3.6,2.6,Resigned,1.0,0.775,0.7,0.6125,0.35,0.32499999999999996,72.5,High
EMP00013,Finance,Finance Manager,29,7.8,1078000.0,No,44,3.9,2.9,3.5,Active,0.0,0.275,0.7333333333333333,0.09999999999999998,0.525,0.025000000000000022,26.2,Low
EMP00686,Engineering,Senior Engineer,28,4.0,1148000.0,No,44,3.0,2.9,2.8,Active,0.0,0.5,0.7333333333333333,0.4632034632034632,0.525,0.5,39.5,Low
EMP00818,Operations,Ops Manager,36,4.3,773000.0,No,19,2.5,4.3,4.0,Resigned,0.0,0.625,0.31666666666666665,0.2536231884057971,0.17500000000000004,0.4625,28.5,Low
EMP00147,Engineering,Engineering Manager,38,2.0,1195000.0,Yes,24,3.9,3.3,3.0,Active,1.0,0.275,0.4,0.3701298701298701,0.42500000000000004,0.75,55.8,Medium
EMP00680,Engineering,Senior Engineer,21,1.8,1088000.0,Yes,4,2.8,3.5,4.0,Active,1.0,0.55,0.06666666666666667,0.6147186147186148,0.375,0.775,60.0,Medium
EMP01135,Customer Support,Support Associate,44,5.6,666000.0,Yes,28,2.1,3.8,4.0,Resigned,1.0,0.725,0.4666666666666667,0.1778350515463918,0.30000000000000004,0.30000000000000004,60.8,Medium
EMP00014,HR,Recruiter,45,3.2,690000.0,Yes,54,4.0,2.2,3.8,Active,1.0,0.25,0.9,0.36641221374045807,0.7,0.6,65.5,High
EMP00618,Engineering,Software Engineer,32,6.2,1110000.0,No,25,3.4,1.8,3.3,Active,0.0,0.4,0.4166666666666667,0.5541125541125541,0.8,0.22499999999999998,35.0,Low
EMP00552,Sales,Account Manager,52,0.2,639000.0,No,56,3.0,2.6,3.0,Active,0.0,0.5,0.9333333333333333,0.9319852941176471,0.6,0.975,53.0,Medium
EMP00889,Sales,Sales Executive,46,6.1,903000.0,No,32,3.1,2.8,2.4,Active,0.0,0.475,0.5333333333333333,0.15992647058823528,0.55,0.23750000000000004,30.2,Low
EMP00699,Finance,Financial Analyst,27,4.9,834000.0,No,1,5.0,2.6,3.1,Active,0.0,0.0,0.016666666666666666,0.65,0.6,0.38749999999999996,18.9,Low
EMP00021,HR,HR Generalist,21,2.3,596000.0,No,35,3.6,2.8,3.1,Active,0.0,0.35,0.5833333333333334,0.7748091603053435,0.55,0.7125,39.5,Low
EMP00896,Customer Support,Support Manager,39,5.0,666000.0,No,7,3.1,3.1,2.4,Active,0.0,0.475,0.11666666666666667,0.1778350515463918,0.475,0.375,23.7,Low
EMP00352,Sales,Sales Executive,50,5.1,729000.0,Yes,50,4.0,2.0,2.2,Resigned,1.0,0.25,0.8333333333333334,0.6727941176470589,0.75,0.36250000000000004,67.9,High
EMP00875,Finance,Financial Analyst,34,1.3,729000.0,No,45,3.0,2.8,3.5,Resigned,0.0,0.5,0.75,0.946875,0.55,0.8375,48.9,Medium
EMP00307,Engineering,Engineering Manager,25,0.6,925000.0,No,38,3.1,3.4,2.8,Active,0.0,0.475,0.6333333333333333,0.9437229437229437,0.4,0.925,45.1,Medium
EMP00825,HR,Recruiter,22,3.0,697000.0,No,56,2.7,3.8,2.8,Resigned,0.0,0.575,0.9333333333333333,0.3282442748091603,0.30000000000000004,0.625,40.7,Low
EMP00400,Operations,Ops Manager,33,4.7,685000.0,Yes,37,3.2,2.6,3.6,Active,1.0,0.44999999999999996,0.6166666666666667,0.6135265700483092,0.6,0.4125,66.9,High
EMP00205,Sales,Sales Manager,32,4.3,721000.0,No,6,3.1,4.1,3.5,Active,0.0,0.475,0.1,0.6930147058823529,0.2250000000000001,0.4625,28.2,Low
EMP01171,Engineering,Engineering Manager,36,1.2,1067000.0,Yes,38,3.1,3.1,2.2,Resigned,1.0,0.475,0.6333333333333333,0.6753246753246753,0.475,0.85,69.8,High
EMP00678,Operations,Process Lead,31,3.9,688000.0,Yes,24,3.7,1.6,2.2,Resigned,1.0,0.32499999999999996,0.4,0.606280193236715,0.85,0.5125,64.0,Medium
EMP01195,Customer Support,Support Associate,42,4.3,596000.0,No,37,2.7,2.4,3.3,Active,0.0,0.575,0.6166666666666667,0.42525773195876293,0.65,0.4625,40.2,Low
EMP00390,Customer Support,Support Manager,34,2.8,487000.0,Yes,42,4.4,2.6,3.4,Active,1.0,0.1499999999999999,0.7,0.9123711340206185,0.6,0.65,66.7,High
EMP00881,Engineering,Software Engineer,42,5.7,1136000.0,No,43,2.8,3.4,2.6,Active,0.0,0.55,0.7166666666666667,0.48484848484848486,0.4,0.2875,38.0,Low
EMP00504,Operations,Ops Manager,29,1.2,668000.0,No,34,2.9,4.1,3.4,Active,0.0,0.525,0.5666666666666667,0.6714975845410628,0.2250000000000001,0.85,38.9,Low
EMP00535,Sales,Sales Manager,49,6.3,903000.0,No,15,2.5,4.7,2.2,Active,0.0,0.625,0.25,0.15992647058823528,0.07499999999999996,0.21250000000000002,23.4,Low
EMP00273,Sales,Sales Manager,41,11.8,1029000.0,Yes,41,4.9,1.1,3.2,Active,1.0,0.02499999999999991,0.6833333333333333,0.018382352941176516,0.975,0.0,51.5,Medium
EMP00116,Customer Support,Support Manager,33,4.0,614000.0,No,51,3.6,3.3,3.2,Active,0.0,0.35,0.85,0.33247422680412375,0.42500000000000004,0.5,34.8,Low
EMP00208,Finance,Financial Analyst,21,0.5,888000.0,No,22,4.2,3.9,4.0,Active,0.0,0.19999999999999996,0.36666666666666664,0.48124999999999996,0.275,0.9375,26.3,Low
EMP00493,Finance,Accountant,36,3.8,940000.0,Yes,16,3.1,2.5,3.3,Resigned,1.0,0.475,0.26666666666666666,0.31562500000000004,0.625,0.525,58.7,Medium
EMP00717,Operations,Ops Manager,45,3.8,734000.0,No,40,3.8,3.3,2.3,Active,0.0,0.30000000000000004,0.6666666666666666,0.36714975845410625,0.42500000000000004,0.525,31.3,Low
EMP01087,HR,Recruiter,21,3.1,602000.0,Yes,17,4.3,3.2,2.9,Active,1.0,0.17500000000000004,0.2833333333333333,0.7480916030534351,0.44999999999999996,0.6125,56.3,Medium
EMP00975,Engineering,Engineering Manager,29,7.5,1573000.0,Yes,44,2.2,3.0,3.2,Resigned,1.0,0.7,0.7333333333333333,0.025974025974025983,0.5,0.0625,63.3,Medium
EMP00141,Operations,Ops Analyst,35,1.2,717000.0,No,42,4.1,4.2,3.4,Active,0.0,0.2250000000000001,0.7,0.4589371980676329,0.19999999999999996,0.85,30.5,Low
EMP00887,Engineering,Software Engineer,41,1.6,1133000.0,Yes,45,3.4,2.1,2.6,Resigned,1.0,0.4,0.75,0.49783549783549785,0.725,0.8,70.1,High
EMP00264,Sales,Account Manager,35,2.0,734000.0,No,25,2.4,4.3,2.7,Active,0.0,0.65,0.4166666666666667,0.6525735294117647,0.17500000000000004,0.75,38.0,Low
EMP01159,Operations,Ops Analyst,44,4.1,679000.0,No,7,3.4,3.3,3.1,Active,0.0,0.4,0.11666666666666667,0.6352657004830917,0.42500000000000004,0.48750000000000004,28.4,Low
EMP00419,Sales,Sales Executive,49,0.8,758000.0,No,21,4.0,4.0,3.5,Active,0.0,0.25,0.35,0.5661764705882353,0.25,0.9,27.9,Low
EMP00566,Finance,Accountant,40,1.9,841000.0,No,7,1.7,3.6,2.7,Active,0.0,0.825,0.11666666666666667,0.625,0.35,0.7625,39.2,Low
EMP00485,Sales,Account Manager,43,4.8,855000.0,No,42,4.8,1.6,2.8,Active,0.0,0.050000000000000044,0.7,0.2555147058823529,0.85,0.4,28.6,Low
EMP01170,Sales,Sales Executive,30,1.7,707000.0,No,37,2.2,3.4,2.1,Active,0.0,0.7,0.6166666666666667,0.7426470588235294,0.4,0.7875,46.6,Medium
EMP00557,Engineering,Software Engineer,42,3.8,1162000.0,No,30,2.4,3.7,4.0,Active,0.0,0.65,0.5,0.43073593073593075,0.32499999999999996,0.525,36.7,Low
EMP00748,Operations,Process Lead,47,2.9,622000.0,No,31,3.8,3.8,4.1,Active,0.0,0.30000000000000004,0.5166666666666667,0.8405797101449275,0.30000000000000004,0.6375,34.7,Low
EMP00359,Operations,Ops Manager,41,5.3,703000.0,No,15,1.1,3.4,3.5,Active,0.0,0.975,0.25,0.5289855072463768,0.4,0.3375,41.6,Low
EMP00109,Sales,Account Manager,38,1.9,747000.0,Yes,30,3.1,4.5,2.5,Resigned,1.0,0.475,0.5,0.6066176470588236,0.125,0.7625,62.0,Medium
EMP00672,Operations,Ops Manager,51,2.7,703000.0,No,11,1.6,3.7,2.7,Active,0.0,0.85,0.18333333333333332,0.5289855072463768,0.32499999999999996,0.6625,38.6,Low
EMP01115,Customer Support,Support Associate,47,3.9,506000.0,No,3,3.1,3.2,3.1,Active,0.0,0.475,0.05,0.8118556701030928,0.44999999999999996,0.5125,32.0,Low
EMP01000,Engineering,Engineering Manager,31,6.3,1339000.0,No,41,3.3,3.5,2.6,Active,0.0,0.42500000000000004,0.6833333333333333,0.1515151515151515,0.375,0.21250000000000002,29.0,Low
EMP00100,Customer Support,Support Manager,46,2.5,587000.0,No,57,3.5,4.3,3.0,Active,0.0,0.375,0.95,0.4458762886597938,0.17500000000000004,0.6875,36.7,Low
EMP00217,Sales,Sales Manager,31,3.2,810000.0,Yes,18,3.0,3.4,2.5,Resigned,1.0,0.5,0.3,0.3786764705882353,0.4,0.6,58.5,Medium
EMP00586,Finance,Accountant,27,3.6,878000.0,No,16,2.3,3.5,2.4,Active,0.0,0.675,0.26666666666666666,0.515625,0.375,0.55,35.5,Low
EMP00386,Customer Support,Support Associate,21,5.2,682000.0,Yes,45,3.3,2.1,3.2,Active,1.0,0.42500000000000004,0.75,0.134020618556701,0.725,0.35,62.9,Medium
EMP00421,Finance,Accountant,35,2.2,974000.0,No,23,2.8,4.5,3.0,Active,0.0,0.55,0.38333333333333336,0.22812500000000002,0.125,0.725,28.4,Low
EMP00413,Sales,Sales Executive,33,3.7,853000.0,No,14,3.5,5.0,3.4,Active,0.0,0.375,0.23333333333333334,0.2683823529411765,0.0,0.5375,19.7,Low
EMP00707,HR,HR Manager,47,1.6,609000.0,Yes,26,4.0,3.0,2.6,Active,1.0,0.25,0.43333333333333335,0.7404580152671756,0.5,0.8,62.1,Medium
EMP00942,Customer Support,Support Associate,32,3.0,530000.0,Yes,30,4.6,3.3,2.2,Active,1.0,0.10000000000000009,0.5,0.6958762886597938,0.42500000000000004,0.625,57.0,Medium
EMP00794,Sales,Sales Executive,31,2.9,686000.0,No,42,4.7,3.9,3.3,Active,0.0,0.07499999999999996,0.7,0.7904411764705882,0.275,0.6375,31.2,Low
EMP00306,Operations,Ops Analyst,49,4.9,845000.0,No,33,2.9,1.8,2.6,Active,0.0,0.525,0.55,0.10869565217391308,0.8,0.38749999999999996,34.8,Low
EMP00914,Customer Support,Support Associate,40,5.3,686000.0,Yes,8,3.0,3.2,3.3,Active,1.0,0.5,0.13333333333333333,0.12371134020618557,0.44999999999999996,0.3375,51.3,Medium
EMP00663,Sales,Account Manager,26,4.6,803000.0,No,2,2.4,3.0,2.4,Resigned,0.0,0.65,0.03333333333333333,0.4117647058823529,0.5,0.42500000000000004,30.4,Low
EMP01166,Customer Support,Support Associate,25,1.7,471000.0,Yes,25,3.6,1.6,4.4,Active,1.0,0.35,0.4166666666666667,0.9639175257731959,0.85,0.7875,71.5,High
EMP00364,Sales,Sales Executive,40,4.5,740000.0,No,4,4.1,2.6,3.4,Active,0.0,0.2250000000000001,0.06666666666666667,0.6286764705882353,0.6,0.4375,25.1,Low
EMP00024,Customer Support,Support Manager,46,4.2,573000.0,No,24,2.3,3.5,1.7,Resigned,0.0,0.675,0.4,0.4948453608247423,0.375,0.475,36.9,Low
EMP01039,Operations,Process Lead,40,3.2,763000.0,Yes,35,3.3,1.8,3.4,Active,1.0,0.42500000000000004,0.5833333333333334,0.28260869565217395,0.8,0.6,64.7,Medium
EMP00265,Customer Support,Support Associate,26,2.0,493000.0,No,36,3.8,4.4,1.6,Active,0.0,0.30000000000000004,0.6,0.884020618556701,0.1499999999999999,0.75,35.5,Low
EMP00756,Engineering,Engineering Manager,38,7.2,1498000.0,Yes,55,3.8,2.6,3.2,Resigned,1.0,0.30000000000000004,0.9166666666666666,0.05627705627705626,0.6,0.09999999999999998,58.5,Medium
EMP01036,Finance,Accountant,29,5.5,1101000.0,No,15,3.2,3.2,3.3,Active,0.0,0.44999999999999996,0.25,0.07187500000000002,0.44999999999999996,0.3125,23.1,Low
EMP00187,Engineering,Senior Engineer,34,3.8,1035000.0,No,25,4.0,5.0,4.8,Active,0.0,0.25,0.4166666666666667,0.7727272727272727,0.0,0.525,26.6,Low
EMP00563,Customer Support,Support Manager,34,3.2,489000.0,Yes,59,2.9,4.8,3.8,Resigned,1.0,0.525,0.9833333333333333,0.8943298969072165,0.050000000000000044,0.6,73.1,High
EMP00863,HR,HR Manager,21,2.5,722000.0,Yes,13,4.2,2.7,3.7,Active,1.0,0.19999999999999996,0.21666666666666667,0.2748091603053435,0.575,0.6875,51.1,Medium
EMP00948,Customer Support,Support Associate,37,4.4,647000.0,No,19,2.6,3.1,2.7,Active,0.0,0.6,0.31666666666666665,0.23711340206185572,0.475,0.44999999999999996,31.2,Low
EMP00124,Engineering,Senior Engineer,37,9.3,1290000.0,No,10,3.5,4.0,2.9,Active,0.0,0.375,0.16666666666666666,0.22077922077922074,0.25,0.0,17.8,Low
EMP00639,HR,HR Generalist,23,1.3,667000.0,Yes,27,5.0,2.2,3.4,Active,1.0,0.0,0.45,0.46183206106870234,0.7,0.8375,55.1,Medium
EMP00903,Sales,Account Manager,36,10.8,1019000.0,No,43,3.0,3.6,3.7,Active,0.0,0.5,0.7166666666666667,0.02573529411764708,0.35,0.0,28.0,Low
EMP01050,Engineering,Senior Engineer,42,3.8,1072000.0,No,46,3.1,4.1,3.5,Resigned,0.0,0.475,0.7666666666666667,0.6580086580086579,0.2250000000000001,0.525,38.7,Low
EMP00769,Sales,Sales Manager,42,4.8,900000.0,No,28,3.0,4.5,3.0,Active,0.0,0.5,0.4666666666666667,0.16911764705882348,0.125,0.4,25.7,Low
EMP00587,Sales,Sales Manager,44,4.1,704000.0,No,43,4.0,2.8,2.8,Active,0.0,0.25,0.7166666666666667,0.75,0.55,0.48750000000000004,37.5,Low
EMP01138,Operations,Ops Analyst,21,5.5,684000.0,Yes,17,4.6,3.0,3.9,Active,1.0,0.10000000000000009,0.2833333333333333,0.6207729468599034,0.5,0.3125,51.5,Medium
EMP01075,Customer Support,Support Associate,25,5.1,623000.0,No,38,3.9,4.0,2.0,Active,0.0,0.275,0.6333333333333333,0.29639175257731953,0.25,0.36250000000000004,26.1,Low
EMP00148,Operations,Ops Manager,39,1.8,725000.0,No,59,3.1,5.0,2.3,Resigned,0.0,0.475,0.9833333333333333,0.4130434782608695,0.0,0.775,37.6,Low
EMP00934,HR,HR Manager,47,1.7,663000.0,No,44,2.7,3.9,3.5,Active,0.0,0.575,0.7333333333333333,0.48091603053435117,0.275,0.7875,40.3,Low
EMP00494,Engineering,Engineering Manager,38,5.5,1133000.0,No,53,4.1,3.5,2.9,Active,0.0,0.2250000000000001,0.8833333333333333,0.49783549783549785,0.375,0.3125,32.9,Low
EMP00225,Engineering,Engineering Manager,44,1.7,939000.0,No,17,4.1,3.4,3.7,Active,0.0,0.2250000000000001,0.2833333333333333,0.9285714285714286,0.4,0.7875,32.5,Low
EMP00832,Operations,Ops Analyst,23,2.4,770000.0,No,13,2.5,3.2,2.6,Active,0.0,0.625,0.21666666666666667,0.27053140096618356,0.44999999999999996,0.7,31.9,Low
EMP00071,Sales,Sales Manager,33,6.2,945000.0,No,9,3.0,4.7,2.3,Active,0.0,0.5,0.15,0.08088235294117652,0.07499999999999996,0.22499999999999998,17.8,Low
EMP00692,Customer Support,Support Lead,24,2.4,549000.0,Yes,13,4.7,2.7,2.5,Resigned,1.0,0.07499999999999996,0.21666666666666667,0.595360824742268,0.575,0.7,52.7,Medium
EMP00281,Sales,Sales Executive,34,2.0,798000.0,Yes,55,2.8,2.9,3.2,Resigned,1.0,0.55,0.9166666666666666,0.4319852941176471,0.525,0.75,72.7,High
EMP00172,Operations,Process Lead,35,1.5,629000.0,No,21,2.2,2.1,3.5,Active,0.0,0.7,0.35,0.8115942028985508,0.725,0.8125,47.3,Medium
EMP00749,HR,HR Manager,43,1.5,596000.0,Yes,35,3.0,3.0,3.0,Active,1.0,0.5,0.5833333333333334,0.7748091603053435,0.5,0.8125,71.1,High
EMP00169,Engineering,Senior Engineer,38,1.6,1121000.0,No,32,3.4,2.8,2.9,Active,0.0,0.4,0.5333333333333333,0.5238095238095238,0.55,0.8,36.9,Low
EMP00892,Customer Support,Support Lead,51,4.6,559000.0,No,48,5.0,3.4,3.9,Active,0.0,0.0,0.8,0.5489690721649485,0.4,0.42500000000000004,27.8,Low
EMP00284,Engineering,Engineering Manager,45,7.9,1238000.0,No,46,2.7,3.7,3.6,Active,0.0,0.575,0.7666666666666667,0.3116883116883117,0.32499999999999996,0.012499999999999956,34.4,Low
EMP01052,Sales,Sales Executive,32,7.6,905000.0,No,48,3.7,3.5,3.1,Active,0.0,0.32499999999999996,0.8,0.15441176470588236,0.375,0.050000000000000044,27.6,Low
EMP00126,Operations,Ops Analyst,37,3.4,759000.0,Yes,32,2.8,2.9,2.6,Resigned,1.0,0.55,0.5333333333333333,0.2995169082125604,0.525,0.575,63.7,Medium
EMP01165,Sales,Sales Manager,30,4.5,871000.0,No,54,2.5,2.9,2.9,Active,0.0,0.625,0.9,0.2095588235294118,0.525,0.4375,41.3,Low
EMP01196,Sales,Sales Executive,35,4.6,828000.0,Yes,15,2.3,1.8,4.8,Resigned,1.0,0.675,0.25,0.3308823529411765,0.8,0.42500000000000004,65.0,High
EMP00165,Operations,Ops Manager,38,3.3,722000.0,Yes,17,2.9,1.2,2.3,Active,1.0,0.525,0.2833333333333333,0.4347826086956522,0.95,0.5875,66.1,High
EMP01009,Finance,Accountant,27,4.7,878000.0,No,18,3.6,1.5,2.8,Active,0.0,0.35,0.3,0.515625,0.875,0.4125,33.4,Low
EMP01153,Sales,Sales Manager,48,1.5,631000.0,Yes,31,4.9,3.0,3.3,Active,1.0,0.02499999999999991,0.5166666666666667,0.9613970588235294,0.5,0.8125,61.2,Medium
EMP00532,Finance,Finance Manager,43,2.8,746000.0,Yes,54,2.0,1.8,1.9,Active,1.0,0.75,0.9,0.896875,0.8,0.65,86.5,High
EMP00841,Sales,Sales Executive,44,3.6,855000.0,No,18,2.6,2.9,3.7,Active,0.0,0.6,0.3,0.2555147058823529,0.525,0.55,32.4,Low
EMP00043,Finance,Financial Analyst,24,0.3,729000.0,No,5,3.3,2.9,3.7,Resigned,0.0,0.42500000000000004,0.08333333333333333,0.946875,0.525,0.9625,36.9,Low
EMP00782,Customer Support,Support Associate,37,4.3,681000.0,No,43,1.9,3.0,3.9,Active,0.0,0.775,0.7166666666666667,0.1391752577319587,0.5,0.4625,40.8,Low
EMP00919,Engineering,Software Engineer,27,3.3,1127000.0,Yes,19,2.7,1.8,2.5,Resigned,1.0,0.575,0.31666666666666665,0.5108225108225108,0.8,0.5875,67.1,High
EMP00689,HR,HR Generalist,35,1.3,586000.0,No,5,4.2,3.8,3.3,Active,0.0,0.19999999999999996,0.08333333333333333,0.8091603053435115,0.30000000000000004,0.8375,26.1,Low
EMP00579,Customer Support,Support Associate,30,2.3,521000.0,No,57,5.0,1.7,2.4,Active,0.0,0.0,0.95,0.7577319587628866,0.825,0.7125,40.0,Low
EMP00133,Operations,Process Lead,36,2.0,729000.0,No,49,3.3,3.8,2.7,Active,0.0,0.42500000000000004,0.8166666666666667,0.38888888888888884,0.30000000000000004,0.75,36.8,Low
EMP01014,Customer Support,Support Associate,45,0.1,442000.0,No,57,4.1,3.4,2.4,Active,0.0,0.2250000000000001,0.95,0.9948453608247423,0.4,0.9875,45.3,Medium
EMP00468,Customer Support,Support Associate,35,0.1,460000.0,No,21,1.9,3.2,2.2,Active,0.0,0.775,0.35,0.9742268041237113,0.44999999999999996,0.9875,49.2,Medium
EMP00039,Engineering,Engineering Manager,31,2.4,1143000.0,No,13,4.3,4.2,3.2,Active,0.0,0.17500000000000004,0.21666666666666667,0.47186147186147187,0.19999999999999996,0.7,20.9,Low
EMP00964,Sales,Sales Manager,21,1.5,723000.0,No,27,3.3,3.6,3.0,Active,0.0,0.42500000000000004,0.45,0.6819852941176471,0.35,0.8125,36.0,Low
EMP01006,Engineering,Senior Engineer,42,9.3,1467000.0,Yes,39,2.5,3.1,4.8,Active,1.0,0.625,0.65,0.0670995670995671,0.475,0.0,60.0,Medium
EMP01042,Finance,Financial Analyst,45,1.0,733000.0,Yes,1,3.1,1.8,3.3,Active,1.0,0.475,0.016666666666666666,0.93125,0.8,0.875,67.6,High
EMP00509,Operations,Ops Analyst,30,2.1,725000.0,Yes,56,3.0,2.1,2.1,Active,1.0,0.5,0.9333333333333333,0.4130434782608695,0.725,0.7375,73.8,High
EMP00167,HR,HR Manager,21,5.5,658000.0,Yes,21,4.8,5.0,3.8,Resigned,1.0,0.050000000000000044,0.35,0.4961832061068703,0.0,0.3125,43.6,Low
EMP00541,Customer Support,Support Manager,28,3.6,572000.0,No,51,1.2,1.6,2.3,Active,0.0,0.95,0.85,0.5025773195876289,0.85,0.55,56.9,Medium
EMP00072,Engineering,Software Engineer,38,2.7,1066000.0,No,16,3.4,3.0,3.5,Active,0.0,0.4,0.26666666666666666,0.6818181818181819,0.5,0.6625,33.4,Low
EMP00907,Operations,Ops Analyst,28,1.9,658000.0,Yes,26,4.5,3.8,2.5,Resigned,1.0,0.125,0.43333333333333335,0.7149758454106281,0.30000000000000004,0.7625,56.1,Medium
EMP00906,Finance,Financial Analyst,27,3.5,814000.0,No,30,4.2,4.0,4.5,Active,0.0,0.19999999999999996,0.5,0.70625,0.25,0.5625,29.1,Low
EMP01200,Finance,Accountant,44,1.5,733000.0,No,52,3.3,1.4,3.0,Active,0.0,0.42500000000000004,0.8666666666666667,0.93125,0.9,0.8125,52.8,Medium
EMP00993,HR,HR Manager,27,2.1,634000.0,No,18,3.9,1.6,3.0,Active,0.0,0.275,0.3,0.6183206106870229,0.85,0.7375,34.7,Low
EMP00927,Sales,Sales Executive,32,4.7,835000.0,No,54,1.4,2.7,3.3,Resigned,0.0,0.9,0.9,0.31985294117647056,0.575,0.4125,49.9,Medium
EMP00005,Sales,Account Manager,38,2.7,667000.0,No,42,3.4,2.3,2.8,Active,0.0,0.4,0.7,0.8474264705882353,0.675,0.6625,44.7,Low
EMP00340,Customer Support,Support Lead,26,2.1,587000.0,Yes,60,3.3,3.9,3.2,Active,1.0,0.42500000000000004,1.0,0.4458762886597938,0.275,0.7375,68.2,High
EMP00695,Customer Support,Support Manager,32,4.9,555000.0,No,37,2.4,4.2,4.0,Active,0.0,0.65,0.6166666666666667,0.5567010309278351,0.19999999999999996,0.38749999999999996,38.0,Low
EMP00715,HR,Recruiter,35,6.4,763000.0,No,59,3.6,3.3,2.6,Active,0.0,0.35,0.9833333333333333,0.1564885496183206,0.42500000000000004,0.19999999999999996,32.6,Low
EMP00378,Operations,Process Lead,42,6.3,742000.0,Yes,28,5.0,3.1,3.4,Active,1.0,0.0,0.4666666666666667,0.3405797101449275,0.475,0.21250000000000002,47.2,Medium
EMP00448,Finance,Accountant,29,2.4,749000.0,No,50,4.2,1.0,2.1,Active,0.0,0.19999999999999996,0.8333333333333334,0.8875,1.0,0.7,46.8,Medium
EMP00652,Customer Support,Support Associate,25,0.5,504000.0,No,7,3.2,3.2,2.3,Active,0.0,0.44999999999999996,0.11666666666666667,0.8298969072164948,0.44999999999999996,0.9375,35.3,Low
EMP01053,Engineering,Senior Engineer,53,6.9,1189000.0,Yes,17,2.9,1.3,4.0,Active,1.0,0.525,0.2833333333333333,0.3982683982683982,0.925,0.13749999999999996,62.6,Medium
EMP00501,Finance,Accountant,35,2.6,935000.0,No,41,3.2,1.9,3.7,Active,0.0,0.44999999999999996,0.6833333333333333,0.3375,0.775,0.675,39.8,Low
EMP00805,Sales,Sales Executive,41,9.8,1092000.0,No,20,4.1,2.7,4.1,Active,0.0,0.2250000000000001,0.3333333333333333,0.011029411764705843,0.575,0.0,17.8,Low
EMP01077,Operations,Ops Manager,25,3.5,618000.0,No,18,3.5,4.7,3.4,Active,0.0,0.375,0.3,0.857487922705314,0.07499999999999996,0.5625,30.1,Low
EMP00095,Engineering,Senior Engineer,31,1.7,1062000.0,No,26,4.4,3.9,2.8,Active,0.0,0.1499999999999999,0.43333333333333335,0.7056277056277056,0.275,0.7875,28.4,Low
EMP00096,Finance,Financial Analyst,40,1.2,818000.0,No,16,3.0,4.1,2.8,Active,0.0,0.5,0.26666666666666666,0.69375,0.2250000000000001,0.85,33.8,Low
EMP00309,Engineering,Engineering Manager,31,0.4,929000.0,Yes,27,3.1,3.1,3.1,Active,1.0,0.475,0.45,0.9393939393939394,0.475,0.95,71.2,High
EMP00747,Engineering,Senior Engineer,38,4.0,1231000.0,No,7,3.8,4.2,2.5,Active,0.0,0.30000000000000004,0.11666666666666667,0.316017316017316,0.19999999999999996,0.5,18.9,Low
EMP00490,Operations,Ops Analyst,21,2.2,744000.0,No,38,4.5,3.2,3.2,Active,0.0,0.125,0.6333333333333333,0.33333333333333337,0.44999999999999996,0.725,27.6,Low
EMP00603,Customer Support,Support Manager,37,1.8,494000.0,No,9,1.7,3.8,3.9,Active,0.0,0.825,0.15,0.8762886597938144,0.30000000000000004,0.775,42.7,Low
EMP00059,Sales,Account Manager,42,9.5,927000.0,No,6,3.4,3.1,2.9,Active,0.0,0.4,0.1,0.1158088235294118,0.475,0.0,18.5,Low
EMP00066,Operations,Ops Analyst,36,1.5,581000.0,No,42,3.5,3.1,4.2,Active,0.0,0.375,0.7,0.9541062801932367,0.475,0.8125,44.1,Low
EMP00326,Finance,Accountant,41,3.2,786000.0,No,14,2.7,2.9,3.7,Active,0.0,0.575,0.23333333333333334,0.80625,0.525,0.6,38.7,Low
EMP00518,HR,HR Manager,42,0.4,498000.0,Yes,13,4.1,3.8,4.7,Active,1.0,0.2250000000000001,0.21666666666666667,0.9732824427480916,0.30000000000000004,0.95,59.8,Medium
EMP00025,HR,Recruiter,32,2.1,682000.0,Yes,52,5.0,1.3,1.0,Active,1.0,0.0,0.8666666666666667,0.3969465648854962,0.925,0.7375,62.9,Medium
EMP01024,Operations,Ops Manager,21,2.3,591000.0,Yes,51,2.9,3.7,2.8,Active,1.0,0.525,0.85,0.9130434782608696,0.32499999999999996,0.7125,75.2,High
EMP00245,Finance,Accountant,42,6.3,905000.0,No,9,3.6,4.7,3.0,Active,0.0,0.35,0.15,0.390625,0.07499999999999996,0.21250000000000002,18.4,Low
EMP00223,Finance,Financial Analyst,46,1.4,857000.0,No,35,3.9,5.0,3.3,Active,0.0,0.275,0.5833333333333334,0.5875,0.0,0.825,29.1,Low
EMP00604,Finance,Finance Manager,35,2.8,995000.0,No,59,4.1,5.0,3.5,Active,0.0,0.2250000000000001,0.9833333333333333,0.19374999999999998,0.0,0.65,27.7,Low
EMP00106,Finance,Financial Analyst,30,5.2,903000.0,Yes,42,2.7,3.4,3.1,Active,1.0,0.575,0.7,0.40312499999999996,0.4,0.35,65.5,High
EMP01086,HR,HR Generalist,23,2.8,613000.0,No,10,2.0,4.5,3.0,Active,0.0,0.75,0.16666666666666666,0.7175572519083969,0.125,0.65,36.1,Low
EMP00131,Sales,Sales Manager,34,0.7,655000.0,No,41,2.4,2.8,3.8,Active,0.0,0.65,0.6833333333333333,0.8952205882352942,0.55,0.9125,51.1,Medium
EMP00154,Operations,Ops Analyst,39,2.3,607000.0,No,57,2.9,3.3,3.3,Active,0.0,0.525,0.95,0.8840579710144928,0.42500000000000004,0.7125,49.6,Medium
EMP01079,Finance,Accountant,39,7.9,1226000.0,No,20,4.0,3.9,3.4,Active,0.0,0.25,0.3333333333333333,0.03125,0.275,0.012499999999999956,15.1,Low
EMP00973,Sales,Sales Executive,46,4.9,934000.0,No,40,3.2,4.2,3.9,Active,0.0,0.44999999999999996,0.6666666666666666,0.10661764705882348,0.19999999999999996,0.38749999999999996,27.7,Low
EMP00871,HR,HR Generalist,36,4.2,731000.0,Yes,13,4.5,1.8,2.9,Active,1.0,0.125,0.21666666666666667,0.23664122137404575,0.8,0.475,50.2,Medium
EMP00978,Engineering,Senior Engineer,30,4.9,1288000.0,No,59,4.7,2.4,1.9,Active,0.0,0.07499999999999996,0.9833333333333333,0.2316017316017316,0.65,0.38749999999999996,30.9,Low
EMP00076,Engineering,Senior Engineer,21,4.3,1357000.0,No,25,4.7,4.0,4.2,Active,0.0,0.07499999999999996,0.4166666666666667,0.1255411255411255,0.25,0.4625,16.0,Low
EMP01133,Sales,Sales Executive,33,2.6,685000.0,Yes,31,3.6,4.0,3.0,Resigned,1.0,0.35,0.5166666666666667,0.7941176470588236,0.25,0.675,62.8,Medium
EMP01070,Engineering,Engineering Manager,34,2.3,1230000.0,No,52,2.8,4.4,3.6,Active,0.0,0.55,0.8666666666666667,0.3225108225108225,0.1499999999999999,0.7125,37.7,Low
EMP00923,Finance,Finance Manager,33,1.8,734000.0,No,25,3.0,4.4,1.9,Resigned,0.0,0.5,0.4166666666666667,0.91875,0.1499999999999999,0.775,38.0,Low
EMP00317,Engineering,Senior Engineer,21,3.7,1226000.0,No,52,4.1,3.4,4.5,Active,0.0,0.2250000000000001,0.8666666666666667,0.33333333333333337,0.4,0.5375,32.0,Low
EMP00985,Sales,Sales Manager,29,2.2,813000.0,Yes,41,3.6,2.7,3.7,Active,1.0,0.35,0.6833333333333333,0.3694852941176471,0.575,0.725,63.8,Medium
EMP00743,Customer Support,Support Lead,26,8.7,715000.0,No,4,2.7,3.9,2.8,Active,0.0,0.575,0.06666666666666667,0.07731958762886593,0.275,0.0,19.2,Low
EMP00200,Engineering,Senior Engineer,51,4.6,1254000.0,No,36,3.1,3.6,4.0,Active,0.0,0.475,0.6,0.2943722943722944,0.35,0.42500000000000004,31.9,Low
EMP00862,Finance,Accountant,38,2.5,746000.0,No,10,4.4,4.7,3.3,Active,0.0,0.1499999999999999,0.16666666666666666,0.896875,0.07499999999999996,0.6875,23.8,Low
EMP00135,Operations,Process Lead,34,2.2,704000.0,No,31,4.6,3.0,3.0,Active,0.0,0.10000000000000009,0.5166666666666667,0.5169082125603865,0.5,0.725,28.3,Low
EMP00327,HR,HR Generalist,27,3.0,722000.0,Yes,23,4.3,2.5,5.0,Active,1.0,0.17500000000000004,0.38333333333333336,0.2748091603053435,0.625,0.625,53.4,Medium
EMP00260,Operations,Ops Analyst,38,4.2,807000.0,No,51,3.5,3.0,3.0,Active,0.0,0.375,0.85,0.18840579710144922,0.5,0.475,34.1,Low
EMP00972,Sales,Sales Executive,35,3.7,786000.0,No,33,1.9,2.8,2.6,Resigned,0.0,0.775,0.55,0.4632352941176471,0.55,0.5375,43.7,Low
EMP00004,Finance,Accountant,34,1.2,762000.0,No,9,2.2,3.6,3.3,Active,0.0,0.7,0.15,0.875,0.35,0.85,40.8,Low
EMP00849,Sales,Sales Executive,21,6.3,898000.0,No,11,3.6,3.1,2.3,Active,0.0,0.35,0.18333333333333332,0.17647058823529416,0.475,0.21250000000000002,20.8,Low
EMP00211,Finance,Finance Manager,46,5.0,1052000.0,No,36,3.4,3.2,4.1,Active,0.0,0.4,0.6,0.125,0.44999999999999996,0.375,28.6,Low
EMP00197,Operations,Ops Manager,34,4.9,870000.0,No,25,2.1,3.3,3.2,Active,0.0,0.725,0.4166666666666667,0.08212560386473433,0.42500000000000004,0.38749999999999996,32.6,Low
EMP00560,Operations,Ops Manager,33,4.1,666000.0,No,49,4.7,2.6,2.0,Active,0.0,0.07499999999999996,0.8166666666666667,0.6811594202898551,0.6,0.48750000000000004,34.5,Low
EMP00537,Operations,Process Lead,31,1.2,623000.0,No,45,4.1,5.0,3.0,Active,0.0,0.2250000000000001,0.75,0.8357487922705313,0.0,0.85,34.2,Low
EMP00592,Operations,Ops Manager,33,4.4,690000.0,No,23,3.3,5.0,2.2,Active,0.0,0.42500000000000004,0.38333333333333336,0.5869565217391304,0.0,0.44999999999999996,27.3,Low
EMP00027,Operations,Ops Analyst,41,0.4,577000.0,Yes,57,4.9,1.0,4.8,Active,1.0,0.02499999999999991,0.95,0.961352657004831,1.0,0.95,75.0,High
EMP01089,Operations,Ops Manager,28,1.8,584000.0,No,31,3.5,2.6,3.7,Active,0.0,0.375,0.5166666666666667,0.9323671497584541,0.6,0.775,42.2,Low
EMP00902,Engineering,Software Engineer,35,0.8,1073000.0,No,11,1.0,4.2,3.6,Active,0.0,1.0,0.18333333333333332,0.6536796536796536,0.19999999999999996,0.9,43.9,Low
EMP01130,Customer Support,Support Associate,27,3.2,553000.0,No,17,2.6,2.4,2.1,Active,0.0,0.6,0.2833333333333333,0.5747422680412371,0.65,0.6,38.4,Low
EMP00595,Sales,Sales Manager,41,3.8,781000.0,No,41,3.4,2.4,4.1,Active,0.0,0.4,0.6833333333333333,0.4816176470588235,0.65,0.525,38.2,Low
EMP00062,Operations,Ops Analyst,26,3.2,612000.0,No,11,3.7,3.9,3.7,Active,0.0,0.32499999999999996,0.18333333333333332,0.8743961352657005,0.275,0.6,29.9,Low
EMP00723,Sales,Account Manager,37,6.0,968000.0,No,24,4.0,3.5,3.7,Active,0.0,0.25,0.4,0.0533088235294118,0.375,0.25,19.1,Low
EMP00267,Engineering,Software Engineer,38,10.1,1615000.0,No,54,2.5,3.8,4.3,Resigned,0.0,0.625,0.9,0.008658008658008698,0.30000000000000004,0.0,33.1,Low
EMP00983,HR,HR Manager,36,1.6,666000.0,No,37,3.4,2.9,3.6,Active,0.0,0.4,0.6166666666666667,0.4732824427480916,0.525,0.8,37.2,Low
EMP00682,Sales,Sales Manager,41,6.2,794000.0,Yes,24,2.5,2.6,3.9,Resigned,1.0,0.625,0.4,0.44485294117647056,0.6,0.22499999999999998,64.2,Medium
EMP00638,Finance,Financial Analyst,41,7.7,1039000.0,No,57,2.6,3.4,3.5,Active,0.0,0.6,0.95,0.13124999999999998,0.4,0.03749999999999998,36.5,Low
EMP00780,Customer Support,Support Associate,29,2.2,607000.0,Yes,21,2.9,3.9,2.4,Active,1.0,0.525,0.35,0.35051546391752575,0.275,0.725,58.8,Medium
EMP00598,Finance,Accountant,37,10.6,1067000.0,Yes,39,3.3,3.6,2.3,Active,1.0,0.42500000000000004,0.65,0.11875000000000002,0.35,0.0,54.5,Medium
EMP00574,HR,HR Manager,50,5.7,646000.0,Yes,38,3.0,1.3,3.0,Active,1.0,0.5,0.6333333333333333,0.5763358778625954,0.925,0.2875,71.0,High
EMP00458,Operations,Process Lead,31,2.5,646000.0,Yes,47,4.7,2.6,2.1,Resigned,1.0,0.07499999999999996,0.7833333333333333,0.748792270531401,0.6,0.6875,64.1,Medium
EMP00926,Engineering,Engineering Manager,41,1.3,990000.0,Yes,13,5.0,3.6,2.2,Active,1.0,0.0,0.21666666666666667,0.8744588744588745,0.35,0.8375,52.9,Medium
EMP00886,Engineering,Senior Engineer,21,8.5,1546000.0,No,49,2.2,3.8,3.6,Active,0.0,0.7,0.8166666666666667,0.03246753246753242,0.30000000000000004,0.0,33.9,Low
EMP00009,Sales,Account Manager,52,3.2,692000.0,No,56,3.8,1.0,3.3,Active,0.0,0.30000000000000004,0.9333333333333333,0.7794117647058824,1.0,0.6,48.6,Medium
EMP00978,Engineering,Senior Engineer,30,4.9,1288000.0,No,59,4.7,2.4,1.9,Active,0.0,0.07499999999999996,0.9833333333333333,0.2316017316017316,0.65,0.38749999999999996,30.9,Low
EMP01043,Finance,Accountant,37,1.0,876000.0,No,13,2.8,2.1,2.4,Resigned,0.0,0.55,0.21666666666666667,0.534375,0.725,0.875,38.1,Low
EMP00649,Finance,Financial Analyst,21,3.5,772000.0,Yes,55,1.9,3.6,3.7,Resigned,1.0,0.775,0.9166666666666666,0.8375,0.35,0.5625,80.6,High
EMP00658,Engineering,Software Engineer,45,5.9,1271000.0,No,41,5.0,4.0,2.2,Active,0.0,0.0,0.6833333333333333,0.2640692640692641,0.25,0.26249999999999996,19.2,Low
EMP00820,Engineering,Senior Engineer,32,0.2,889000.0,Yes,26,2.9,3.9,4.1,Resigned,1.0,0.525,0.43333333333333335,0.974025974025974,0.275,0.975,70.3,High
EMP01117,Sales,Sales Executive,35,3.4,816000.0,No,42,4.1,4.1,4.1,Active,0.0,0.2250000000000001,0.7,0.3621323529411765,0.2250000000000001,0.575,27.8,Low
EMP00075,Sales,Sales Executive,43,4.1,863000.0,No,1,3.3,2.3,3.6,Active,0.0,0.42500000000000004,0.016666666666666666,0.23529411764705888,0.675,0.48750000000000004,24.8,Low
EMP00564,Finance,Financial Analyst,34,5.3,894000.0,Yes,52,4.7,3.4,3.7,Active,1.0,0.07499999999999996,0.8666666666666667,0.44062500000000004,0.4,0.3375,56.7,Medium
EMP01019,Sales,Sales Executive,33,2.1,735000.0,No,4,4.9,3.9,1.4,Active,0.0,0.02499999999999991,0.06666666666666667,0.6452205882352942,0.275,0.7375,18.4,Low
EMP00058,Operations,Process Lead,33,0.4,551000.0,No,13,3.6,2.2,3.6,Active,0.0,0.35,0.21666666666666667,0.9951690821256038,0.7,0.95,39.9,Low
EMP01027,Customer Support,Support Lead,26,1.3,459000.0,No,40,3.0,1.4,3.1,Active,0.0,0.5,0.6666666666666666,0.9819587628865979,0.9,0.8375,52.2,Medium
EMP00479,Finance,Finance Manager,26,0.9,897000.0,Yes,54,3.8,3.5,3.1,Active,1.0,0.30000000000000004,0.9,0.42500000000000004,0.375,0.8875,65.4,High
EMP00298,HR,Recruiter,40,1.4,655000.0,Yes,43,4.4,3.0,3.4,Resigned,1.0,0.1499999999999999,0.7166666666666667,0.5190839694656488,0.5,0.825,61.3,Medium
EMP00955,Customer Support,Support Manager,32,3.7,596000.0,Yes,19,3.4,2.2,2.7,Active,1.0,0.4,0.31666666666666665,0.42525773195876293,0.7,0.5375,60.2,Medium
EMP00218,Sales,Sales Executive,28,6.3,848000.0,No,20,4.8,2.8,4.4,Active,0.0,0.050000000000000044,0.3333333333333333,0.28860294117647056,0.55,0.21250000000000002,18.4,Low
EMP00713,HR,HR Generalist,28,2.1,631000.0,Yes,37,2.9,2.8,4.3,Active,1.0,0.525,0.6166666666666667,0.633587786259542,0.55,0.7375,70.4,High
EMP00669,Engineering,Software Engineer,36,6.8,1286000.0,No,2,4.9,1.4,1.7,Active,0.0,0.02499999999999991,0.03333333333333333,0.23809523809523814,0.9,0.15000000000000002,16.2,Low
EMP00345,HR,HR Generalist,25,1.6,520000.0,Yes,19,4.7,2.4,2.8,Active,1.0,0.07499999999999996,0.31666666666666665,0.9312977099236641,0.65,0.8,60.5,Medium
EMP00714,Customer Support,Support Manager,29,6.6,599000.0,Yes,57,3.8,5.0,3.6,Active,1.0,0.30000000000000004,0.95,0.39432989690721654,0.0,0.17500000000000004,57.0,Medium
EMP00007,HR,Recruiter,37,15.4,794000.0,No,26,2.7,3.0,3.4,Active,0.0,0.575,0.43333333333333335,0.10305343511450382,0.5,0.0,28.2,Low
EMP00940,Sales,Sales Manager,36,3.9,865000.0,No,26,3.2,3.1,3.2,Active,0.0,0.44999999999999996,0.43333333333333335,0.22977941176470584,0.475,0.5125,29.7,Low
EMP00755,Finance,Financial Analyst,30,5.2,970000.0,Yes,24,3.3,3.8,4.0,Active,1.0,0.42500000000000004,0.4,0.24375000000000002,0.30000000000000004,0.35,53.7,Medium
EMP01040,Sales,Sales Manager,41,1.0,644000.0,No,36,2.7,4.2,2.1,Resigned,0.0,0.575,0.6,0.9227941176470589,0.19999999999999996,0.875,44.0,Low
EMP00703,Sales,Sales Executive,33,4.0,777000.0,Yes,3,1.9,2.6,3.3,Resigned,1.0,0.775,0.05,0.4944852941176471,0.6,0.5,64.5,Medium
EMP00869,Sales,Sales Executive,42,1.8,675000.0,Yes,34,3.6,3.3,3.3,Active,1.0,0.35,0.5666666666666667,0.8308823529411764,0.42500000000000004,0.775,66.8,High
EMP00958,Operations,Process Lead,30,2.8,750000.0,No,26,5.0,5.0,2.3,Active,0.0,0.0,0.43333333333333335,0.3115942028985508,0.0,0.65,15.2,Low
EMP00007,HR,Recruiter,37,15.4,794000.0,No,26,2.7,3.0,3.4,Active,0.0,0.575,0.43333333333333335,0.10305343511450382,0.5,0.0,28.2,Low
EMP00410,Customer Support,Support Associate,45,11.3,720000.0,No,8,2.9,1.8,3.6,Active,0.0,0.525,0.13333333333333333,0.05670103092783507,0.8,0.0,25.1,Low
EMP00123,Sales,Sales Executive,31,4.7,813000.0,Yes,13,4.5,4.4,2.8,Active,1.0,0.125,0.21666666666666667,0.3694852941176471,0.1499999999999999,0.4125,43.9,Low
EMP01049,Customer Support,Support Lead,32,2.2,605000.0,No,52,3.0,2.5,3.1,Active,0.0,0.5,0.8666666666666667,0.36340206185567014,0.625,0.725,42.8,Low
EMP00139,HR,Recruiter,60,4.8,695000.0,Yes,24,4.1,1.7,2.4,Active,1.0,0.2250000000000001,0.4,0.35114503816793896,0.825,0.4,57.0,Medium
EMP00164,Sales,Account Manager,30,3.5,798000.0,No,57,3.8,2.3,2.8,Active,0.0,0.30000000000000004,0.95,0.4319852941176471,0.675,0.5625,39.9,Low
EMP00734,Engineering,Software Engineer,43,1.0,1095000.0,Yes,26,3.9,2.3,3.5,Active,1.0,0.275,0.43333333333333335,0.5930735930735931,0.675,0.875,63.2,Medium
EMP00549,HR,Recruiter,33,4.5,763000.0,No,33,2.1,3.3,3.5,Resigned,0.0,0.725,0.55,0.1564885496183206,0.42500000000000004,0.4375,36.1,Low
EMP01072,Finance,Finance Manager,49,5.6,1033000.0,Yes,2,5.0,2.6,3.2,Active,1.0,0.0,0.03333333333333333,0.15000000000000002,0.6,0.30000000000000004,39.6,Low
EMP00044,Engineering,Software Engineer,28,1.1,914000.0,No,34,3.6,3.8,3.0,Active,0.0,0.35,0.5666666666666667,0.9567099567099567,0.30000000000000004,0.8625,39.6,Low
EMP00779,HR,HR Generalist,27,2.9,614000.0,Yes,7,3.7,2.8,2.2,Active,1.0,0.32499999999999996,0.11666666666666667,0.7099236641221374,0.55,0.6375,58.0,Medium
EMP01056,Finance,Finance Manager,27,1.6,869000.0,Yes,48,5.0,2.1,2.8,Active,1.0,0.0,0.8,0.55625,0.725,0.8,62.1,Medium
EMP00320,Customer Support,Support Associate,22,0.5,538000.0,No,59,2.9,2.1,4.2,Active,0.0,0.525,0.9833333333333333,0.6649484536082475,0.725,0.9375,52.0,Medium
EMP00796,Engineering,Software Engineer,36,4.3,1048000.0,No,41,2.7,2.1,3.1,Resigned,0.0,0.575,0.6833333333333333,0.722943722943723,0.725,0.4625,46.3,Medium
EMP00452,Customer Support,Support Lead,28,3.9,531000.0,No,26,3.1,2.6,4.7,Active,0.0,0.475,0.43333333333333335,0.6881443298969072,0.6,0.5125,38.2,Low
EMP00295,Customer Support,Support Manager,39,2.3,548000.0,No,24,4.1,2.1,2.8,Active,0.0,0.2250000000000001,0.4,0.6082474226804124,0.725,0.7125,33.3,Low
EMP00588,Engineering,Engineering Manager,24,6.6,1341000.0,Yes,36,3.9,3.4,4.1,Active,1.0,0.275,0.6,0.1471861471861472,0.4,0.17500000000000004,52.1,Medium
EMP00559,Operations,Ops Manager,34,2.3,640000.0,No,25,3.4,3.9,3.8,Active,0.0,0.4,0.4166666666666667,0.7729468599033816,0.275,0.7125,34.7,Low
EMP01020,Operations,Ops Analyst,37,2.9,616000.0,Yes,6,4.0,2.2,3.0,Active,1.0,0.25,0.1,0.8647342995169083,0.7,0.6375,59.9,Medium
EMP00507,Engineering,Senior Engineer,23,3.2,1016000.0,No,19,3.9,4.0,3.0,Active,0.0,0.275,0.31666666666666665,0.841991341991342,0.25,0.6,30.1,Low
EMP00020,Finance,Accountant,28,2.4,938000.0,No,26,3.2,3.2,3.3,Active,0.0,0.44999999999999996,0.43333333333333335,0.328125,0.44999999999999996,0.7,31.9,Low
EMP00474,Sales,Sales Executive,35,1.1,659000.0,No,16,3.3,2.1,3.0,Active,0.0,0.42500000000000004,0.26666666666666666,0.8823529411764706,0.725,0.8625,40.7,Low
EMP00675,Operations,Ops Manager,45,4.5,693000.0,Yes,48,3.6,2.6,3.6,Active,1.0,0.35,0.8,0.5652173913043479,0.6,0.4375,66.9,High
EMP00700,Engineering,Software Engineer,30,3.1,1244000.0,Yes,35,3.8,2.5,2.0,Active,1.0,0.30000000000000004,0.5833333333333334,0.303030303030303,0.625,0.6125,60.0,Medium
EMP01055,Engineering,Engineering Manager,32,2.1,1050000.0,No,24,2.9,4.2,2.6,Resigned,0.0,0.525,0.4,0.7186147186147186,0.19999999999999996,0.7375,35.9,Low
EMP01101,Sales,Sales Executive,37,2.2,783000.0,Yes,3,2.0,4.0,2.1,Active,1.0,0.75,0.05,0.4724264705882353,0.25,0.725,60.8,Medium
EMP00138,Operations,Ops Manager,27,3.7,641000.0,No,55,4.0,4.0,2.7,Resigned,0.0,0.25,0.9166666666666666,0.7681159420289855,0.25,0.5375,37.6,Low
EMP01122,Sales,Sales Executive,42,1.4,612000.0,No,27,2.4,2.2,3.4,Active,0.0,0.65,0.45,0.9797794117647058,0.7,0.825,49.9,Medium
EMP00527,Customer Support,Support Lead,32,2.7,627000.0,No,12,4.7,5.0,3.0,Active,0.0,0.07499999999999996,0.2,0.2860824742268041,0.0,0.6625,13.0,Low
EMP00186,Finance,Accountant,39,3.6,855000.0,Yes,17,3.8,3.3,3.3,Active,1.0,0.30000000000000004,0.2833333333333333,0.6,0.42500000000000004,0.55,56.5,Medium
EMP00971,Engineering,Engineering Manager,35,4.2,1281000.0,No,1,2.5,4.8,3.3,Active,0.0,0.625,0.016666666666666666,0.2554112554112554,0.050000000000000044,0.475,22.3,Low
EMP01140,Finance,Finance Manager,40,3.6,860000.0,No,49,2.6,3.6,2.4,Active,0.0,0.6,0.8166666666666667,0.56875,0.35,0.55,42.9,Low
EMP01157,Sales,Sales Manager,42,4.5,901000.0,Yes,18,5.0,1.0,3.8,Active,1.0,0.0,0.3,0.1654411764705882,1.0,0.4375,49.7,Medium
EMP00873,Customer Support,Support Lead,28,1.6,551000.0,Yes,19,4.3,1.5,3.2,Resigned,1.0,0.17500000000000004,0.31666666666666665,0.5876288659793815,0.875,0.8,60.8,Medium
EMP01147,HR,Recruiter,27,1.0,600000.0,Yes,48,4.5,2.5,3.4,Active,1.0,0.125,0.8,0.7557251908396947,0.625,0.875,67.1,High
EMP00508,HR,HR Manager,33,2.9,708000.0,No,14,5.0,2.6,2.5,Active,0.0,0.0,0.23333333333333334,0.32061068702290074,0.6,0.6375,19.2,Low
EMP00328,Operations,Ops Analyst,26,0.7,628000.0,No,27,3.4,2.9,2.7,Active,0.0,0.4,0.45,0.821256038647343,0.525,0.9125,40.1,Low
EMP00318,Finance,Finance Manager,36,0.2,702000.0,Yes,8,2.4,2.6,3.8,Active,1.0,0.65,0.13333333333333333,0.9875,0.6,0.975,72.6,High
EMP00838,Customer Support,Support Manager,24,0.6,531000.0,Yes,49,4.4,2.5,3.6,Active,1.0,0.1499999999999999,0.8166666666666667,0.6881443298969072,0.625,0.925,67.4,High
EMP01143,HR,HR Generalist,27,1.5,630000.0,No,50,2.6,1.8,2.7,Active,0.0,0.6,0.8333333333333334,0.6412213740458015,0.8,0.8125,51.2,Medium
EMP00722,Operations,Process Lead,36,6.8,842000.0,No,30,3.8,1.8,2.8,Active,0.0,0.30000000000000004,0.5,0.12560386473429952,0.8,0.15000000000000002,27.5,Low
EMP00732,Sales,Account Manager,38,4.5,746000.0,No,23,2.5,3.8,3.8,Active,0.0,0.625,0.38333333333333336,0.6121323529411764,0.30000000000000004,0.4375,35.9,Low
EMP00800,Finance,Financial Analyst,38,0.7,831000.0,No,59,3.9,2.8,4.5,Active,0.0,0.275,0.9833333333333333,0.6625,0.55,0.9125,43.7,Low
EMP00472,Operations,Process Lead,38,3.2,724000.0,No,36,3.7,3.3,4.2,Active,0.0,0.32499999999999996,0.6,0.42028985507246375,0.42500000000000004,0.6,32.0,Low
EMP00484,Engineering,Software Engineer,57,7.5,1546000.0,No,32,2.0,3.7,1.1,Active,0.0,0.75,0.5333333333333333,0.03246753246753242,0.32499999999999996,0.0625,31.3,Low
EMP00786,Engineering,Engineering Manager,31,2.5,1190000.0,No,14,4.4,4.2,3.3,Active,0.0,0.1499999999999999,0.23333333333333334,0.38961038961038963,0.19999999999999996,0.6875,19.3,Low
EMP00149,Operations,Ops Manager,21,0.7,556000.0,Yes,37,3.7,1.0,3.7,Active,1.0,0.32499999999999996,0.6166666666666667,0.9903381642512077,1.0,0.9125,77.0,High
EMP00489,Operations,Ops Analyst,29,5.1,869000.0,No,14,4.6,4.8,2.8,Active,0.0,0.10000000000000009,0.23333333333333334,0.08695652173913049,0.050000000000000044,0.36250000000000004,10.1,Low
EMP00999,Customer Support,Support Associate,30,4.1,614000.0,No,42,3.4,4.0,2.1,Active,0.0,0.4,0.7,0.33247422680412375,0.25,0.48750000000000004,31.4,Low
EMP00709,Operations,Process Lead,44,1.5,594000.0,No,56,3.2,2.9,3.9,Active,0.0,0.44999999999999996,0.9333333333333333,0.9082125603864735,0.525,0.8125,49.6,Medium
EMP01184,Sales,Sales Executive,40,10.4,1139000.0,Yes,47,4.1,3.8,3.0,Active,1.0,0.2250000000000001,0.7833333333333333,0.003676470588235281,0.30000000000000004,0.0,49.6,Medium
EMP01111,Sales,Sales Manager,28,3.7,868000.0,No,35,3.2,2.5,4.3,Active,0.0,0.44999999999999996,0.5833333333333334,0.22426470588235292,0.625,0.5375,34.0,Low
EMP00366,Engineering,Senior Engineer,21,6.8,1329000.0,No,16,4.8,3.9,3.0,Active,0.0,0.050000000000000044,0.26666666666666666,0.16883116883116878,0.275,0.15000000000000002,12.0,Low
EMP00913,Customer Support,Support Manager,37,7.8,740000.0,Yes,52,2.9,4.3,3.2,Active,1.0,0.525,0.8666666666666667,0.030927835051546393,0.17500000000000004,0.025000000000000022,57.1,Medium
EMP00531,Finance,Financial Analyst,29,1.2,793000.0,No,59,3.0,2.7,2.5,Active,0.0,0.5,0.9833333333333333,0.78125,0.575,0.85,50.7,Medium
EMP00821,Sales,Sales Manager,32,3.3,764000.0,Yes,59,3.4,2.4,3.5,Active,1.0,0.4,0.9833333333333333,0.5404411764705883,0.65,0.5875,72.2,High
EMP00816,Customer Support,Support Associate,33,5.0,565000.0,Yes,53,2.8,3.4,3.8,Resigned,1.0,0.55,0.8833333333333333,0.5283505154639175,0.4,0.375,69.8,High
EMP00953,Engineering,Software Engineer,24,4.5,1284000.0,No,9,2.8,4.5,3.1,Active,0.0,0.55,0.15,0.24675324675324672,0.125,0.4375,23.2,Low
EMP00570,Operations,Ops Manager,44,9.9,1059000.0,No,55,3.6,4.9,4.4,Active,0.0,0.35,0.9166666666666666,0.004830917874396157,0.02499999999999991,0.0,23.4,Low
EMP00233,Customer Support,Support Manager,28,1.3,562000.0,No,44,3.3,4.2,4.6,Active,0.0,0.42500000000000004,0.7333333333333333,0.5360824742268041,0.19999999999999996,0.8375,36.9,Low
EMP00957,HR,HR Generalist,40,7.4,735000.0,No,34,2.1,3.7,4.6,Active,0.0,0.725,0.5666666666666667,0.22137404580152675,0.32499999999999996,0.07499999999999996,33.9,Low
EMP01185,Sales,Sales Manager,50,0.5,661000.0,No,48,3.4,2.7,2.9,Active,0.0,0.4,0.8,0.8694852941176471,0.575,0.9375,47.1,Medium
EMP00813,Customer Support,Support Lead,30,4.0,660000.0,No,22,2.7,3.7,4.1,Active,0.0,0.575,0.36666666666666664,0.20618556701030932,0.32499999999999996,0.5,29.5,Low
EMP00591,Customer Support,Support Lead,21,0.3,496000.0,No,60,4.6,3.0,2.6,Active,0.0,0.10000000000000009,1.0,0.8711340206185567,0.5,0.9625,42.4,Low
EMP00159,Finance,Financial Analyst,33,4.0,974000.0,Yes,29,3.9,3.5,2.4,Active,1.0,0.275,0.48333333333333334,0.22812500000000002,0.375,0.5,53.0,Medium
EMP00316,Engineering,Senior Engineer,30,1.4,924000.0,No,25,3.2,2.5,2.6,Active,0.0,0.44999999999999996,0.4166666666666667,0.948051948051948,0.625,0.825,43.2,Low
EMP00257,HR,HR Generalist,42,4.2,659000.0,No,57,3.6,4.3,4.3,Active,0.0,0.35,0.95,0.4885496183206107,0.17500000000000004,0.475,35.4,Low
EMP01029,Finance,Finance Manager,26,7.7,1098000.0,Yes,9,1.7,4.0,4.9,Resigned,1.0,0.825,0.15,0.08125000000000004,0.25,0.03749999999999998,54.6,Medium
EMP00097,Engineering,Engineering Manager,32,1.0,873000.0,No,26,4.0,3.4,2.8,Active,0.0,0.25,0.43333333333333335,0.9805194805194806,0.4,0.875,36.7,Low
EMP01183,Sales,Sales Executive,31,0.4,744000.0,Yes,52,2.3,2.2,4.7,Resigned,1.0,0.675,0.8666666666666667,0.6176470588235294,0.7,0.95,80.8,High
EMP00463,Customer Support,Support Manager,35,3.4,584000.0,No,18,3.4,4.2,3.0,Active,0.0,0.4,0.3,0.4587628865979382,0.19999999999999996,0.575,26.7,Low
EMP00385,Engineering,Engineering Manager,36,4.1,1016000.0,No,28,3.1,3.6,2.9,Active,0.0,0.475,0.4666666666666667,0.841991341991342,0.35,0.48750000000000004,37.8,Low
EMP01164,Sales,Sales Manager,36,7.9,939000.0,Yes,56,4.0,2.1,3.5,Active,1.0,0.25,0.9333333333333333,0.09926470588235292,0.725,0.012499999999999956,59.1,Medium
EMP00178,Customer Support,Support Lead,32,4.5,554000.0,No,14,3.5,2.0,3.0,Resigned,0.0,0.375,0.23333333333333334,0.5618556701030928,0.75,0.4375,32.2,Low
EMP00475,Engineering,Senior Engineer,36,7.1,1423000.0,Yes,59,3.8,3.8,2.6,Active,1.0,0.30000000000000004,0.9833333333333333,0.08658008658008653,0.30000000000000004,0.11250000000000004,56.4,Medium
EMP00329,Finance,Accountant,39,1.2,798000.0,No,48,3.6,2.0,4.2,Active,0.0,0.35,0.8,0.76875,0.75,0.85,46.1,Medium
EMP00315,Engineering,Senior Engineer,24,3.7,1114000.0,Yes,27,4.6,1.5,3.2,Active,1.0,0.10000000000000009,0.45,0.5497835497835497,0.875,0.5375,59.0,Medium
EMP00416,Engineering,Software Engineer,32,3.5,1035000.0,No,21,3.7,2.5,3.0,Active,0.0,0.32499999999999996,0.35,0.7727272727272727,0.625,0.5625,35.1,Low
EMP00358,HR,Recruiter,26,3.6,712000.0,No,28,3.9,3.9,2.6,Active,0.0,0.275,0.4666666666666667,0.3015267175572519,0.275,0.55,24.9,Low
EMP00348,Engineering,Engineering Manager,29,2.1,1074000.0,Yes,35,2.3,3.1,4.1,Active,1.0,0.675,0.5833333333333334,0.6471861471861472,0.475,0.7375,72.7,High
EMP00505,Operations,Ops Manager,29,1.7,586000.0,No,12,5.0,3.1,3.6,Active,0.0,0.0,0.2,0.9202898550724637,0.475,0.7875,26.5,Low
EMP00299,HR,HR Generalist,37,1.1,509000.0,Yes,35,3.4,1.4,2.6,Active,1.0,0.4,0.5833333333333334,0.9541984732824428,0.9,0.8625,76.3,High
EMP01144,HR,HR Manager,35,2.8,647000.0,No,11,3.8,1.2,4.0,Active,0.0,0.30000000000000004,0.18333333333333332,0.5610687022900763,0.95,0.65,33.3,Low
EMP00789,HR,HR Generalist,38,4.1,640000.0,No,46,2.2,3.8,3.9,Resigned,0.0,0.7,0.7666666666666667,0.6106870229007634,0.30000000000000004,0.48750000000000004,44.1,Low
EMP00706,Operations,Ops Analyst,36,0.8,564000.0,No,50,3.1,3.2,2.8,Active,0.0,0.475,0.8333333333333334,0.9758454106280193,0.44999999999999996,0.9,49.2,Medium
EMP00961,Operations,Process Lead,21,2.6,673000.0,No,5,3.3,3.6,3.0,Resigned,0.0,0.42500000000000004,0.08333333333333333,0.6618357487922706,0.35,0.675,29.0,Low
EMP00659,Operations,Ops Manager,37,1.7,631000.0,No,46,4.3,2.4,3.0,Active,0.0,0.17500000000000004,0.7666666666666667,0.8019323671497585,0.65,0.7875,40.2,Low
EMP00250,Operations,Ops Analyst,35,4.1,647000.0,No,1,3.1,2.6,3.2,Active,0.0,0.475,0.016666666666666666,0.7415458937198067,0.6,0.48750000000000004,32.2,Low
EMP00844,Engineering,Senior Engineer,30,0.9,981000.0,Yes,39,3.5,2.0,4.2,Active,1.0,0.375,0.65,0.8874458874458875,0.75,0.8875,74.1,High
EMP00016,Engineering,Senior Engineer,38,6.8,1504000.0,No,4,1.7,3.7,3.5,Active,0.0,0.825,0.06666666666666667,0.051948051948051965,0.32499999999999996,0.15000000000000002,26.4,Low
EMP01068,Finance,Financial Analyst,37,1.7,890000.0,No,25,4.2,2.0,2.6,Active,0.0,0.19999999999999996,0.4166666666666667,0.459375,0.75,0.7875,31.6,Low
EMP00160,HR,Recruiter,21,1.0,641000.0,No,52,2.7,2.6,3.7,Active,0.0,0.575,0.8666666666666667,0.6030534351145038,0.6,0.875,48.6,Medium
EMP01094,Engineering,Engineering Manager,29,1.8,945000.0,No,58,2.6,4.3,3.2,Resigned,0.0,0.6,0.9666666666666667,0.9155844155844156,0.17500000000000004,0.775,49.4,Medium
EMP00611,Operations,Ops Manager,21,12.7,832000.0,Yes,5,3.9,2.3,2.1,Active,1.0,0.275,0.08333333333333333,0.13285024154589375,0.675,0.0,45.9,Medium
EMP00361,Customer Support,Support Associate,38,6.3,689000.0,No,9,3.9,4.4,2.5,Active,0.0,0.275,0.15,0.11855670103092786,0.1499999999999999,0.21250000000000002,13.7,Low
EMP00049,Finance,Finance Manager,43,6.1,1077000.0,No,16,1.3,3.8,2.8,Active,0.0,0.925,0.26666666666666666,0.10624999999999996,0.30000000000000004,0.23750000000000004,33.0,Low
EMP00203,Operations,Process Lead,29,2.4,786000.0,No,34,3.1,3.0,1.8,Active,0.0,0.475,0.5666666666666667,0.22946859903381644,0.5,0.7,33.9,Low
EMP00331,Finance,Finance Manager,33,1.2,774000.0,No,6,4.0,3.0,2.3,Active,0.0,0.25,0.1,0.83125,0.5,0.85,30.3,Low
EMP00599,Customer Support,Support Lead,36,6.1,630000.0,Yes,18,3.6,1.0,3.5,Active,1.0,0.35,0.3,0.27835051546391754,1.0,0.23750000000000004,58.5,Medium
EMP00511,Sales,Sales Executive,37,2.0,833000.0,Yes,25,2.3,3.5,4.4,Active,1.0,0.675,0.4166666666666667,0.32352941176470584,0.375,0.75,64.4,Medium
EMP00113,Engineering,Engineering Manager,44,0.8,1038000.0,No,41,3.8,3.6,2.9,Active,0.0,0.30000000000000004,0.6833333333333333,0.751082251082251,0.35,0.9,38.2,Low
EMP00308,Finance,Financial Analyst,39,6.4,945000.0,Yes,46,3.5,3.2,4.3,Active,1.0,0.375,0.7666666666666667,0.2875,0.44999999999999996,0.19999999999999996,59.9,Medium
EMP00790,Finance,Finance Manager,33,1.5,932000.0,Yes,46,3.2,2.4,3.2,Active,1.0,0.44999999999999996,0.7666666666666667,0.35,0.65,0.8125,68.6,High
EMP00423,Sales,Sales Executive,40,5.7,822000.0,Yes,57,2.3,2.8,2.7,Active,1.0,0.675,0.95,0.34375,0.55,0.2875,72.5,High
EMP00417,Sales,Sales Manager,37,1.4,772000.0,Yes,15,3.1,3.2,2.7,Resigned,1.0,0.475,0.25,0.5055147058823529,0.44999999999999996,0.825,60.8,Medium
EMP00411,Finance,Accountant,48,5.0,965000.0,No,45,4.7,3.5,2.2,Active,0.0,0.07499999999999996,0.75,0.25,0.375,0.375,24.0,Low
EMP01080,Engineering,Engineering Manager,39,2.3,1086000.0,Yes,48,3.6,1.9,2.0,Active,1.0,0.35,0.8,0.6277056277056277,0.775,0.7125,71.6,High
EMP00792,Engineering,Engineering Manager,44,7.0,1349000.0,No,8,3.0,2.6,4.3,Active,0.0,0.5,0.13333333333333333,0.1385281385281385,0.6,0.125,24.0,Low
EMP00856,Operations,Ops Analyst,41,5.0,747000.0,No,7,4.5,2.5,3.0,Active,0.0,0.125,0.11666666666666667,0.3285024154589372,0.625,0.375,19.2,Low
EMP00645,Finance,Financial Analyst,30,3.4,882000.0,No,37,4.3,4.2,4.5,Active,0.0,0.17500000000000004,0.6166666666666667,0.5,0.19999999999999996,0.575,26.9,Low
EMP00396,Operations,Process Lead,30,8.9,1026000.0,Yes,51,3.4,3.7,2.8,Active,1.0,0.4,0.85,0.009661835748792313,0.32499999999999996,0.0,55.2,Medium
EMP00668,Customer Support,Support Manager,28,1.5,501000.0,No,22,2.4,4.3,2.9,Active,0.0,0.65,0.36666666666666664,0.8505154639175257,0.17500000000000004,0.8125,40.3,Low
EMP00460,Finance,Accountant,46,1.2,876000.0,Yes,20,3.8,3.2,2.3,Active,1.0,0.30000000000000004,0.3333333333333333,0.534375,0.44999999999999996,0.85,58.5,Medium
EMP00656,Engineering,Senior Engineer,21,5.1,1297000.0,Yes,32,3.3,2.7,2.4,Active,1.0,0.42500000000000004,0.5333333333333333,0.2142857142857143,0.575,0.36250000000000004,58.8,Medium
EMP00128,Sales,Sales Manager,38,4.2,865000.0,No,1,3.7,3.8,1.5,Active,0.0,0.32499999999999996,0.016666666666666666,0.22977941176470584,0.30000000000000004,0.475,17.7,Low
EMP01057,Customer Support,Support Manager,37,0.8,514000.0,No,25,2.8,4.0,2.5,Active,0.0,0.55,0.4166666666666667,0.7912371134020618,0.25,0.9,39.3,Low
EMP01189,Sales,Account Manager,51,7.3,997000.0,No,25,4.0,4.2,3.0,Active,0.0,0.25,0.4166666666666667,0.0404411764705882,0.19999999999999996,0.08750000000000002,16.2,Low
EMP00774,Customer Support,Support Lead,43,2.3,479000.0,No,41,2.7,3.0,3.8,Active,0.0,0.575,0.6833333333333333,0.9381443298969072,0.5,0.7125,48.1,Medium
EMP00450,Finance,Accountant,23,7.7,1034000.0,Yes,16,3.4,3.3,2.4,Active,1.0,0.4,0.26666666666666666,0.14375000000000004,0.42500000000000004,0.03749999999999998,49.2,Medium
EMP00238,HR,HR Manager,38,4.3,786000.0,No,58,4.7,1.6,2.2,Active,0.0,0.07499999999999996,0.9666666666666667,0.12213740458015265,0.85,0.4625,32.0,Low
EMP00168,HR,Recruiter,38,3.6,684000.0,No,52,3.6,4.4,1.9,Active,0.0,0.35,0.8666666666666667,0.3893129770992366,0.1499999999999999,0.55,32.8,Low
EMP00783,Operations,Process Lead,30,0.6,698000.0,No,9,2.0,2.9,3.6,Active,0.0,0.75,0.15,0.5458937198067633,0.525,0.925,39.9,Low
EMP00636,Sales,Sales Manager,49,2.2,769000.0,No,10,4.4,3.5,2.2,Resigned,0.0,0.1499999999999999,0.16666666666666666,0.5165441176470589,0.375,0.725,22.3,Low
EMP00081,Finance,Accountant,43,1.0,778000.0,No,59,4.8,3.2,4.5,Active,0.0,0.050000000000000044,0.9833333333333333,0.825,0.44999999999999996,0.875,39.1,Low
EMP00415,Sales,Sales Executive,43,7.6,964000.0,Yes,48,5.0,4.5,3.5,Active,1.0,0.0,0.8,0.0625,0.125,0.050000000000000044,43.5,Low
EMP00670,Engineering,Software Engineer,33,5.2,1221000.0,No,57,3.5,3.1,2.8,Active,0.0,0.375,0.95,0.33766233766233766,0.475,0.35,36.7,Low
EMP00301,HR,HR Manager,34,2.2,625000.0,No,6,2.2,3.5,2.9,Active,0.0,0.7,0.1,0.6603053435114503,0.375,0.725,36.5,Low
EMP00643,Sales,Sales Executive,30,2.3,708000.0,No,33,4.4,3.7,3.1,Active,0.0,0.1499999999999999,0.55,0.7334558823529411,0.32499999999999996,0.7125,30.8,Low
EMP00325,Customer Support,Support Manager,50,8.2,727000.0,Yes,59,4.7,3.5,3.6,Resigned,1.0,0.07499999999999996,0.9833333333333333,0.0489690721649485,0.375,0.0,50.7,Medium
EMP00936,Sales,Sales Executive,41,2.2,659000.0,Yes,51,1.7,1.1,2.6,Resigned,1.0,0.825,0.85,0.8823529411764706,0.975,0.725,89.8,High
EMP00216,Finance,Finance Manager,35,1.9,931000.0,Yes,43,3.4,1.0,3.0,Resigned,1.0,0.4,0.7166666666666667,0.359375,1.0,0.7625,70.7,High
EMP00622,Operations,Ops Analyst,34,1.9,697000.0,No,19,3.1,4.4,3.3,Active,0.0,0.475,0.31666666666666665,0.5507246376811594,0.1499999999999999,0.7625,30.6,Low
EMP00031,HR,HR Generalist,37,2.4,716000.0,No,5,3.3,3.9,2.2,Active,0.0,0.42500000000000004,0.08333333333333333,0.29007633587786263,0.275,0.7,23.1,Low
EMP00753,Engineering,Software Engineer,38,0.3,838000.0,Yes,9,3.4,2.0,2.6,Active,1.0,0.4,0.15,0.9956709956709957,0.75,0.9625,68.7,High
EMP00243,Engineering,Software Engineer,30,6.1,1399000.0,Yes,42,5.0,3.1,3.3,Active,1.0,0.0,0.7,0.10389610389610393,0.475,0.23750000000000004,47.8,Medium
EMP00730,Operations,Process Lead,31,8.1,909000.0,No,17,2.1,3.5,3.6,Active,0.0,0.725,0.2833333333333333,0.06763285024154586,0.375,0.0,27.4,Low
EMP00641,Finance,Accountant,29,1.1,873000.0,Yes,9,3.1,5.0,3.0,Active,1.0,0.475,0.15,0.55,0.0,0.8625,54.7,Medium
EMP00979,Operations,Process Lead,21,2.2,582000.0,No,54,3.5,4.9,2.8,Active,0.0,0.375,0.9,0.9444444444444444,0.02499999999999991,0.725,41.3,Low
EMP01054,Sales,Account Manager,30,3.1,874000.0,Yes,26,3.1,2.2,3.9,Active,1.0,0.475,0.43333333333333335,0.20220588235294112,0.7,0.6125,61.2,Medium
EMP00210,Operations,Process Lead,39,10.5,845000.0,No,1,1.6,1.7,3.1,Active,0.0,0.85,0.016666666666666666,0.10869565217391308,0.825,0.0,32.1,Low
EMP00548,Sales,Account Manager,39,8.1,986000.0,No,3,5.0,4.2,3.4,Active,0.0,0.0,0.05,0.047794117647058876,0.19999999999999996,0.0,3.9,Low
EMP00436,Sales,Account Manager,21,1.3,651000.0,No,42,2.0,2.1,3.5,Active,0.0,0.75,0.7,0.9117647058823529,0.725,0.8375,55.7,Medium
EMP01141,Engineering,Engineering Manager,22,1.7,1097000.0,No,7,2.9,2.7,2.2,Active,0.0,0.525,0.11666666666666667,0.5865800865800865,0.575,0.7875,34.3,Low
EMP01109,Customer Support,Support Associate,48,1.7,488000.0,No,14,2.5,3.9,3.2,Active,0.0,0.625,0.23333333333333334,0.904639175257732,0.275,0.7875,39.4,Low
EMP00569,Engineering,Engineering Manager,21,4.4,1045000.0,No,51,2.5,1.0,4.2,Active,0.0,0.625,0.85,0.7272727272727273,1.0,0.44999999999999996,53.5,Medium
EMP00404,Sales,Sales Executive,34,7.5,878000.0,No,16,2.2,3.0,3.8,Active,0.0,0.7,0.26666666666666666,0.1966911764705882,0.5,0.0625,30.2,Low
EMP01113,Finance,Financial Analyst,54,2.3,726000.0,Yes,2,3.8,3.0,3.5,Active,1.0,0.30000000000000004,0.03333333333333333,0.959375,0.5,0.7125,59.4,Medium
EMP00363,Sales,Account Manager,27,1.9,641000.0,Yes,45,3.4,1.6,3.9,Active,1.0,0.4,0.75,0.9264705882352942,0.85,0.7625,77.3,High
EMP00272,Sales,Sales Manager,24,2.4,854000.0,No,13,4.9,1.8,1.7,Active,0.0,0.02499999999999991,0.21666666666666667,0.26102941176470584,0.8,0.7,21.5,Low
EMP00467,Finance,Financial Analyst,28,2.6,934000.0,Yes,41,2.1,1.0,3.8,Active,1.0,0.725,0.6833333333333333,0.34375,1.0,0.675,77.2,High
EMP01084,Customer Support,Support Associate,27,2.9,615000.0,No,6,3.1,1.7,2.8,Active,0.0,0.475,0.1,0.32474226804123707,0.825,0.6375,31.3,Low
EMP00778,Sales,Sales Executive,39,2.4,848000.0,Yes,1,3.0,3.9,3.5,Active,1.0,0.5,0.016666666666666666,0.28860294117647056,0.275,0.7,51.8,Medium
EMP00278,Operations,Process Lead,30,3.4,791000.0,Yes,33,3.3,4.4,2.5,Active,1.0,0.42500000000000004,0.55,0.2125603864734299,0.1499999999999999,0.575,55.2,Medium
EMP01082,Customer Support,Support Associate,40,6.9,718000.0,No,57,3.7,3.0,3.6,Active,0.0,0.32499999999999996,0.95,0.0670103092783505,0.5,0.13749999999999996,30.8,Low
EMP01168,Operations,Ops Analyst,40,6.5,932000.0,Yes,54,2.8,3.1,3.8,Active,1.0,0.55,0.9,0.04347826086956519,0.475,0.1875,63.0,Medium
EMP00698,Operations,Ops Analyst,38,1.0,596000.0,No,46,4.5,4.9,3.5,Active,0.0,0.125,0.7666666666666667,0.9033816425120773,0.02499999999999991,0.875,33.5,Low
EMP00443,Finance,Finance Manager,41,1.3,798000.0,No,56,1.4,2.9,2.9,Active,0.0,0.9,0.9333333333333333,0.76875,0.525,0.8375,58.6,Medium
EMP00300,Finance,Financial Analyst,36,2.7,938000.0,No,53,5.0,3.0,2.9,Active,0.0,0.0,0.8833333333333333,0.328125,0.5,0.6625,28.7,Low
EMP00376,Sales,Sales Executive,40,9.9,894000.0,No,32,4.7,2.7,2.9,Active,0.0,0.07499999999999996,0.5333333333333333,0.18014705882352944,0.575,0.0,19.8,Low
EMP00664,Sales,Sales Executive,34,1.9,708000.0,No,58,3.7,3.2,2.7,Resigned,0.0,0.32499999999999996,0.9666666666666667,0.7334558823529411,0.44999999999999996,0.7625,43.5,Low
EMP01181,HR,HR Manager,36,2.5,623000.0,No,56,2.5,2.9,2.6,Active,0.0,0.625,0.9333333333333333,0.6717557251908397,0.525,0.6875,49.8,Medium
EMP00612,Finance,Accountant,40,1.5,784000.0,Yes,4,3.2,4.7,3.0,Active,1.0,0.44999999999999996,0.06666666666666667,0.8125,0.07499999999999996,0.8125,57.0,Medium
EMP00473,Sales,Sales Manager,31,3.4,859000.0,No,56,3.5,2.4,3.0,Active,0.0,0.375,0.9333333333333333,0.24448529411764708,0.65,0.575,38.6,Low
EMP00852,Sales,Sales Manager,46,6.5,941000.0,Yes,42,2.8,3.6,3.2,Active,1.0,0.55,0.7,0.09007352941176472,0.35,0.1875,59.0,Medium
EMP01102,Engineering,Senior Engineer,26,1.5,960000.0,No,56,4.8,3.7,3.7,Active,0.0,0.050000000000000044,0.9333333333333333,0.9047619047619048,0.32499999999999996,0.8125,37.6,Low
EMP00389,Sales,Sales Executive,39,4.3,825000.0,Yes,14,4.0,4.5,3.4,Active,1.0,0.25,0.23333333333333334,0.33639705882352944,0.125,0.4625,46.7,Medium
EMP00023,Customer Support,Support Associate,51,2.1,544000.0,No,41,4.2,2.1,2.4,Active,0.0,0.19999999999999996,0.6833333333333333,0.634020618556701,0.725,0.7375,37.7,Low
EMP00701,Engineering,Senior Engineer,36,0.5,841000.0,No,31,2.8,4.8,2.5,Active,0.0,0.55,0.5166666666666667,0.9913419913419913,0.050000000000000044,0.9375,41.6,Low
EMP00916,Customer Support,Support Manager,43,2.9,483000.0,Yes,46,3.6,1.7,2.3,Resigned,1.0,0.35,0.7666666666666667,0.9201030927835052,0.825,0.6375,75.3,High
EMP00424,Sales,Sales Manager,36,8.7,915000.0,No,35,4.0,1.9,2.0,Active,0.0,0.25,0.5833333333333334,0.13970588235294112,0.775,0.0,26.6,Low
EMP00991,Finance,Financial Analyst,34,2.7,980000.0,Yes,59,4.3,2.5,3.2,Resigned,1.0,0.17500000000000004,0.9833333333333333,0.21562499999999996,0.625,0.6625,62.4,Medium
EMP00744,Sales,Account Manager,23,2.3,708000.0,No,36,2.2,2.6,4.7,Active,0.0,0.7,0.6,0.7334558823529411,0.6,0.7125,48.1,Medium
EMP00956,Customer Support,Support Lead,38,4.1,662000.0,No,35,4.7,4.2,2.9,Active,0.0,0.07499999999999996,0.5833333333333334,0.19587628865979378,0.19999999999999996,0.48750000000000004,19.2,Low
EMP00917,Sales,Account Manager,53,1.5,627000.0,No,33,2.6,4.2,4.1,Active,0.0,0.6,0.55,0.9742647058823529,0.19999999999999996,0.8125,44.1,Low
EMP00143,Customer Support,Support Manager,35,1.1,526000.0,No,9,5.0,3.8,4.1,Active,0.0,0.0,0.15,0.7242268041237113,0.30000000000000004,0.8625,21.3,Low
EMP00051,Sales,Sales Manager,40,1.1,782000.0,Yes,4,5.0,2.6,4.0,Active,1.0,0.0,0.06666666666666667,0.4779411764705882,0.6,0.8625,48.1,Medium
EMP00721,Operations,Ops Manager,36,4.2,843000.0,No,52,2.7,2.2,3.7,Active,0.0,0.575,0.8666666666666667,0.12077294685990336,0.7,0.475,40.6,Low
EMP00761,Finance,Financial Analyst,31,4.5,941000.0,Yes,59,4.8,3.1,1.8,Active,1.0,0.050000000000000044,0.9833333333333333,0.30625,0.475,0.4375,57.5,Medium
EMP00082,Engineering,Engineering Manager,30,1.2,1107000.0,No,40,3.8,3.4,3.0,Active,0.0,0.30000000000000004,0.6666666666666666,0.5627705627705628,0.4,0.85,35.6,Low
EMP00483,Operations,Ops Manager,29,2.5,786000.0,No,14,3.1,4.5,3.5,Active,0.0,0.475,0.23333333333333334,0.22946859903381644,0.125,0.6875,24.0,Low
EMP00322,Operations,Process Lead,24,1.6,618000.0,Yes,26,3.2,1.4,4.2,Active,1.0,0.44999999999999996,0.43333333333333335,0.857487922705314,0.9,0.8,73.3,High
EMP01128,Finance,Financial Analyst,49,11.6,1273000.0,No,2,4.0,3.3,3.0,Active,0.0,0.25,0.03333333333333333,0.012499999999999956,0.42500000000000004,0.0,11.8,Low
EMP00719,Finance,Financial Analyst,31,2.9,868000.0,No,50,2.4,3.7,3.5,Active,0.0,0.65,0.8333333333333334,0.5625,0.32499999999999996,0.6375,44.5,Low
EMP01161,Sales,Sales Executive,36,1.5,680000.0,Yes,21,2.1,2.3,3.0,Active,1.0,0.725,0.35,0.8125,0.675,0.8125,75.4,High
EMP00067,Operations,Ops Analyst,38,0.3,699000.0,No,13,4.6,2.9,3.2,Active,0.0,0.10000000000000009,0.21666666666666667,0.5410628019323671,0.525,0.9625,25.5,Low
EMP00960,Operations,Ops Manager,33,1.5,726000.0,No,34,1.6,3.9,3.3,Resigned,0.0,0.85,0.5666666666666667,0.4057971014492754,0.275,0.8125,43.3,Low
EMP00937,Customer Support,Support Lead,33,3.1,602000.0,Yes,26,4.1,1.5,1.2,Active,1.0,0.2250000000000001,0.43333333333333335,0.37628865979381443,0.875,0.6125,59.8,Medium
EMP00772,Operations,Process Lead,34,1.7,615000.0,No,25,3.0,1.0,3.3,Active,0.0,0.5,0.4166666666666667,0.8695652173913043,1.0,0.7875,47.6,Medium
EMP00418,HR,HR Manager,44,2.6,696000.0,No,24,4.3,4.1,3.2,Active,0.0,0.17500000000000004,0.4,0.3396946564885496,0.2250000000000001,0.675,22.1,Low
EMP01167,HR,Recruiter,46,1.5,588000.0,No,1,4.4,3.9,4.6,Active,0.0,0.1499999999999999,0.016666666666666666,0.7977099236641221,0.275,0.8125,23.2,Low
EMP00065,Finance,Accountant,35,4.4,899000.0,No,5,3.0,1.5,3.7,Active,0.0,0.5,0.08333333333333333,0.415625,0.875,0.44999999999999996,32.4,Low
EMP00944,Engineering,Senior Engineer,31,3.8,1087000.0,Yes,34,4.5,2.7,2.3,Active,1.0,0.125,0.5666666666666667,0.6233766233766234,0.575,0.525,58.8,Medium
EMP00935,HR,HR Generalist,38,0.7,526000.0,No,12,4.0,4.8,4.6,Resigned,0.0,0.25,0.2,0.9236641221374046,0.050000000000000044,0.9125,28.2,Low
EMP01103,HR,HR Generalist,41,1.1,588000.0,No,29,2.0,3.2,3.2,Active,0.0,0.75,0.48333333333333334,0.7977099236641221,0.44999999999999996,0.8625,47.5,Medium
EMP00492,Finance,Accountant,38,1.0,704000.0,No,59,3.8,4.3,2.9,Active,0.0,0.30000000000000004,0.9833333333333333,0.978125,0.17500000000000004,0.875,44.0,Low
EMP00733,Sales,Sales Manager,27,5.1,731000.0,No,51,2.9,4.0,3.8,Active,0.0,0.525,0.85,0.6654411764705883,0.25,0.36250000000000004,40.7,Low
EMP00836,Operations,Ops Manager,27,2.1,704000.0,Yes,35,1.8,4.1,4.1,Active,1.0,0.8,0.5833333333333334,0.5169082125603865,0.2250000000000001,0.7375,70.9,High
EMP01022,HR,HR Manager,28,5.8,851000.0,No,17,1.7,3.4,2.2,Active,0.0,0.825,0.2833333333333333,0.03816793893129766,0.4,0.275,31.3,Low
EMP00596,Engineering,Senior Engineer,28,3.1,1284000.0,No,21,2.1,3.1,3.5,Active,0.0,0.725,0.35,0.24675324675324672,0.475,0.6125,35.8,Low
EMP01012,Operations,Process Lead,37,1.6,647000.0,No,50,3.4,2.2,1.9,Active,0.0,0.4,0.8333333333333334,0.7415458937198067,0.7,0.8,46.5,Medium
EMP00297,Customer Support,Support Associate,32,6.4,705000.0,No,54,3.3,1.6,3.7,Active,0.0,0.42500000000000004,0.9,0.08505154639175261,0.85,0.19999999999999996,37.2,Low
EMP00420,Customer Support,Support Manager,42,5.4,549000.0,Yes,44,4.6,2.4,2.6,Active,1.0,0.10000000000000009,0.7333333333333333,0.595360824742268,0.65,0.32499999999999996,60.2,Medium
EMP00439,HR,HR Generalist,43,12.7,845000.0,No,59,1.5,3.2,2.7,Active,0.0,0.875,0.9833333333333333,0.04580152671755722,0.44999999999999996,0.0,42.8,Low
EMP00262,HR,HR Manager,36,6.6,854000.0,No,11,2.5,3.7,2.7,Active,0.0,0.625,0.18333333333333332,0.03053435114503822,0.32499999999999996,0.17500000000000004,23.3,Low
EMP00726,Sales,Sales Manager,41,1.8,628000.0,No,59,4.7,4.0,2.9,Active,0.0,0.07499999999999996,0.9833333333333333,0.96875,0.25,0.775,38.7,Low
EMP00282,Sales,Sales Executive,48,15.1,1099000.0,Yes,24,4.0,3.6,3.4,Active,1.0,0.25,0.4,0.007352941176470562,0.35,0.0,44.7,Low
EMP00859,Engineering,Senior Engineer,25,2.4,1104000.0,No,25,3.8,4.8,3.6,Active,0.0,0.30000000000000004,0.4166666666666667,0.5670995670995671,0.050000000000000044,0.7,26.6,Low
EMP00883,Customer Support,Support Manager,33,3.4,547000.0,No,25,4.2,4.0,5.0,Active,0.0,0.19999999999999996,0.4166666666666667,0.6211340206185567,0.25,0.575,26.6,Low
EMP00189,HR,HR Manager,45,14.7,973000.0,No,49,3.4,3.7,4.0,Active,0.0,0.4,0.8166666666666667,0.0,0.32499999999999996,0.0,26.6,Low
EMP00930,Finance,Finance Manager,32,0.9,808000.0,No,39,4.1,2.6,3.1,Resigned,0.0,0.2250000000000001,0.65,0.715625,0.6,0.8875,38.3,Low
EMP00252,Customer Support,Support Manager,39,3.3,646000.0,Yes,52,3.3,4.5,3.3,Active,1.0,0.42500000000000004,0.8666666666666667,0.24226804123711343,0.125,0.5875,60.5,Medium
EMP00784,Finance,Financial Analyst,30,5.1,1124000.0,Yes,24,2.3,3.2,3.8,Active,1.0,0.675,0.4,0.0625,0.44999999999999996,0.36250000000000004,59.1,Medium
EMP01123,HR,HR Manager,44,1.7,675000.0,Yes,14,2.2,3.6,3.8,Active,1.0,0.7,0.23333333333333334,0.4427480916030534,0.35,0.7875,63.7,Medium
EMP00515,Engineering,Senior Engineer,39,5.9,1417000.0,No,34,3.8,3.7,4.1,Active,0.0,0.30000000000000004,0.5666666666666667,0.09090909090909094,0.32499999999999996,0.26249999999999996,23.0,Low
EMP00619,Sales,Account Manager,32,5.1,858000.0,Yes,48,4.0,1.5,3.7,Active,1.0,0.25,0.8,0.25,0.875,0.36250000000000004,63.0,Medium
EMP00488,Engineering,Software Engineer,49,2.0,1165000.0,No,54,3.5,2.7,2.9,Resigned,0.0,0.375,0.9,0.4199134199134199,0.575,0.75,40.7,Low
EMP00274,Operations,Ops Analyst,40,4.1,830000.0,No,43,1.8,3.2,3.6,Active,0.0,0.8,0.7166666666666667,0.14009661835748788,0.44999999999999996,0.48750000000000004,41.0,Low
EMP00996,Operations,Process Lead,53,5.7,694000.0,No,43,3.7,2.7,2.4,Active,0.0,0.32499999999999996,0.7166666666666667,0.5603864734299517,0.575,0.2875,35.7,Low
EMP01096,Engineering,Senior Engineer,36,3.6,1019000.0,No,54,2.9,3.5,2.7,Active,0.0,0.525,0.9,0.8268398268398268,0.375,0.55,46.4,Medium
EMP00449,Sales,Sales Executive,26,1.7,752000.0,Yes,49,3.4,4.3,3.3,Active,1.0,0.4,0.8166666666666667,0.5900735294117647,0.17500000000000004,0.7875,65.8,High
EMP00412,Finance,Financial Analyst,36,1.5,697000.0,Yes,57,4.7,2.2,2.8,Active,1.0,0.07499999999999996,0.95,0.99375,0.7,0.8125,72.2,High
EMP00888,Sales,Sales Executive,29,1.6,639000.0,No,12,1.7,3.8,3.9,Resigned,0.0,0.825,0.2,0.9319852941176471,0.30000000000000004,0.8,44.4,Low
EMP00751,Engineering,Engineering Manager,27,2.2,1200000.0,No,39,2.7,5.0,4.2,Active,0.0,0.575,0.65,0.36363636363636365,0.0,0.725,33.6,Low
EMP00970,Sales,Sales Executive,47,1.4,672000.0,No,4,3.2,2.1,3.2,Active,0.0,0.44999999999999996,0.06666666666666667,0.8345588235294118,0.725,0.825,37.2,Low
EMP00986,Customer Support,Support Associate,21,5.6,547000.0,Yes,36,1.9,2.3,4.0,Active,1.0,0.775,0.6,0.6211340206185567,0.675,0.30000000000000004,74.8,High
EMP00150,Sales,Sales Executive,50,3.7,853000.0,Yes,47,4.1,2.3,3.3,Active,1.0,0.2250000000000001,0.7833333333333333,0.2683823529411765,0.675,0.5375,61.0,Medium
EMP00219,Customer Support,Support Lead,24,2.1,606000.0,Yes,35,3.1,1.1,3.6,Active,1.0,0.475,0.5833333333333334,0.35567010309278346,0.975,0.7375,69.8,High
EMP00240,Sales,Sales Manager,44,2.9,870000.0,No,36,3.0,1.8,3.2,Active,0.0,0.5,0.6,0.21691176470588236,0.8,0.6375,38.1,Low
EMP00752,Engineering,Software Engineer,48,1.1,903000.0,No,11,3.3,4.0,3.6,Active,0.0,0.42500000000000004,0.18333333333333332,0.961038961038961,0.25,0.8625,34.8,Low
EMP00193,Sales,Account Manager,49,2.9,663000.0,No,25,4.1,4.8,2.7,Resigned,0.0,0.2250000000000001,0.4166666666666667,0.8566176470588236,0.050000000000000044,0.6375,28.5,Low
EMP00192,Engineering,Senior Engineer,25,2.2,945000.0,No,43,4.7,3.2,3.2,Resigned,0.0,0.07499999999999996,0.7166666666666667,0.9155844155844156,0.44999999999999996,0.725,35.8,Low
EMP01091,Engineering,Software Engineer,44,4.4,1027000.0,Yes,31,2.5,2.6,3.2,Active,1.0,0.625,0.5166666666666667,0.8051948051948052,0.6,0.44999999999999996,72.4,High
EMP00705,Engineering,Engineering Manager,33,4.5,1115000.0,No,46,2.5,1.8,3.4,Active,0.0,0.625,0.7666666666666667,0.5454545454545454,0.8,0.4375,47.1,Medium
EMP00738,Engineering,Senior Engineer,36,0.8,1134000.0,No,56,3.5,4.4,2.3,Active,0.0,0.375,0.9333333333333333,0.48917748917748916,0.1499999999999999,0.9,38.0,Low
EMP00624,Operations,Ops Analyst,33,8.0,825000.0,No,48,4.2,3.8,3.7,Active,0.0,0.19999999999999996,0.8,0.15458937198067635,0.30000000000000004,0.0,23.4,Low
EMP00977,Operations,Ops Manager,39,3.6,676000.0,No,53,1.8,2.6,3.2,Resigned,0.0,0.8,0.8833333333333333,0.6473429951690821,0.6,0.55,52.9,Medium
EMP00741,Sales,Account Manager,42,5.9,968000.0,Yes,32,5.0,2.6,2.7,Resigned,1.0,0.0,0.5333333333333333,0.0533088235294118,0.6,0.26249999999999996,46.1,Medium
EMP00583,Sales,Sales Manager,47,1.6,737000.0,No,10,2.9,2.5,2.1,Active,0.0,0.525,0.16666666666666666,0.6360294117647058,0.625,0.8,36.5,Low
EMP01131,Customer Support,Support Lead,26,2.9,483000.0,No,24,3.0,4.9,3.3,Active,0.0,0.5,0.4,0.9201030927835052,0.02499999999999991,0.6375,35.4,Low
EMP00324,Operations,Ops Manager,28,0.4,643000.0,Yes,33,3.6,2.4,2.6,Active,1.0,0.35,0.55,0.7632850241545894,0.65,0.95,69.4,High
EMP00968,Sales,Sales Executive,35,4.8,818000.0,No,43,3.1,2.9,3.1,Active,0.0,0.475,0.7166666666666667,0.35110294117647056,0.525,0.4,36.5,Low
EMP00894,Sales,Sales Executive,44,0.9,690000.0,No,41,3.6,1.9,3.3,Active,0.0,0.35,0.6833333333333333,0.7867647058823529,0.775,0.8875,45.0,Medium
EMP00688,Customer Support,Support Associate,52,3.6,522000.0,Yes,51,3.4,2.0,3.4,Active,1.0,0.4,0.85,0.75,0.75,0.55,74.0,High
EMP00438,Operations,Process Lead,56,2.0,706000.0,No,37,2.7,3.6,2.8,Active,0.0,0.575,0.6166666666666667,0.5048309178743962,0.35,0.75,39.4,Low
EMP00807,Finance,Finance Manager,37,2.9,889000.0,No,11,3.1,4.3,3.3,Active,0.0,0.475,0.18333333333333332,0.47187500000000004,0.17500000000000004,0.6375,26.9,Low
EMP00877,Engineering,Software Engineer,31,0.7,923000.0,Yes,12,4.8,4.4,4.4,Active,1.0,0.050000000000000044,0.2,0.9523809523809523,0.1499999999999999,0.9125,53.0,Medium
EMP00342,Customer Support,Support Associate,33,0.4,545000.0,No,13,3.0,1.8,4.0,Active,0.0,0.5,0.21666666666666667,0.6288659793814433,0.8,0.95,39.6,Low
EMP00003,Customer Support,Support Manager,53,1.5,518000.0,Yes,10,3.4,3.7,3.2,Active,1.0,0.4,0.16666666666666666,0.7731958762886598,0.32499999999999996,0.8125,59.9,Medium
EMP00230,Sales,Sales Executive,50,11.5,1003000.0,Yes,15,3.7,5.0,3.0,Active,1.0,0.32499999999999996,0.25,0.03308823529411764,0.0,0.0,40.3,Low
EMP00740,Engineering,Senior Engineer,32,2.9,1075000.0,No,20,4.2,3.3,3.7,Active,0.0,0.19999999999999996,0.3333333333333333,0.6385281385281385,0.42500000000000004,0.6375,28.0,Low
EMP00683,Sales,Sales Executive,42,10.3,945000.0,Yes,8,2.4,2.7,2.9,Active,1.0,0.65,0.13333333333333333,0.08088235294117652,0.575,0.0,53.8,Medium
EMP00077,Engineering,Senior Engineer,45,6.1,1324000.0,No,53,2.7,1.9,2.1,Active,0.0,0.575,0.8833333333333333,0.17965367965367962,0.775,0.23750000000000004,41.2,Low
EMP01126,Operations,Ops Analyst,36,4.6,711000.0,No,25,3.0,3.1,3.7,Resigned,0.0,0.5,0.4166666666666667,0.48550724637681164,0.475,0.42500000000000004,33.7,Low
EMP00372,Engineering,Software Engineer,29,3.0,1028000.0,No,52,2.2,2.5,3.4,Active,0.0,0.7,0.8666666666666667,0.8008658008658008,0.625,0.625,53.1,Medium
EMP00181,Customer Support,Support Lead,41,11.6,779000.0,No,60,3.1,1.5,2.0,Active,0.0,0.475,1.0,0.020618556701030966,0.875,0.0,38.2,Low
EMP00745,Operations,Process Lead,43,1.1,719000.0,No,27,3.1,3.0,2.6,Active,0.0,0.475,0.45,0.45169082125603865,0.5,0.8625,36.1,Low
EMP00578,Operations,Process Lead,27,3.7,676000.0,Yes,27,3.8,2.2,3.1,Active,1.0,0.30000000000000004,0.45,0.6473429951690821,0.7,0.5375,63.1,Medium
EMP00770,Finance,Accountant,44,3.3,780000.0,No,42,2.4,4.9,3.5,Active,0.0,0.65,0.7,0.81875,0.02499999999999991,0.5875,42.1,Low
EMP00795,Sales,Sales Manager,30,3.5,839000.0,No,26,3.8,4.4,3.5,Active,0.0,0.30000000000000004,0.43333333333333335,0.3125,0.1499999999999999,0.5625,23.7,Low
EMP01172,Finance,Finance Manager,43,5.1,1093000.0,Yes,32,5.0,3.6,3.0,Active,1.0,0.0,0.5333333333333333,0.08750000000000002,0.35,0.36250000000000004,44.1,Low
EMP01035,Engineering,Software Engineer,29,2.8,1029000.0,No,34,3.5,2.1,3.8,Active,0.0,0.375,0.5666666666666667,0.7965367965367965,0.725,0.65,41.8,Low
EMP00870,Sales,Sales Manager,38,3.9,793000.0,No,50,3.3,3.5,3.6,Active,0.0,0.42500000000000004,0.8333333333333334,0.44852941176470584,0.375,0.5125,37.4,Low
EMP00590,Sales,Account Manager,36,2.3,660000.0,No,19,4.2,4.3,3.0,Active,0.0,0.19999999999999996,0.31666666666666665,0.875,0.17500000000000004,0.7125,28.5,Low
EMP01045,Sales,Sales Manager,38,3.8,717000.0,No,28,3.8,3.8,3.3,Active,0.0,0.30000000000000004,0.4666666666666667,0.7022058823529411,0.30000000000000004,0.525,31.2,Low
EMP00854,Customer Support,Support Lead,44,5.9,578000.0,No,50,2.7,1.6,4.1,Resigned,0.0,0.575,0.8333333333333334,0.47164948453608246,0.85,0.26249999999999996,45.5,Medium
EMP01028,Engineering,Engineering Manager,31,2.6,1127000.0,No,59,4.2,3.4,4.1,Active,0.0,0.19999999999999996,0.9833333333333333,0.5108225108225108,0.4,0.675,36.5,Low
EMP00931,Engineering,Senior Engineer,35,7.3,1364000.0,Yes,33,4.0,2.1,1.9,Active,1.0,0.25,0.55,0.11688311688311692,0.725,0.08750000000000002,53.7,Medium
EMP00038,Operations,Process Lead,49,3.2,741000.0,No,1,1.8,2.8,3.0,Active,0.0,0.8,0.016666666666666666,0.34782608695652173,0.55,0.6,34.5,Low
EMP00354,Operations,Ops Manager,35,3.5,777000.0,Yes,57,3.1,2.8,2.4,Active,1.0,0.475,0.95,0.24154589371980673,0.55,0.5625,68.0,High
EMP01118,HR,HR Manager,42,8.0,834000.0,Yes,32,2.3,1.4,3.0,Active,1.0,0.675,0.5333333333333333,0.06488549618320616,0.9,0.0,64.4,Medium
EMP00237,Operations,Ops Manager,36,0.8,569000.0,No,20,4.3,3.5,3.4,Active,0.0,0.17500000000000004,0.3333333333333333,0.9710144927536232,0.375,0.9,33.0,Low
EMP00500,Operations,Ops Analyst,48,4.5,844000.0,No,21,2.7,4.6,2.2,Active,0.0,0.575,0.35,0.1159420289855072,0.10000000000000009,0.4375,24.8,Low
EMP00554,Customer Support,Support Lead,32,4.0,578000.0,Yes,23,4.8,3.0,2.8,Active,1.0,0.050000000000000044,0.38333333333333336,0.47164948453608246,0.5,0.5,50.9,Medium
EMP00056,HR,Recruiter,36,1.9,566000.0,No,14,4.2,4.4,3.5,Active,0.0,0.19999999999999996,0.23333333333333334,0.8854961832061069,0.1499999999999999,0.7625,27.3,Low
EMP00303,Operations,Ops Analyst,37,3.1,750000.0,Yes,10,2.5,1.2,3.4,Active,1.0,0.625,0.16666666666666666,0.3115942028985508,0.95,0.6125,65.1,High
EMP00287,Sales,Sales Executive,32,2.6,756000.0,No,46,3.2,1.7,3.5,Active,0.0,0.44999999999999996,0.7666666666666667,0.5772058823529411,0.825,0.675,45.1,Medium
EMP00994,Sales,Sales Executive,51,3.8,889000.0,No,12,3.3,3.8,2.8,Active,0.0,0.42500000000000004,0.2,0.18382352941176472,0.30000000000000004,0.525,22.7,Low
EMP00220,Engineering,Engineering Manager,35,4.7,1144000.0,No,38,3.4,3.2,3.4,Resigned,0.0,0.4,0.6333333333333333,0.4675324675324676,0.44999999999999996,0.4125,34.2,Low
EMP00665,Engineering,Engineering Manager,43,6.2,1274000.0,No,11,2.2,3.2,2.5,Active,0.0,0.7,0.18333333333333332,0.2597402597402597,0.44999999999999996,0.22499999999999998,30.1,Low
EMP00388,Customer Support,Support Associate,43,10.6,847000.0,No,44,4.1,3.8,2.8,Active,0.0,0.2250000000000001,0.7333333333333333,0.0,0.30000000000000004,0.0,20.7,Low
EMP00771,Engineering,Senior Engineer,29,5.5,1366000.0,No,48,2.9,2.6,3.4,Active,0.0,0.525,0.8,0.11255411255411252,0.6,0.3125,36.1,Low
EMP00391,Finance,Finance Manager,47,0.3,840000.0,No,30,3.1,3.3,4.0,Active,0.0,0.475,0.5,0.634375,0.42500000000000004,0.9625,39.2,Low
EMP00353,Operations,Ops Manager,25,9.5,983000.0,Yes,54,4.0,2.9,3.5,Active,1.0,0.25,0.9,0.019323671497584516,0.525,0.0,55.0,Medium
EMP00194,HR,HR Generalist,41,1.4,642000.0,Yes,33,3.4,2.2,3.1,Active,1.0,0.4,0.55,0.5954198473282443,0.7,0.825,68.1,High
EMP00236,HR,HR Generalist,46,6.9,677000.0,No,44,3.2,2.2,3.0,Active,0.0,0.44999999999999996,0.7333333333333333,0.42366412213740456,0.7,0.13749999999999996,37.7,Low
EMP01032,Finance,Finance Manager,29,0.8,726000.0,No,34,3.0,2.9,4.4,Active,0.0,0.5,0.5666666666666667,0.959375,0.525,0.9,46.2,Medium
EMP00481,Engineering,Software Engineer,31,2.0,939000.0,No,36,4.9,3.6,2.8,Resigned,0.0,0.02499999999999991,0.6,0.9285714285714286,0.35,0.75,31.9,Low
EMP00568,Sales,Sales Executive,26,3.0,734000.0,No,56,3.3,2.3,3.1,Resigned,0.0,0.42500000000000004,0.9333333333333333,0.6525735294117647,0.675,0.625,46.1,Medium
EMP00117,HR,HR Manager,29,2.8,688000.0,Yes,49,4.5,3.1,3.7,Resigned,1.0,0.125,0.8166666666666667,0.3740458015267175,0.475,0.65,58.9,Medium
EMP00982,HR,HR Manager,47,2.0,646000.0,No,31,4.1,4.5,4.5,Active,0.0,0.2250000000000001,0.5166666666666667,0.5763358778625954,0.125,0.75,27.7,Low
EMP00654,Engineering,Senior Engineer,21,1.1,1034000.0,No,56,3.2,2.5,2.8,Active,0.0,0.44999999999999996,0.9333333333333333,0.7813852813852814,0.625,0.8625,49.3,Medium
EMP01011,Finance,Financial Analyst,39,2.9,1004000.0,Yes,18,2.9,3.0,4.5,Resigned,1.0,0.525,0.3,0.1875,0.5,0.6375,57.8,Medium
EMP01129,Finance,Financial Analyst,40,1.7,899000.0,No,10,2.7,2.6,3.1,Active,0.0,0.575,0.16666666666666666,0.415625,0.6,0.7875,34.2,Low
EMP00802,Engineering,Engineering Manager,22,4.7,1344000.0,No,54,3.6,2.0,2.8,Active,0.0,0.35,0.9,0.1428571428571429,0.75,0.4125,36.3,Low
EMP00814,Operations,Process Lead,38,1.6,581000.0,Yes,56,3.8,2.7,3.2,Active,1.0,0.30000000000000004,0.9333333333333333,0.9541062801932367,0.575,0.8,75.2,High
EMP00121,Operations,Ops Manager,45,6.4,811000.0,No,24,3.5,3.5,2.6,Resigned,0.0,0.375,0.4,0.17874396135265702,0.375,0.19999999999999996,23.6,Low
EMP00857,Finance,Financial Analyst,29,3.2,876000.0,Yes,6,3.1,2.8,2.4,Active,1.0,0.475,0.1,0.534375,0.55,0.6,58.7,Medium
EMP01041,Sales,Sales Manager,21,2.1,812000.0,No,11,3.4,4.0,2.1,Active,0.0,0.4,0.18333333333333332,0.375,0.25,0.7375,25.2,Low
EMP01154,Sales,Sales Manager,43,2.1,809000.0,No,57,3.8,3.5,2.0,Active,0.0,0.30000000000000004,0.95,0.3841911764705882,0.375,0.7375,36.7,Low
EMP00063,Operations,Ops Manager,29,3.7,733000.0,Yes,44,2.5,3.1,3.4,Active,1.0,0.625,0.7333333333333333,0.3719806763285024,0.475,0.5375,68.9,High
EMP00697,HR,HR Generalist,39,1.8,590000.0,No,40,2.4,1.1,3.0,Active,0.0,0.65,0.6666666666666666,0.7862595419847328,0.975,0.775,53.6,Medium
EMP00454,Sales,Sales Executive,38,4.2,768000.0,No,34,4.7,3.3,3.1,Active,0.0,0.07499999999999996,0.5666666666666667,0.5238970588235294,0.42500000000000004,0.475,26.2,Low
EMP00516,Sales,Account Manager,40,1.2,774000.0,Yes,59,3.2,2.7,2.3,Active,1.0,0.44999999999999996,0.9833333333333333,0.5,0.575,0.85,73.5,High
EMP00571,Engineering,Senior Engineer,36,0.2,873000.0,No,9,2.2,4.7,3.8,Active,0.0,0.7,0.15,0.9805194805194806,0.07499999999999996,0.975,39.7,Low
EMP00224,Customer Support,Support Manager,34,3.0,634000.0,No,16,4.0,2.5,3.5,Active,0.0,0.25,0.26666666666666666,0.2680412371134021,0.625,0.625,25.3,Low
EMP00614,Customer Support,Support Manager,44,2.3,520000.0,No,52,3.9,2.4,1.9,Active,0.0,0.275,0.8666666666666667,0.7654639175257731,0.65,0.7125,43.3,Low
EMP00222,Operations,Ops Manager,31,7.1,955000.0,No,12,3.2,2.2,3.2,Active,0.0,0.44999999999999996,0.2,0.033816425120772986,0.7,0.11250000000000004,23.5,Low
EMP00704,Customer Support,Support Lead,37,0.7,515000.0,No,6,4.8,2.2,2.0,Active,0.0,0.050000000000000044,0.1,0.7835051546391752,0.7,0.9125,27.6,Low
EMP00831,Finance,Finance Manager,24,1.7,919000.0,No,46,3.3,3.7,2.4,Active,0.0,0.42500000000000004,0.7666666666666667,0.36875,0.32499999999999996,0.7875,36.3,Low
EMP00466,Finance,Financial Analyst,36,6.7,963000.0,Yes,18,3.2,2.5,3.4,Active,1.0,0.44999999999999996,0.3,0.25625,0.625,0.16249999999999998,55.7,Medium
EMP00053,HR,HR Generalist,46,3.4,583000.0,No,9,3.4,1.0,3.3,Active,0.0,0.4,0.15,0.83206106870229,1.0,0.575,39.1,Low
EMP01116,Sales,Sales Manager,30,4.9,945000.0,Yes,31,3.2,3.7,2.2,Active,1.0,0.44999999999999996,0.5166666666666667,0.08088235294117652,0.32499999999999996,0.38749999999999996,54.4,Medium
EMP00486,Engineering,Software Engineer,44,0.5,942000.0,No,35,4.3,2.8,2.4,Active,0.0,0.17500000000000004,0.5833333333333334,0.922077922077922,0.55,0.9375,38.7,Low
EMP01163,HR,Recruiter,21,0.2,558000.0,Yes,33,1.9,3.7,3.0,Active,1.0,0.775,0.55,0.9083969465648855,0.32499999999999996,0.975,77.9,High
EMP00965,Customer Support,Support Associate,35,2.5,488000.0,No,22,3.2,3.8,3.8,Active,0.0,0.44999999999999996,0.36666666666666664,0.904639175257732,0.30000000000000004,0.6875,37.1,Low
EMP00156,Finance,Financial Analyst,36,3.1,942000.0,No,57,2.2,3.1,2.7,Active,0.0,0.7,0.95,0.30000000000000004,0.475,0.6125,45.6,Medium
EMP00963,Sales,Sales Executive,43,1.4,809000.0,No,7,3.4,3.1,3.0,Active,0.0,0.4,0.11666666666666667,0.3841911764705882,0.475,0.825,27.5,Low
EMP00601,Operations,Process Lead,45,3.3,629000.0,No,43,1.6,2.1,2.8,Active,0.0,0.85,0.7166666666666667,0.8115942028985508,0.725,0.5875,55.5,Medium
EMP00921,Sales,Sales Executive,47,1.6,693000.0,No,20,2.7,3.4,3.0,Active,0.0,0.575,0.3333333333333333,0.7757352941176471,0.4,0.8,39.6,Low
EMP00249,Engineering,Engineering Manager,23,4.6,1118000.0,No,28,2.5,4.8,4.3,Resigned,0.0,0.625,0.4666666666666667,0.5346320346320346,0.050000000000000044,0.42500000000000004,33.1,Low
EMP00442,Sales,Sales Manager,35,1.8,711000.0,No,39,3.4,4.4,2.2,Resigned,0.0,0.4,0.65,0.7205882352941176,0.1499999999999999,0.775,36.5,Low
EMP01106,HR,HR Manager,27,2.3,556000.0,Yes,40,2.9,3.9,3.4,Resigned,1.0,0.525,0.6666666666666666,0.916030534351145,0.275,0.7125,71.7,High
EMP01119,Engineering,Engineering Manager,38,2.3,984000.0,No,46,5.0,4.8,2.3,Active,0.0,0.0,0.7666666666666667,0.8787878787878788,0.050000000000000044,0.7125,29.4,Low
EMP00543,HR,HR Manager,32,3.3,728000.0,No,58,4.7,3.8,2.6,Active,0.0,0.07499999999999996,0.9666666666666667,0.2442748091603053,0.30000000000000004,0.5875,27.8,Low
EMP00702,Engineering,Software Engineer,30,3.4,1230000.0,No,23,1.1,3.2,3.9,Active,0.0,0.975,0.38333333333333336,0.3225108225108225,0.44999999999999996,0.575,42.9,Low
EMP00118,Finance,Accountant,52,11.6,1297000.0,No,6,3.3,3.2,3.6,Active,0.0,0.42500000000000004,0.1,0.0,0.44999999999999996,0.0,17.2,Low
EMP00758,Customer Support,Support Manager,42,6.2,718000.0,Yes,21,2.8,3.1,2.0,Active,1.0,0.55,0.35,0.0670103092783505,0.475,0.22499999999999998,54.8,Medium
EMP00629,Operations,Ops Analyst,35,4.5,690000.0,Yes,13,4.3,3.1,2.0,Active,1.0,0.17500000000000004,0.21666666666666667,0.5869565217391304,0.475,0.4375,52.2,Medium
EMP01182,Sales,Sales Manager,50,2.2,638000.0,No,2,3.4,2.2,3.3,Active,0.0,0.4,0.03333333333333333,0.9375,0.7,0.725,36.0,Low
EMP00967,Customer Support,Support Lead,28,2.4,597000.0,Yes,5,3.3,3.0,4.2,Active,1.0,0.42500000000000004,0.08333333333333333,0.4149484536082474,0.5,0.7,55.5,Medium
EMP00292,Sales,Account Manager,49,3.4,807000.0,No,36,3.5,3.8,3.0,Active,0.0,0.375,0.6,0.3933823529411765,0.30000000000000004,0.575,31.2,Low
EMP01063,Engineering,Engineering Manager,41,1.2,1063000.0,Yes,41,4.6,3.3,3.1,Resigned,1.0,0.10000000000000009,0.6833333333333333,0.699134199134199,0.42500000000000004,0.85,61.3,Medium
EMP00382,Customer Support,Support Manager,37,1.4,534000.0,No,12,3.1,2.4,4.1,Resigned,0.0,0.475,0.2,0.6752577319587629,0.65,0.825,36.8,Low
EMP00908,Sales,Sales Executive,25,7.3,851000.0,No,23,2.1,3.2,3.5,Active,0.0,0.725,0.38333333333333336,0.27941176470588236,0.44999999999999996,0.08750000000000002,33.4,Low
EMP00954,Sales,Sales Manager,30,2.1,681000.0,No,59,3.9,3.7,2.5,Active,0.0,0.275,0.9833333333333333,0.8051470588235294,0.32499999999999996,0.7375,41.9,Low
EMP00201,HR,HR Manager,37,1.6,652000.0,No,19,2.1,3.1,3.3,Resigned,0.0,0.725,0.31666666666666665,0.5343511450381679,0.475,0.8,40.4,Low
EMP00597,Finance,Financial Analyst,26,7.6,1249000.0,Yes,51,3.9,1.2,1.4,Active,1.0,0.275,0.85,0.018750000000000044,0.95,0.050000000000000044,60.2,Medium
EMP01026,Engineering,Engineering Manager,23,3.6,1041000.0,No,40,3.5,4.9,2.8,Active,0.0,0.375,0.6666666666666666,0.7445887445887446,0.02499999999999991,0.55,33.7,Low
EMP01160,HR,Recruiter,37,4.5,771000.0,No,43,3.2,2.6,3.9,Active,0.0,0.44999999999999996,0.7166666666666667,0.14503816793893132,0.6,0.4375,34.1,Low
EMP00900,Operations,Process Lead,27,2.9,644000.0,No,10,2.6,4.5,2.8,Active,0.0,0.6,0.16666666666666666,0.7584541062801933,0.125,0.6375,33.0,Low
EMP00506,HR,HR Manager,26,6.2,655000.0,Yes,14,3.8,3.1,4.7,Active,1.0,0.30000000000000004,0.23333333333333334,0.5190839694656488,0.475,0.22499999999999998,53.3,Medium
EMP00349,Operations,Ops Manager,46,3.8,749000.0,No,47,3.5,3.0,4.4,Active,0.0,0.375,0.7833333333333333,0.3188405797101449,0.5,0.525,35.1,Low
EMP00969,Operations,Ops Manager,24,3.2,661000.0,No,26,4.4,3.0,3.2,Active,0.0,0.1499999999999999,0.43333333333333335,0.7053140096618358,0.5,0.6,30.0,Low
EMP00341,Sales,Sales Executive,38,6.0,1015000.0,No,37,3.9,3.1,3.4,Active,0.0,0.275,0.6166666666666667,0.02941176470588236,0.475,0.25,24.1,Low
EMP00616,Finance,Accountant,37,0.6,735000.0,No,35,4.2,2.6,3.4,Active,0.0,0.19999999999999996,0.5833333333333334,0.9125,0.6,0.925,39.7,Low
EMP00155,Sales,Sales Manager,27,0.4,608000.0,No,40,3.5,3.4,3.3,Active,0.0,0.375,0.6666666666666666,0.9889705882352942,0.4,0.95,44.0,Low
EMP01127,Operations,Ops Analyst,32,1.6,583000.0,Yes,48,2.5,5.0,3.1,Resigned,1.0,0.625,0.8,0.9371980676328502,0.0,0.8,73.7,High
EMP00799,Finance,Finance Manager,29,2.4,819000.0,No,7,3.8,4.0,3.2,Active,0.0,0.30000000000000004,0.11666666666666667,0.684375,0.25,0.7,25.8,Low
EMP00078,Finance,Financial Analyst,46,0.7,733000.0,No,18,3.2,3.8,3.9,Active,0.0,0.44999999999999996,0.3,0.93125,0.30000000000000004,0.9125,37.7,Low
EMP00288,Engineering,Senior Engineer,56,8.0,1578000.0,No,43,3.3,3.2,3.6,Active,0.0,0.42500000000000004,0.7166666666666667,0.02164502164502169,0.44999999999999996,0.0,27.4,Low
EMP00323,Engineering,Software Engineer,42,4.7,1157000.0,Yes,12,4.7,2.4,4.2,Active,1.0,0.07499999999999996,0.2,0.4502164502164502,0.65,0.4125,49.6,Medium
EMP00861,HR,Recruiter,29,6.0,834000.0,No,29,3.1,3.2,3.3,Active,0.0,0.475,0.48333333333333334,0.06488549618320616,0.44999999999999996,0.25,26.9,Low
EMP00901,Operations,Ops Manager,30,3.5,621000.0,No,49,4.4,3.4,2.4,Active,0.0,0.1499999999999999,0.8166666666666667,0.8478260869565217,0.4,0.5625,36.7,Low
EMP00834,Finance,Financial Analyst,38,3.2,881000.0,No,42,3.9,4.1,4.5,Active,0.0,0.275,0.7,0.50625,0.2250000000000001,0.6,31.2,Low
EMP00083,HR,HR Generalist,42,5.0,733000.0,No,42,4.6,3.8,3.3,Active,0.0,0.10000000000000009,0.7,0.2290076335877863,0.30000000000000004,0.375,22.7,Low
EMP00830,Engineering,Engineering Manager,40,0.9,1066000.0,Yes,53,3.1,2.1,3.3,Resigned,1.0,0.475,0.8833333333333333,0.6818181818181819,0.725,0.8875,77.1,High
EMP00465,Operations,Ops Analyst,27,1.1,730000.0,No,21,4.3,4.3,2.8,Active,0.0,0.17500000000000004,0.35,0.3816425120772947,0.17500000000000004,0.8625,22.4,Low
EMP00884,Operations,Ops Analyst,32,2.7,621000.0,No,53,2.9,4.1,4.0,Active,0.0,0.525,0.8833333333333333,0.8478260869565217,0.2250000000000001,0.6625,45.3,Medium
EMP00793,Engineering,Engineering Manager,21,1.2,1025000.0,Yes,28,3.4,2.5,3.2,Active,1.0,0.4,0.4666666666666667,0.8138528138528138,0.625,0.85,69.1,High
EMP01194,Customer Support,Support Lead,35,1.2,456000.0,No,35,1.6,2.7,4.0,Active,0.0,0.85,0.5833333333333334,0.9896907216494846,0.575,0.85,55.6,Medium
EMP00833,Engineering,Engineering Manager,51,10.4,1694000.0,No,52,1.7,2.1,4.2,Resigned,0.0,0.825,0.8666666666666667,0.0,0.725,0.0,42.4,Low
EMP00334,Customer Support,Support Associate,35,1.3,528000.0,Yes,1,4.2,2.5,2.5,Active,1.0,0.19999999999999996,0.016666666666666666,0.7061855670103092,0.625,0.8375,55.5,Medium
EMP00011,Engineering,Senior Engineer,42,3.7,1141000.0,No,47,1.2,3.4,3.5,Active,0.0,0.95,0.7833333333333333,0.4783549783549783,0.4,0.5375,50.1,Medium
EMP00739,Engineering,Senior Engineer,43,3.5,1190000.0,No,48,3.2,1.2,3.8,Active,0.0,0.44999999999999996,0.8,0.38961038961038963,0.95,0.5625,43.8,Low
EMP00471,Engineering,Software Engineer,42,1.1,1013000.0,Yes,39,2.4,2.1,3.6,Resigned,1.0,0.65,0.65,0.8506493506493507,0.725,0.8625,79.8,High
EMP00033,Engineering,Software Engineer,34,4.8,1260000.0,Yes,18,4.8,3.1,2.4,Resigned,1.0,0.050000000000000044,0.3,0.2857142857142857,0.475,0.4,46.1,Medium
EMP00819,Finance,Finance Manager,27,0.7,759000.0,No,47,3.8,2.2,4.0,Active,0.0,0.30000000000000004,0.7833333333333333,0.88125,0.7,0.9125,45.9,Medium
EMP00414,Customer Support,Support Manager,42,6.1,617000.0,No,35,2.1,5.0,2.6,Active,0.0,0.725,0.5833333333333334,0.31443298969072164,0.0,0.23750000000000004,32.6,Low
EMP00581,Operations,Process Lead,59,6.2,716000.0,No,20,2.9,3.2,3.6,Resigned,0.0,0.525,0.3333333333333333,0.46376811594202894,0.44999999999999996,0.22499999999999998,31.2,Low
EMP00383,HR,HR Manager,32,0.6,573000.0,No,45,3.9,2.6,2.9,Resigned,0.0,0.275,0.75,0.8549618320610687,0.6,0.925,43.3,Low
EMP00864,Operations,Process Lead,21,4.7,816000.0,No,34,2.4,3.7,3.2,Resigned,0.0,0.65,0.5666666666666667,0.17391304347826086,0.32499999999999996,0.4125,33.5,Low
EMP00797,Sales,Sales Executive,39,3.1,816000.0,No,39,3.5,2.8,2.6,Active,0.0,0.375,0.65,0.3621323529411765,0.55,0.6125,34.7,Low
EMP01156,Sales,Account Manager,40,1.5,754000.0,No,4,3.5,4.2,3.3,Active,0.0,0.375,0.06666666666666667,0.5827205882352942,0.19999999999999996,0.8125,25.5,Low
EMP00878,Engineering,Software Engineer,37,8.3,1264000.0,No,2,2.7,2.9,3.8,Active,0.0,0.575,0.03333333333333333,0.2770562770562771,0.525,0.0,24.5,Low
EMP01191,Operations,Ops Analyst,36,0.9,582000.0,No,21,5.0,3.4,3.2,Active,0.0,0.0,0.35,0.9444444444444444,0.4,0.8875,28.9,Low
EMP00379,Engineering,Senior Engineer,26,6.5,1456000.0,Yes,14,3.6,1.3,4.2,Resigned,1.0,0.35,0.23333333333333334,0.07359307359307354,0.925,0.1875,53.4,Medium
EMP00090,Operations,Ops Manager,23,0.3,606000.0,Yes,51,2.8,4.1,2.9,Active,1.0,0.55,0.85,0.8888888888888888,0.2250000000000001,0.9625,75.7,High
EMP00829,Customer Support,Support Manager,37,2.3,489000.0,Yes,30,3.2,2.2,4.5,Active,1.0,0.44999999999999996,0.5,0.8943298969072165,0.7,0.7125,72.0,High
EMP00602,HR,HR Manager,27,1.5,578000.0,Yes,26,3.0,2.4,2.4,Active,1.0,0.5,0.43333333333333335,0.8396946564885497,0.65,0.8125,71.4,High
EMP00214,HR,Recruiter,25,2.6,710000.0,No,46,2.9,4.5,3.7,Active,0.0,0.525,0.7666666666666667,0.3129770992366412,0.125,0.675,34.8,Low
EMP00333,Finance,Finance Manager,29,3.2,833000.0,Yes,46,2.7,3.2,3.2,Active,1.0,0.575,0.7666666666666667,0.65625,0.44999999999999996,0.6,72.3,High
EMP00134,Engineering,Software Engineer,34,2.0,1024000.0,No,51,2.5,3.3,2.9,Active,0.0,0.625,0.85,0.8181818181818181,0.42500000000000004,0.75,49.7,Medium
EMP00347,Customer Support,Support Associate,37,4.8,633000.0,No,39,2.3,3.8,4.0,Active,0.0,0.675,0.65,0.2731958762886598,0.30000000000000004,0.4,36.4,Low
EMP00899,Sales,Account Manager,30,3.9,838000.0,No,2,3.1,3.0,2.2,Active,0.0,0.475,0.03333333333333333,0.3161764705882353,0.5,0.5125,25.4,Low
EMP00008,HR,HR Manager,29,2.3,568000.0,No,53,2.9,2.9,3.6,Active,0.0,0.525,0.8833333333333333,0.8740458015267176,0.525,0.7125,49.5,Medium
EMP00882,Finance,Finance Manager,28,5.5,1035000.0,No,55,3.2,3.4,4.2,Active,0.0,0.44999999999999996,0.9166666666666666,0.13749999999999996,0.4,0.3125,34.1,Low
EMP00321,Customer Support,Support Lead,45,6.4,698000.0,Yes,2,3.3,2.6,2.8,Active,1.0,0.42500000000000004,0.03333333333333333,0.09793814432989689,0.6,0.19999999999999996,48.5,Medium
EMP01066,Customer Support,Support Manager,60,0.9,525000.0,No,20,3.2,3.0,2.8,Resigned,0.0,0.44999999999999996,0.3333333333333333,0.7371134020618557,0.5,0.8875,37.8,Low
EMP00188,Sales,Sales Executive,34,2.8,850000.0,Yes,2,3.0,2.2,3.2,Active,1.0,0.5,0.03333333333333333,0.28308823529411764,0.7,0.65,56.8,Medium
EMP00635,Sales,Sales Executive,21,2.0,752000.0,Yes,10,3.3,3.4,3.2,Resigned,1.0,0.42500000000000004,0.16666666666666666,0.5900735294117647,0.4,0.75,58.4,Medium
EMP00553,Sales,Sales Manager,21,1.9,649000.0,No,59,2.3,3.7,4.1,Active,0.0,0.675,0.9833333333333333,0.9172794117647058,0.32499999999999996,0.7625,53.3,Medium
EMP00305,Customer Support,Support Associate,29,0.7,504000.0,Yes,12,2.9,1.3,3.9,Resigned,1.0,0.525,0.2,0.8298969072164948,0.925,0.9125,72.0,High
EMP00032,Customer Support,Support Lead,40,5.2,639000.0,No,12,2.0,5.0,2.3,Active,0.0,0.75,0.2,0.25257731958762886,0.0,0.35,26.8,Low
EMP00876,Customer Support,Support Manager,33,4.0,663000.0,No,9,3.3,5.0,2.0,Active,0.0,0.42500000000000004,0.15,0.19072164948453607,0.0,0.5,18.3,Low
EMP00685,Finance,Accountant,36,3.6,787000.0,No,49,1.0,5.0,2.2,Active,0.0,1.0,0.8166666666666667,0.796875,0.0,0.55,51.5,Medium
EMP01088,HR,HR Manager,40,1.6,561000.0,No,59,2.6,2.7,2.3,Active,0.0,0.6,0.9833333333333333,0.9007633587786259,0.575,0.8,54.4,Medium
EMP00241,HR,HR Generalist,40,1.2,508000.0,No,1,5.0,2.6,3.2,Active,0.0,0.0,0.016666666666666666,0.9618320610687023,0.6,0.85,26.0,Low
EMP00068,Engineering,Engineering Manager,29,1.8,1108000.0,No,31,3.2,4.2,3.3,Active,0.0,0.44999999999999996,0.5166666666666667,0.5584415584415585,0.19999999999999996,0.775,33.9,Low
EMP00175,Sales,Sales Manager,29,4.3,798000.0,No,30,3.5,3.2,4.3,Active,0.0,0.375,0.5,0.4319852941176471,0.44999999999999996,0.4625,31.2,Low
EMP00767,Sales,Sales Manager,38,5.0,772000.0,No,45,4.4,4.3,3.1,Resigned,0.0,0.1499999999999999,0.75,0.5055147058823529,0.17500000000000004,0.375,27.0,Low
EMP01193,Customer Support,Support Manager,30,3.8,674000.0,No,18,2.4,5.0,2.6,Active,0.0,0.65,0.3,0.15721649484536082,0.0,0.525,25.8,Low
EMP00246,Customer Support,Support Associate,35,0.2,502000.0,No,34,3.1,4.0,4.0,Active,0.0,0.475,0.5666666666666667,0.8427835051546392,0.25,0.975,41.1,Low
EMP00057,Operations,Process Lead,36,1.0,667000.0,No,3,2.9,3.3,2.3,Active,0.0,0.525,0.05,0.6763285024154589,0.42500000000000004,0.875,33.2,Low
EMP00631,Customer Support,Support Manager,32,4.3,548000.0,No,25,4.6,3.2,4.0,Active,0.0,0.10000000000000009,0.4166666666666667,0.6082474226804124,0.44999999999999996,0.4625,25.8,Low
EMP00584,Engineering,Engineering Manager,46,7.0,1392000.0,Yes,59,3.2,1.6,4.5,Active,1.0,0.44999999999999996,0.9833333333333333,0.10822510822510822,0.85,0.125,67.0,High
EMP01047,Sales,Sales Executive,32,2.0,805000.0,Yes,27,3.5,3.4,2.6,Resigned,1.0,0.375,0.45,0.40441176470588236,0.4,0.75,59.2,Medium
EMP00146,Engineering,Senior Engineer,43,3.1,1026000.0,No,56,2.5,4.0,3.1,Active,0.0,0.625,0.9333333333333333,0.8095238095238095,0.25,0.6125,47.9,Medium
EMP00091,Sales,Account Manager,25,0.5,676000.0,No,49,3.8,2.9,2.6,Resigned,0.0,0.30000000000000004,0.8166666666666667,0.8272058823529411,0.525,0.9375,43.8,Low
EMP01199,Engineering,Software Engineer,43,3.9,1210000.0,No,31,4.2,2.8,3.6,Active,0.0,0.19999999999999996,0.5166666666666667,0.35930735930735935,0.55,0.5125,27.8,Low
EMP00393,Operations,Process Lead,39,5.4,708000.0,No,46,2.2,2.8,4.3,Active,0.0,0.7,0.7666666666666667,0.4975845410628019,0.55,0.32499999999999996,44.6,Low
EMP00893,Engineering,Software Engineer,33,5.0,1051000.0,No,7,2.4,4.0,3.2,Active,0.0,0.65,0.11666666666666667,0.7142857142857143,0.25,0.375,32.7,Low
EMP00311,Operations,Ops Analyst,27,1.4,689000.0,No,23,1.0,3.3,3.1,Active,0.0,1.0,0.38333333333333336,0.5966183574879227,0.42500000000000004,0.825,48.5,Medium
EMP00360,Operations,Ops Manager,44,5.2,715000.0,No,7,3.2,1.5,2.8,Resigned,0.0,0.44999999999999996,0.11666666666666667,0.4685990338164251,0.875,0.35,31.8,Low
EMP00094,Engineering,Senior Engineer,38,3.6,1297000.0,No,22,3.0,3.3,3.2,Active,0.0,0.5,0.36666666666666664,0.2142857142857143,0.42500000000000004,0.55,29.3,Low
EMP01112,Operations,Ops Manager,39,7.7,818000.0,No,31,4.0,4.7,2.4,Active,0.0,0.25,0.5166666666666667,0.16425120772946855,0.07499999999999996,0.03749999999999998,17.7,Low
EMP01046,Engineering,Engineering Manager,35,3.0,1081000.0,No,53,3.1,3.5,3.3,Active,0.0,0.475,0.8833333333333333,0.6320346320346321,0.375,0.625,42.6,Low
EMP00377,Customer Support,Support Lead,38,2.8,520000.0,No,21,3.4,3.1,2.3,Active,0.0,0.4,0.35,0.7654639175257731,0.475,0.65,35.5,Low
EMP00244,Operations,Ops Manager,27,3.8,793000.0,No,22,3.4,3.1,3.8,Active,0.0,0.4,0.36666666666666664,0.20772946859903385,0.475,0.525,27.2,Low
EMP01099,Customer Support,Support Associate,51,5.1,553000.0,No,43,1.8,4.1,3.2,Resigned,0.0,0.8,0.7166666666666667,0.5747422680412371,0.2250000000000001,0.36250000000000004,43.6,Low
EMP00088,Operations,Ops Analyst,43,1.5,637000.0,Yes,4,3.8,2.3,4.5,Active,1.0,0.30000000000000004,0.06666666666666667,0.7850241545893719,0.675,0.8125,60.2,Medium
EMP00215,Finance,Financial Analyst,37,2.5,940000.0,No,11,2.6,2.6,3.4,Active,0.0,0.6,0.18333333333333332,0.31562500000000004,0.6,0.6875,33.1,Low
EMP00445,Engineering,Senior Engineer,37,1.6,1019000.0,No,2,3.4,4.2,4.0,Active,0.0,0.4,0.03333333333333333,0.8268398268398268,0.19999999999999996,0.8,28.9,Low
EMP00174,Customer Support,Support Lead,28,5.7,660000.0,No,9,3.2,3.1,2.9,Active,0.0,0.44999999999999996,0.15,0.20618556701030932,0.475,0.2875,23.5,Low
EMP00426,HR,HR Manager,26,3.5,676000.0,Yes,43,3.7,3.1,2.9,Active,1.0,0.32499999999999996,0.7166666666666667,0.43511450381679384,0.475,0.5625,62.4,Medium
EMP01062,Finance,Finance Manager,45,13.0,1212000.0,Yes,46,2.8,1.6,2.7,Active,1.0,0.55,0.7666666666666667,0.03749999999999998,0.85,0.0,64.2,Medium
EMP00119,Operations,Ops Analyst,33,1.7,574000.0,No,24,3.9,4.1,2.8,Active,0.0,0.275,0.4,0.966183574879227,0.2250000000000001,0.7875,34.0,Low
EMP00120,Finance,Finance Manager,31,3.6,858000.0,No,3,3.4,1.0,3.9,Active,0.0,0.4,0.05,0.58125,1.0,0.55,33.8,Low
EMP01034,Customer Support,Support Lead,39,3.2,575000.0,No,48,2.4,3.5,4.3,Active,0.0,0.65,0.8,0.4871134020618557,0.375,0.6,43.3,Low
EMP01095,Operations,Process Lead,21,0.6,665000.0,Yes,18,4.2,1.7,2.4,Resigned,1.0,0.19999999999999996,0.3,0.6859903381642511,0.825,0.925,62.7,Medium
EMP00001,HR,HR Generalist,39,12.0,775000.0,Yes,57,4.0,2.5,2.7,Active,1.0,0.25,0.95,0.1297709923664122,0.625,0.0,58.5,Medium
EMP00395,Sales,Sales Executive,38,3.1,763000.0,Yes,58,2.3,2.9,3.1,Resigned,1.0,0.675,0.9666666666666667,0.5477941176470589,0.525,0.6125,77.3,High
EMP00402,Customer Support,Support Lead,36,4.0,525000.0,No,18,3.0,2.2,3.8,Active,0.0,0.5,0.3,0.7371134020618557,0.7,0.5,38.5,Low
EMP00405,Customer Support,Support Associate,40,5.9,604000.0,No,55,2.9,2.7,3.2,Active,0.0,0.525,0.9166666666666666,0.3711340206185567,0.575,0.26249999999999996,40.9,Low
EMP00880,Operations,Process Lead,27,4.2,684000.0,No,4,3.9,1.8,2.0,Active,0.0,0.275,0.06666666666666667,0.6207729468599034,0.8,0.475,28.8,Low
EMP00891,Engineering,Senior Engineer,34,2.5,981000.0,No,39,4.9,3.6,2.3,Active,0.0,0.02499999999999991,0.65,0.8874458874458875,0.35,0.6875,31.7,Low
EMP00163,Engineering,Engineering Manager,30,1.8,1009000.0,No,49,3.9,4.3,1.9,Active,0.0,0.275,0.8166666666666667,0.8571428571428572,0.17500000000000004,0.775,38.4,Low
EMP00115,Sales,Sales Executive,39,5.8,748000.0,No,35,3.1,3.5,4.6,Active,0.0,0.475,0.5833333333333334,0.6029411764705883,0.375,0.275,35.3,Low
EMP00671,Sales,Account Manager,34,5.1,731000.0,No,22,3.6,2.9,3.8,Resigned,0.0,0.35,0.36666666666666664,0.6654411764705883,0.525,0.36250000000000004,32.1,Low
EMP00151,HR,Recruiter,25,2.3,611000.0,Yes,46,2.9,3.5,3.7,Active,1.0,0.525,0.7666666666666667,0.7251908396946565,0.375,0.7125,71.8,High
EMP00842,HR,HR Generalist,31,2.5,712000.0,No,12,3.5,4.9,2.7,Active,0.0,0.375,0.2,0.3015267175572519,0.02499999999999991,0.6875,20.8,Low
EMP00981,Customer Support,Support Manager,25,8.2,665000.0,Yes,26,2.5,3.7,3.4,Active,1.0,0.625,0.43333333333333335,0.18556701030927836,0.32499999999999996,0.0,56.4,Medium
EMP00562,Engineering,Senior Engineer,33,1.0,871000.0,No,41,2.9,3.4,1.6,Active,0.0,0.525,0.6833333333333333,0.987012987012987,0.4,0.875,47.4,Medium
EMP00369,Engineering,Senior Engineer,28,1.8,1120000.0,Yes,27,3.2,1.1,1.0,Resigned,1.0,0.44999999999999996,0.45,0.5281385281385281,0.975,0.775,69.7,High
EMP00544,Customer Support,Support Associate,36,1.4,477000.0,No,46,4.5,3.2,2.9,Active,0.0,0.125,0.7666666666666667,0.9432989690721649,0.44999999999999996,0.825,38.8,Low
EMP00478,Finance,Finance Manager,30,2.6,835000.0,No,50,3.1,4.2,3.0,Active,0.0,0.475,0.8333333333333334,0.64375,0.19999999999999996,0.675,40.2,Low
EMP01151,Sales,Account Manager,38,3.2,736000.0,No,42,3.9,5.0,3.3,Active,0.0,0.275,0.7,0.6397058823529411,0.0,0.6,30.4,Low
EMP00533,Engineering,Software Engineer,28,3.6,1252000.0,No,42,3.9,3.4,3.3,Active,0.0,0.275,0.7,0.2987012987012987,0.4,0.55,30.1,Low
EMP00626,Engineering,Senior Engineer,51,3.0,1036000.0,No,20,2.5,4.0,3.8,Resigned,0.0,0.625,0.3333333333333333,0.7662337662337663,0.25,0.625,37.8,Low
EMP01021,Customer Support,Support Lead,33,8.3,670000.0,No,14,3.7,2.0,3.1,Active,0.0,0.32499999999999996,0.23333333333333334,0.1649484536082474,0.75,0.0,22.8,Low
EMP00513,Sales,Account Manager,29,2.4,662000.0,No,48,2.1,3.1,2.7,Active,0.0,0.725,0.8,0.8621323529411764,0.475,0.7,52.2,Medium
EMP00840,Operations,Ops Analyst,30,7.8,931000.0,Yes,29,3.0,1.8,3.6,Resigned,1.0,0.5,0.48333333333333334,0.048309178743961345,0.8,0.025000000000000022,58.2,Medium
EMP00073,Customer Support,Support Lead,21,1.0,482000.0,No,45,5.0,4.5,3.1,Active,0.0,0.0,0.75,0.9278350515463918,0.125,0.875,31.7,Low
EMP00808,Sales,Sales Manager,30,0.6,715000.0,No,19,4.2,2.4,3.1,Active,0.0,0.19999999999999996,0.31666666666666665,0.7077205882352942,0.65,0.925,33.1,Low
EMP00259,Sales,Sales Manager,28,5.9,841000.0,No,13,2.6,2.2,3.8,Resigned,0.0,0.6,0.21666666666666667,0.30147058823529416,0.7,0.26249999999999996,32.1,Low
EMP00625,Customer Support,Support Lead,24,1.6,499000.0,No,21,2.1,3.2,2.1,Active,0.0,0.725,0.35,0.8582474226804124,0.44999999999999996,0.8,45.2,Medium
EMP00827,Operations,Ops Manager,38,4.0,728000.0,No,47,4.0,4.1,3.6,Active,0.0,0.25,0.7833333333333333,0.3961352657004831,0.2250000000000001,0.5,29.8,Low
EMP00235,Customer Support,Support Associate,27,1.4,548000.0,Yes,54,2.6,4.3,4.8,Active,1.0,0.6,0.9,0.6082474226804124,0.17500000000000004,0.825,72.4,High
EMP00136,Sales,Sales Manager,40,5.1,780000.0,Yes,58,4.7,2.2,4.2,Active,1.0,0.07499999999999996,0.9666666666666667,0.4852941176470589,0.7,0.36250000000000004,62.6,Medium
EMP00617,HR,Recruiter,41,2.0,569000.0,No,8,3.7,4.0,4.4,Active,0.0,0.32499999999999996,0.13333333333333333,0.8625954198473282,0.25,0.75,29.5,Low
EMP00517,Engineering,Senior Engineer,34,3.3,1019000.0,Yes,54,3.3,2.2,1.8,Active,1.0,0.42500000000000004,0.9,0.8268398268398268,0.7,0.5875,76.1,High
EMP01071,Customer Support,Support Associate,47,4.8,678000.0,No,47,3.2,3.8,3.1,Active,0.0,0.44999999999999996,0.7833333333333333,0.1469072164948454,0.30000000000000004,0.4,31.4,Low
EMP00837,HR,Recruiter,30,1.9,696000.0,No,40,3.7,2.0,4.1,Active,0.0,0.32499999999999996,0.6666666666666666,0.3396946564885496,0.75,0.7625,36.8,Low
EMP00843,Operations,Process Lead,26,3.2,772000.0,Yes,6,3.6,2.8,3.7,Active,1.0,0.35,0.1,0.26086956521739135,0.55,0.6,51.9,Medium
EMP00803,Customer Support,Support Manager,49,1.3,588000.0,Yes,18,3.3,3.1,3.7,Resigned,1.0,0.42500000000000004,0.3,0.4381443298969072,0.475,0.8375,59.9,Medium
EMP00810,Customer Support,Support Associate,22,1.5,539000.0,Yes,13,3.3,3.8,2.6,Resigned,1.0,0.42500000000000004,0.21666666666666667,0.6597938144329897,0.30000000000000004,0.8125,59.4,Medium
EMP00593,Engineering,Software Engineer,40,3.4,1262000.0,No,44,2.6,2.8,4.0,Active,0.0,0.6,0.7333333333333333,0.2813852813852814,0.55,0.575,40.1,Low
EMP01078,Operations,Ops Manager,23,4.2,856000.0,No,7,4.2,4.5,2.9,Active,0.0,0.19999999999999996,0.11666666666666667,0.09661835748792269,0.125,0.475,12.4,Low
EMP00502,Customer Support,Support Manager,34,14.2,815000.0,No,24,3.7,1.8,3.7,Active,0.0,0.32499999999999996,0.4,0.010309278350515427,0.8,0.0,23.9,Low
EMP00539,Sales,Sales Manager,37,5.9,818000.0,No,17,4.4,1.8,1.7,Active,0.0,0.1499999999999999,0.2833333333333333,0.35110294117647056,0.8,0.26249999999999996,24.2,Low
EMP00946,Engineering,Engineering Manager,38,1.1,1088000.0,No,7,4.0,3.5,2.9,Active,0.0,0.25,0.11666666666666667,0.6147186147186148,0.375,0.8625,26.1,Low
EMP00729,Operations,Ops Manager,33,0.7,689000.0,Yes,54,5.0,2.0,4.1,Active,1.0,0.0,0.9,0.5966183574879227,0.75,0.9125,65.2,High
EMP00582,Operations,Ops Analyst,39,7.7,776000.0,Yes,2,5.0,1.1,4.2,Active,1.0,0.0,0.03333333333333333,0.24637681159420288,0.975,0.03749999999999998,43.9,Low
EMP00344,Operations,Process Lead,43,2.7,645000.0,No,37,3.3,3.6,2.2,Active,0.0,0.42500000000000004,0.6166666666666667,0.7536231884057971,0.35,0.6625,38.8,Low
EMP00976,Finance,Accountant,30,4.7,1074000.0,No,46,3.9,3.2,2.3,Active,0.0,0.275,0.7666666666666667,0.11250000000000004,0.44999999999999996,0.4125,28.3,Low
EMP00890,Finance,Financial Analyst,32,5.7,1101000.0,No,32,2.1,3.7,2.4,Active,0.0,0.725,0.5333333333333333,0.07187500000000002,0.32499999999999996,0.2875,32.6,Low
EMP00294,Sales,Account Manager,31,8.3,992000.0,No,35,3.8,3.3,3.3,Active,0.0,0.30000000000000004,0.5833333333333334,0.044117647058823484,0.42500000000000004,0.0,22.3,Low
EMP00365,Finance,Financial Analyst,36,6.0,918000.0,No,7,3.5,3.5,2.9,Active,0.0,0.375,0.11666666666666667,0.375,0.375,0.25,22.1,Low
EMP00898,Sales,Sales Manager,42,5.0,771000.0,Yes,54,3.0,2.3,2.8,Active,1.0,0.5,0.9,0.5110294117647058,0.675,0.375,71.9,High
EMP00660,Engineering,Software Engineer,36,1.5,1097000.0,No,23,3.1,2.9,2.4,Active,0.0,0.475,0.38333333333333336,0.5865800865800865,0.525,0.8125,36.9,Low
EMP00015,Operations,Ops Manager,27,1.2,601000.0,No,33,3.4,3.0,4.0,Active,0.0,0.4,0.55,0.8985507246376812,0.5,0.85,42.1,Low
EMP00687,Operations,Ops Analyst,32,2.7,757000.0,Yes,37,4.7,3.7,2.6,Active,1.0,0.07499999999999996,0.6166666666666667,0.30434782608695654,0.32499999999999996,0.6625,51.8,Medium
EMP00087,Finance,Financial Analyst,37,1.0,894000.0,No,3,2.4,3.3,3.2,Active,0.0,0.65,0.05,0.44062500000000004,0.42500000000000004,0.875,32.9,Low
EMP00371,HR,Recruiter,29,3.3,622000.0,No,1,3.1,1.4,3.3,Active,0.0,0.475,0.016666666666666666,0.6793893129770993,0.9,0.5875,35.5,Low
EMP00166,Engineering,Senior Engineer,28,3.2,1270000.0,No,6,3.7,3.3,3.0,Active,0.0,0.32499999999999996,0.1,0.2683982683982684,0.42500000000000004,0.6,21.9,Low
EMP00132,Customer Support,Support Manager,34,0.1,526000.0,No,54,4.3,2.3,3.5,Active,0.0,0.17500000000000004,0.9,0.7242268041237113,0.675,0.9875,42.8,Low
EMP00336,Finance,Financial Analyst,41,2.2,948000.0,No,15,2.9,1.8,3.9,Active,0.0,0.525,0.25,0.28125,0.8,0.725,34.5,Low
EMP00060,Sales,Sales Executive,34,0.6,750000.0,No,38,2.9,1.4,3.4,Resigned,0.0,0.525,0.6333333333333333,0.5974264705882353,0.9,0.925,47.4,Medium
EMP00710,Operations,Ops Analyst,38,1.0,624000.0,Yes,40,3.0,2.7,1.8,Active,1.0,0.5,0.6666666666666666,0.8309178743961353,0.575,0.875,74.4,High
EMP01180,Sales,Sales Executive,31,2.7,750000.0,No,1,2.5,2.0,3.4,Active,0.0,0.625,0.016666666666666666,0.5974264705882353,0.75,0.6625,36.6,Low
EMP00677,Customer Support,Support Associate,30,4.1,637000.0,No,30,3.6,3.6,3.5,Active,0.0,0.35,0.5,0.25773195876288657,0.35,0.48750000000000004,27.1,Low
EMP00355,Operations,Process Lead,38,2.8,737000.0,No,13,3.7,1.6,3.2,Active,0.0,0.32499999999999996,0.21666666666666667,0.3623188405797102,0.85,0.65,30.4,Low
EMP01013,Operations,Ops Analyst,40,3.8,636000.0,Yes,40,1.2,3.6,3.4,Resigned,1.0,0.95,0.6666666666666666,0.7922705314009661,0.35,0.525,79.9,High
EMP00425,Finance,Accountant,36,1.7,769000.0,Yes,56,3.4,3.3,2.1,Active,1.0,0.4,0.9333333333333333,0.85,0.42500000000000004,0.7875,74.3,High
EMP00293,Customer Support,Support Manager,43,6.8,729000.0,No,3,3.1,2.2,3.7,Active,0.0,0.475,0.05,0.04123711340206182,0.7,0.15000000000000002,22.1,Low
EMP00042,HR,HR Generalist,60,0.7,498000.0,Yes,18,2.6,2.0,2.2,Resigned,1.0,0.6,0.3,0.9732824427480916,0.75,0.9125,75.3,High
EMP01081,Engineering,Engineering Manager,42,3.5,1065000.0,No,60,2.8,2.4,4.2,Active,0.0,0.55,1.0,0.6904761904761905,0.65,0.5625,50.0,Medium
EMP00330,Engineering,Senior Engineer,32,2.5,994000.0,No,60,3.6,2.7,3.2,Resigned,0.0,0.35,1.0,0.8679653679653679,0.575,0.6875,47.6,Medium
EMP00615,Engineering,Senior Engineer,28,4.9,1069000.0,No,10,3.4,3.0,2.3,Active,0.0,0.4,0.16666666666666666,0.6666666666666667,0.5,0.38749999999999996,29.9,Low
EMP00430,HR,HR Generalist,35,1.2,649000.0,Yes,57,4.1,2.7,2.2,Resigned,1.0,0.2250000000000001,0.95,0.5458015267175573,0.575,0.85,68.2,High
EMP00080,HR,HR Generalist,38,6.5,791000.0,No,55,3.6,4.3,2.9,Active,0.0,0.35,0.9166666666666666,0.1145038167938931,0.17500000000000004,0.1875,27.9,Low
EMP00694,Engineering,Software Engineer,27,4.5,1093000.0,No,47,3.5,2.3,2.5,Resigned,0.0,0.375,0.7833333333333333,0.5974025974025974,0.675,0.4375,40.6,Low
EMP00029,Sales,Sales Manager,32,2.0,699000.0,No,5,3.3,4.7,2.5,Active,0.0,0.42500000000000004,0.08333333333333333,0.7628676470588236,0.07499999999999996,0.75,27.6,Low
EMP00708,HR,Recruiter,32,0.8,610000.0,No,57,4.7,3.6,2.4,Active,0.0,0.07499999999999996,0.95,0.732824427480916,0.35,0.9,36.9,Low
EMP01003,Sales,Sales Executive,59,4.0,728000.0,No,9,2.2,4.0,2.9,Resigned,0.0,0.7,0.15,0.6764705882352942,0.25,0.5,34.7,Low
EMP01186,HR,HR Generalist,32,7.8,754000.0,No,10,1.8,3.9,4.0,Active,0.0,0.8,0.16666666666666666,0.17557251908396942,0.275,0.025000000000000022,27.8,Low
EMP00255,Engineering,Engineering Manager,43,6.9,1331000.0,Yes,3,4.4,1.0,3.1,Active,1.0,0.1499999999999999,0.05,0.1601731601731602,1.0,0.13749999999999996,47.5,Medium
EMP00161,Sales,Account Manager,45,6.1,919000.0,No,12,2.3,4.2,1.2,Active,0.0,0.675,0.2,0.13051470588235292,0.19999999999999996,0.23750000000000004,25.1,Low
EMP00459,HR,HR Manager,29,0.4,584000.0,No,19,3.6,3.1,3.0,Active,0.0,0.35,0.31666666666666665,0.8206106870229007,0.475,0.95,36.4,Low
EMP00384,Operations,Process Lead,39,4.7,849000.0,No,11,2.5,3.3,2.9,Active,0.0,0.625,0.18333333333333332,0.10144927536231885,0.42500000000000004,0.4125,26.9,Low
EMP00314,Engineering,Senior Engineer,37,2.1,965000.0,No,8,4.3,2.9,4.0,Active,0.0,0.17500000000000004,0.13333333333333333,0.9004329004329005,0.525,0.7375,29.7,Low
EMP00085,Sales,Account Manager,33,7.1,946000.0,No,18,2.7,2.7,2.0,Active,0.0,0.575,0.3,0.07352941176470584,0.575,0.11250000000000004,27.2,Low
EMP00575,Customer Support,Support Associate,30,3.6,513000.0,No,47,3.3,3.1,2.9,Active,0.0,0.42500000000000004,0.7833333333333333,0.7989690721649485,0.475,0.55,42.9,Low
EMP00763,Sales,Sales Executive,29,2.9,785000.0,No,57,2.6,3.9,2.6,Active,0.0,0.6,0.95,0.46691176470588236,0.275,0.6375,43.3,Low
EMP00137,Customer Support,Support Associate,32,6.0,669000.0,Yes,25,3.6,3.2,2.6,Resigned,1.0,0.35,0.4166666666666667,0.1701030927835051,0.44999999999999996,0.25,52.3,Medium
EMP00112,Sales,Sales Manager,27,1.5,668000.0,No,49,4.3,2.1,3.9,Active,0.0,0.17500000000000004,0.8166666666666667,0.8419117647058824,0.725,0.8125,42.6,Low
EMP00195,Sales,Sales Executive,21,3.6,799000.0,No,14,3.6,4.6,3.8,Resigned,0.0,0.35,0.23333333333333334,0.4209558823529411,0.10000000000000009,0.55,22.5,Low
EMP00853,Customer Support,Support Associate,34,2.0,541000.0,Yes,18,4.6,4.2,2.8,Active,1.0,0.10000000000000009,0.3,0.6443298969072164,0.19999999999999996,0.75,51.1,Medium
EMP00179,Customer Support,Support Manager,50,1.5,565000.0,Yes,40,4.5,1.8,3.0,Active,1.0,0.125,0.6666666666666666,0.5283505154639175,0.8,0.8125,63.5,Medium
EMP00556,Engineering,Engineering Manager,30,6.5,1467000.0,Yes,25,3.1,1.0,3.4,Active,1.0,0.475,0.4166666666666667,0.0670995670995671,1.0,0.1875,60.1,Medium
EMP00724,Customer Support,Support Lead,52,3.2,525000.0,Yes,10,3.4,3.9,1.9,Active,1.0,0.4,0.16666666666666666,0.7371134020618557,0.275,0.6,57.5,Medium
EMP00860,Operations,Ops Manager,37,7.7,930000.0,No,45,2.6,3.3,3.3,Active,0.0,0.6,0.75,0.0531400966183575,0.42500000000000004,0.03749999999999998,32.5,Low
EMP00497,Operations,Ops Manager,41,1.7,692000.0,No,46,3.1,3.0,2.4,Active,0.0,0.475,0.7666666666666667,0.572463768115942,0.5,0.7875,42.4,Low
EMP00904,Operations,Ops Analyst,40,2.9,799000.0,No,55,3.4,2.8,2.3,Active,0.0,0.4,0.9166666666666666,0.2028985507246377,0.55,0.6375,37.5,Low
EMP00806,Sales,Sales Manager,38,2.8,761000.0,No,2,3.8,3.1,2.8,Active,0.0,0.30000000000000004,0.03333333333333333,0.5606617647058824,0.475,0.65,25.2,Low
EMP00130,Operations,Ops Manager,37,2.8,714000.0,No,47,4.1,2.6,2.8,Active,0.0,0.2250000000000001,0.7833333333333333,0.47342995169082125,0.6,0.65,35.7,Low
EMP00716,Sales,Account Manager,39,2.3,654000.0,Yes,12,5.0,1.9,4.3,Active,1.0,0.0,0.2,0.90625,0.775,0.7125,57.5,Medium
EMP00338,Finance,Financial Analyst,32,1.9,765000.0,No,59,3.8,2.7,2.8,Active,0.0,0.30000000000000004,0.9833333333333333,0.85625,0.575,0.7625,46.4,Medium
EMP00609,Finance,Accountant,41,7.5,1206000.0,No,14,3.3,2.7,3.1,Active,0.0,0.42500000000000004,0.23333333333333334,0.050000000000000044,0.575,0.0625,21.9,Low
EMP00125,Sales,Sales Executive,35,3.0,678000.0,No,30,3.6,4.8,2.4,Active,0.0,0.35,0.5,0.8216911764705882,0.050000000000000044,0.625,32.3,Low
EMP00196,Sales,Sales Executive,23,3.8,778000.0,No,49,2.7,3.8,2.6,Active,0.0,0.575,0.8166666666666667,0.48897058823529416,0.30000000000000004,0.525,40.5,Low
EMP00227,Sales,Sales Manager,37,3.2,801000.0,No,7,3.6,3.3,2.2,Active,0.0,0.35,0.11666666666666667,0.4154411764705882,0.42500000000000004,0.6,24.8,Low
EMP00690,Operations,Ops Manager,25,2.7,800000.0,No,42,1.9,4.1,3.5,Active,0.0,0.775,0.7,0.19806763285024154,0.2250000000000001,0.6625,39.2,Low
EMP00269,Sales,Sales Executive,36,5.4,918000.0,No,26,3.8,3.5,3.9,Active,0.0,0.30000000000000004,0.43333333333333335,0.13602941176470584,0.375,0.32499999999999996,22.5,Low
EMP00153,Sales,Sales Executive,43,4.4,829000.0,Yes,49,3.7,3.8,3.4,Active,1.0,0.32499999999999996,0.8166666666666667,0.3272058823529411,0.30000000000000004,0.44999999999999996,59.7,Medium
EMP00910,Engineering,Engineering Manager,41,13.3,1607000.0,No,34,2.1,1.8,4.0,Resigned,0.0,0.725,0.5666666666666667,0.012987012987012991,0.8,0.0,36.2,Low
EMP00585,Customer Support,Support Manager,37,2.4,627000.0,Yes,51,4.0,3.2,2.1,Active,1.0,0.25,0.85,0.2860824742268041,0.44999999999999996,0.7,61.2,Medium
EMP00951,Operations,Ops Analyst,35,4.7,706000.0,No,21,4.1,3.5,3.3,Active,0.0,0.2250000000000001,0.35,0.5048309178743962,0.375,0.4125,25.0,Low
EMP00104,Customer Support,Support Associate,31,2.3,571000.0,Yes,16,4.1,1.5,3.4,Resigned,1.0,0.2250000000000001,0.26666666666666666,0.5103092783505154,0.875,0.7125,59.6,Medium
EMP00594,Operations,Process Lead,32,0.9,696000.0,No,24,5.0,2.5,3.8,Active,0.0,0.0,0.4,0.5555555555555556,0.625,0.8875,27.0,Low
EMP01120,Customer Support,Support Manager,29,3.5,616000.0,Yes,22,2.7,3.6,4.1,Active,1.0,0.575,0.36666666666666664,0.31958762886597936,0.35,0.5625,59.7,Medium
EMP00787,HR,HR Manager,26,3.4,723000.0,No,35,1.8,3.1,2.8,Active,0.0,0.8,0.5833333333333334,0.2595419847328244,0.475,0.575,41.3,Low
EMP01018,Customer Support,Support Manager,30,2.5,474000.0,Yes,21,5.0,3.1,3.2,Active,1.0,0.0,0.35,0.9561855670103093,0.475,0.6875,56.8,Medium
EMP00885,Sales,Account Manager,37,2.4,766000.0,No,44,1.6,3.1,3.9,Active,0.0,0.85,0.7333333333333333,0.53125,0.475,0.7,49.5,Medium
EMP00777,Finance,Accountant,21,3.2,895000.0,Yes,57,5.0,2.3,2.6,Active,1.0,0.0,0.95,0.43125,0.675,0.6,60.9,Medium
EMP00949,Customer Support,Support Associate,34,0.4,493000.0,Yes,36,2.3,2.2,3.4,Active,1.0,0.675,0.6,0.884020618556701,0.7,0.95,80.3,High
EMP00850,Customer Support,Support Lead,43,0.9,502000.0,No,13,3.5,1.3,4.0,Active,0.0,0.375,0.21666666666666667,0.8427835051546392,0.925,0.8875,40.7,Low
EMP00895,HR,HR Generalist,37,7.5,724000.0,No,50,2.5,2.3,3.2,Active,0.0,0.625,0.8333333333333334,0.25190839694656486,0.675,0.0625,40.3,Low
EMP00228,Operations,Ops Analyst,33,1.1,672000.0,No,25,3.5,3.2,3.3,Active,0.0,0.375,0.4166666666666667,0.6666666666666667,0.44999999999999996,0.8625,35.6,Low
EMP01142,HR,Recruiter,30,3.4,759000.0,No,2,2.7,3.4,3.4,Active,0.0,0.575,0.03333333333333333,0.16793893129770987,0.4,0.575,24.9,Low
EMP00302,Sales,Sales Manager,39,4.3,713000.0,No,39,3.1,3.5,2.6,Active,0.0,0.475,0.65,0.7169117647058824,0.375,0.4625,39.1,Low
EMP00855,Sales,Sales Executive,24,5.5,960000.0,Yes,23,4.4,2.0,3.8,Active,1.0,0.1499999999999999,0.38333333333333336,0.06985294117647056,0.75,0.3125,49.6,Medium
EMP00276,Engineering,Senior Engineer,29,0.2,1030000.0,No,59,2.5,3.5,3.1,Resigned,0.0,0.625,0.9833333333333333,0.7922077922077921,0.375,0.975,52.2,Medium
EMP00127,Engineering,Senior Engineer,51,1.7,972000.0,Yes,43,3.2,2.7,2.9,Resigned,1.0,0.44999999999999996,0.7166666666666667,0.8961038961038961,0.575,0.7875,74.4,High
EMP00406,Customer Support,Support Manager,39,3.9,609000.0,No,57,4.5,3.5,2.6,Resigned,0.0,0.125,0.95,0.34536082474226804,0.375,0.5125,30.6,Low
EMP00776,Customer Support,Support Lead,36,3.7,597000.0,No,17,3.1,2.8,3.5,Active,0.0,0.475,0.2833333333333333,0.4149484536082474,0.55,0.5375,31.6,Low
EMP00822,Operations,Ops Analyst,28,1.1,727000.0,Yes,3,3.9,2.0,2.9,Active,1.0,0.275,0.05,0.40096618357487923,0.75,0.8625,55.2,Medium
EMP00712,Finance,Finance Manager,26,2.5,789000.0,Yes,58,2.8,3.1,3.3,Active,1.0,0.55,0.9666666666666667,0.7875,0.475,0.6875,77.5,High
EMP00766,Sales,Account Manager,46,4.4,878000.0,No,28,3.8,2.8,3.0,Active,0.0,0.30000000000000004,0.4666666666666667,0.1966911764705882,0.55,0.44999999999999996,26.7,Low
EMP00684,Operations,Ops Analyst,33,17.0,956000.0,No,9,4.1,3.0,3.3,Active,0.0,0.2250000000000001,0.15,0.02898550724637683,0.5,0.0,14.2,Low
EMP00750,Customer Support,Support Associate,40,2.3,505000.0,No,7,5.0,3.2,2.8,Active,0.0,0.0,0.11666666666666667,0.8195876288659794,0.44999999999999996,0.7125,23.0,Low
EMP01145,Engineering,Software Engineer,48,2.5,1099000.0,Yes,35,3.1,3.4,2.7,Resigned,1.0,0.475,0.5833333333333334,0.5757575757575757,0.4,0.6875,65.7,High
EMP00037,Sales,Account Manager,39,4.1,924000.0,No,14,2.9,2.7,3.7,Resigned,0.0,0.525,0.23333333333333334,0.125,0.575,0.48750000000000004,27.9,Low
EMP00304,Operations,Process Lead,35,2.4,731000.0,No,14,5.0,2.7,3.5,Active,0.0,0.0,0.23333333333333334,0.37681159420289856,0.575,0.7,20.1,Low
EMP00268,Sales,Sales Manager,48,7.1,941000.0,Yes,28,1.7,2.5,4.4,Active,1.0,0.825,0.4666666666666667,0.09007352941176472,0.625,0.11250000000000004,64.7,Medium
EMP00835,Finance,Accountant,33,6.4,971000.0,No,1,4.3,2.9,3.9,Active,0.0,0.17500000000000004,0.016666666666666666,0.23750000000000004,0.525,0.19999999999999996,15.3,Low
EMP00534,Finance,Accountant,30,3.2,1027000.0,No,38,1.6,4.4,3.0,Active,0.0,0.85,0.6333333333333333,0.16249999999999998,0.1499999999999999,0.6,38.2,Low
EMP00546,Operations,Ops Analyst,38,17.2,827000.0,Yes,31,2.3,1.6,3.6,Active,1.0,0.675,0.5166666666666667,0.14492753623188404,0.85,0.0,64.7,Medium
EMP00213,Sales,Sales Executive,27,3.4,681000.0,No,31,3.8,3.3,3.9,Resigned,0.0,0.30000000000000004,0.5166666666666667,0.8051470588235294,0.42500000000000004,0.575,35.3,Low
EMP00897,Engineering,Software Engineer,36,4.3,1361000.0,No,25,5.0,2.0,2.7,Active,0.0,0.0,0.4166666666666667,0.12121212121212122,0.75,0.4625,20.1,Low
EMP00469,Sales,Sales Manager,33,2.7,678000.0,No,46,1.8,2.6,2.7,Active,0.0,0.8,0.7666666666666667,0.8216911764705882,0.6,0.6625,54.1,Medium
EMP00199,Sales,Sales Manager,26,7.2,807000.0,No,9,3.4,3.5,2.6,Active,0.0,0.4,0.15,0.3933823529411765,0.375,0.09999999999999998,22.6,Low
EMP01048,HR,Recruiter,37,0.9,518000.0,Yes,39,2.5,2.4,3.8,Resigned,1.0,0.625,0.65,0.9465648854961832,0.65,0.8875,79.8,High
EMP00868,HR,HR Manager,35,4.4,774000.0,Yes,22,5.0,4.7,3.0,Active,1.0,0.0,0.36666666666666664,0.13740458015267176,0.07499999999999996,0.44999999999999996,39.4,Low
EMP00673,Customer Support,Support Associate,21,0.9,553000.0,No,30,2.9,2.0,4.2,Active,0.0,0.525,0.5,0.5747422680412371,0.75,0.8875,43.0,Low
EMP00528,Customer Support,Support Associate,31,10.1,718000.0,No,33,2.4,2.6,2.9,Active,0.0,0.65,0.55,0.0670103092783505,0.6,0.0,32.5,Low
EMP00676,Engineering,Engineering Manager,24,4.5,1289000.0,No,5,1.5,4.3,3.9,Active,0.0,0.875,0.08333333333333333,0.22510822510822515,0.17500000000000004,0.4375,30.2,Low
EMP01074,Customer Support,Support Manager,40,1.6,475000.0,Yes,27,4.2,3.2,4.1,Resigned,1.0,0.19999999999999996,0.45,0.9484536082474226,0.44999999999999996,0.8,63.5,Medium
EMP00815,Sales,Account Manager,42,0.7,697000.0,Yes,6,1.6,2.4,2.9,Active,1.0,0.85,0.1,0.7702205882352942,0.65,0.9125,74.1,High
EMP00242,HR,Recruiter,24,4.9,687000.0,No,36,3.5,3.3,1.8,Active,0.0,0.375,0.6,0.38167938931297707,0.42500000000000004,0.38749999999999996,31.4,Low
EMP00343,HR,Recruiter,34,0.9,497000.0,No,42,3.2,3.3,3.4,Active,0.0,0.44999999999999996,0.7,0.9847328244274809,0.42500000000000004,0.8875,46.2,Medium
EMP00550,Operations,Ops Manager,33,1.7,738000.0,Yes,24,2.4,2.0,2.0,Active,1.0,0.65,0.4,0.35507246376811596,0.75,0.7875,68.7,High
EMP00387,Finance,Financial Analyst,36,2.0,743000.0,No,3,3.0,3.4,2.1,Resigned,0.0,0.5,0.05,0.90625,0.4,0.75,34.8,Low
EMP01124,Sales,Sales Executive,47,2.6,769000.0,No,49,2.6,3.7,3.5,Resigned,0.0,0.6,0.8166666666666667,0.5165441176470589,0.32499999999999996,0.675,42.6,Low
EMP00207,Sales,Account Manager,43,11.1,1142000.0,No,7,2.8,3.1,3.6,Active,0.0,0.55,0.11666666666666667,0.0,0.475,0.0,20.8,Low
EMP00296,Customer Support,Support Lead,41,13.6,820000.0,No,19,2.9,3.6,3.4,Resigned,0.0,0.525,0.31666666666666665,0.005154639175257714,0.35,0.0,21.9,Low
EMP00696,Operations,Process Lead,43,3.9,780000.0,Yes,15,3.5,2.2,3.1,Active,1.0,0.375,0.25,0.23671497584541068,0.7,0.5125,55.8,Medium
EMP01059,Operations,Process Lead,34,3.8,763000.0,No,12,2.0,2.8,2.2,Active,0.0,0.75,0.2,0.28260869565217395,0.55,0.525,34.9,Low
EMP00074,Engineering,Software Engineer,29,3.4,1218000.0,Yes,56,1.6,1.8,2.4,Active,1.0,0.85,0.9333333333333333,0.34199134199134196,0.8,0.575,81.2,High
EMP00606,HR,Recruiter,23,0.9,625000.0,Yes,41,2.2,2.6,2.8,Active,1.0,0.7,0.6833333333333333,0.6603053435114503,0.6,0.8875,77.5,High
EMP00105,HR,HR Generalist,51,8.9,876000.0,No,17,4.0,3.9,2.8,Active,0.0,0.25,0.2833333333333333,0.011450381679389277,0.275,0.0,14.0,Low
EMP01051,Finance,Accountant,22,3.7,903000.0,No,40,2.3,2.8,2.4,Active,0.0,0.675,0.6666666666666666,0.40312499999999996,0.55,0.5375,42.3,Low
EMP01025,Finance,Accountant,34,5.5,982000.0,No,32,2.7,2.9,3.0,Active,0.0,0.575,0.5333333333333333,0.19999999999999996,0.525,0.3125,33.3,Low
EMP00987,Engineering,Engineering Manager,28,7.1,1331000.0,Yes,32,1.9,2.5,4.5,Active,1.0,0.775,0.5333333333333333,0.1601731601731602,0.625,0.11250000000000004,65.6,High
EMP00017,Operations,Ops Manager,21,0.6,585000.0,Yes,49,4.0,3.3,2.5,Active,1.0,0.25,0.8166666666666667,0.927536231884058,0.42500000000000004,0.925,70.7,High
EMP00440,Finance,Finance Manager,25,0.4,803000.0,No,27,4.7,1.4,2.2,Active,0.0,0.07499999999999996,0.45,0.734375,0.9,0.95,35.8,Low
EMP00092,Finance,Financial Analyst,37,1.3,704000.0,No,41,2.4,2.9,2.5,Active,0.0,0.65,0.6833333333333333,0.978125,0.525,0.8375,51.6,Medium
EMP00089,Sales,Account Manager,33,3.2,792000.0,No,37,3.1,3.2,2.3,Active,0.0,0.475,0.6166666666666667,0.4540441176470589,0.44999999999999996,0.6,36.6,Low
EMP01058,Sales,Sales Executive,28,1.2,697000.0,No,57,1.5,1.2,2.7,Active,0.0,0.875,0.95,0.7702205882352942,0.95,0.85,63.5,Medium
EMP00909,Engineering,Software Engineer,51,4.2,1324000.0,No,23,5.0,1.8,3.3,Active,0.0,0.0,0.38333333333333336,0.17965367965367962,0.8,0.475,21.1,Low
EMP00451,Sales,Sales Executive,23,4.3,699000.0,No,4,4.5,5.0,2.9,Active,0.0,0.125,0.06666666666666667,0.7628676470588236,0.0,0.4625,17.5,Low
EMP00718,Sales,Account Manager,37,1.9,683000.0,Yes,44,4.4,2.4,3.4,Resigned,1.0,0.1499999999999999,0.7333333333333333,0.7977941176470589,0.65,0.7625,66.9,High
EMP00103,Engineering,Engineering Manager,32,5.3,1172000.0,No,18,3.3,3.1,3.3,Active,0.0,0.42500000000000004,0.3,0.4112554112554112,0.475,0.3375,28.5,Low
EMP00239,Sales,Sales Executive,45,0.6,768000.0,No,52,2.7,4.1,3.9,Active,0.0,0.575,0.8666666666666667,0.5238970588235294,0.2250000000000001,0.925,43.3,Low
EMP00069,Sales,Sales Executive,47,4.2,899000.0,No,31,4.2,3.9,3.9,Active,0.0,0.19999999999999996,0.5166666666666667,0.17279411764705888,0.275,0.475,21.6,Low
EMP00943,Sales,Sales Executive,34,4.0,804000.0,No,8,5.0,4.2,3.0,Active,0.0,0.0,0.13333333333333333,0.40808823529411764,0.19999999999999996,0.5,13.2,Low
EMP00247,Finance,Accountant,24,3.3,802000.0,Yes,49,4.2,3.3,4.0,Active,1.0,0.19999999999999996,0.8166666666666667,0.746875,0.42500000000000004,0.5875,64.9,Medium
EMP00939,Customer Support,Support Manager,41,5.0,658000.0,Yes,24,3.0,3.4,3.5,Active,1.0,0.5,0.4,0.21649484536082475,0.4,0.375,56.5,Medium
EMP01092,Finance,Accountant,30,2.5,763000.0,No,5,2.7,3.7,3.0,Active,0.0,0.575,0.08333333333333333,0.86875,0.32499999999999996,0.6875,35.3,Low
EMP00158,Finance,Finance Manager,34,0.3,853000.0,Yes,40,4.0,2.2,4.6,Active,1.0,0.25,0.6666666666666666,0.60625,0.7,0.9625,67.3,High
EMP00480,Engineering,Engineering Manager,21,0.9,996000.0,Yes,6,4.9,4.0,3.6,Active,1.0,0.02499999999999991,0.1,0.8614718614718615,0.25,0.8875,50.6,Medium
EMP00839,Engineering,Engineering Manager,45,10.1,1518000.0,Yes,47,3.4,2.1,3.4,Active,1.0,0.4,0.7833333333333333,0.04761904761904767,0.725,0.0,59.5,Medium
EMP00646,Customer Support,Support Manager,31,3.0,498000.0,No,56,2.2,4.0,2.5,Active,0.0,0.7,0.9333333333333333,0.865979381443299,0.25,0.625,50.6,Medium
EMP00006,Customer Support,Support Manager,39,5.4,727000.0,No,25,4.2,4.8,3.9,Active,0.0,0.19999999999999996,0.4166666666666667,0.0489690721649485,0.050000000000000044,0.32499999999999996,14.7,Low
EMP01098,HR,Recruiter,31,3.8,619000.0,Yes,40,3.4,3.2,3.4,Active,1.0,0.4,0.6666666666666666,0.6870229007633588,0.44999999999999996,0.525,66.4,High
EMP00872,Sales,Account Manager,43,3.0,853000.0,No,31,3.1,4.1,3.2,Active,0.0,0.475,0.5166666666666667,0.2683823529411765,0.2250000000000001,0.625,29.9,Low
EMP00966,Operations,Process Lead,48,4.6,661000.0,No,27,2.6,4.3,4.5,Resigned,0.0,0.6,0.45,0.7053140096618358,0.17500000000000004,0.42500000000000004,36.1,Low
EMP00019,HR,HR Generalist,37,3.0,738000.0,No,19,3.9,4.2,2.9,Active,0.0,0.275,0.31666666666666665,0.20992366412213737,0.19999999999999996,0.625,20.8,Low
EMP01017,Finance,Accountant,25,2.3,803000.0,Yes,11,2.9,1.7,2.5,Resigned,1.0,0.525,0.18333333333333332,0.734375,0.825,0.7125,68.0,High
EMP00122,Finance,Financial Analyst,28,1.1,723000.0,No,39,5.0,4.4,4.1,Active,0.0,0.0,0.65,0.96875,0.1499999999999999,0.8625,30.9,Low
EMP00947,Finance,Accountant,46,3.3,891000.0,No,51,4.0,3.1,2.8,Active,0.0,0.25,0.85,0.44999999999999996,0.475,0.5875,35.1,Low
EMP00662,Customer Support,Support Associate,22,1.7,517000.0,No,4,3.7,3.3,2.8,Active,0.0,0.32499999999999996,0.06666666666666667,0.7783505154639175,0.42500000000000004,0.7875,29.6,Low
EMP01016,Sales,Account Manager,36,4.0,927000.0,No,52,2.1,3.6,2.8,Active,0.0,0.725,0.8666666666666667,0.1158088235294118,0.35,0.5,40.1,Low
EMP00275,Finance,Finance Manager,56,6.5,962000.0,Yes,15,3.7,2.5,3.1,Active,1.0,0.32499999999999996,0.25,0.26249999999999996,0.625,0.1875,52.1,Medium
EMP00434,HR,Recruiter,30,1.8,667000.0,Yes,26,3.8,3.2,2.9,Active,1.0,0.30000000000000004,0.43333333333333335,0.46183206106870234,0.44999999999999996,0.775,58.6,Medium
EMP00812,Sales,Sales Executive,30,1.4,679000.0,No,33,3.3,3.9,3.5,Active,0.0,0.42500000000000004,0.55,0.8161764705882353,0.275,0.825,38.7,Low
EMP01150,Customer Support,Support Lead,39,6.4,649000.0,No,47,3.0,3.8,3.9,Active,0.0,0.5,0.7833333333333333,0.22680412371134018,0.30000000000000004,0.19999999999999996,32.5,Low
EMP00312,Engineering,Software Engineer,28,2.1,1181000.0,No,10,3.5,3.1,4.0,Active,0.0,0.375,0.16666666666666666,0.4069264069264069,0.475,0.7375,27.5,Low
EMP01134,Finance,Finance Manager,34,2.6,825000.0,No,48,3.3,3.5,3.3,Active,0.0,0.42500000000000004,0.8,0.675,0.375,0.675,41.0,Low
EMP01146,Engineering,Senior Engineer,51,2.6,1058000.0,Yes,50,5.0,3.0,2.6,Active,1.0,0.0,0.8333333333333334,0.7099567099567099,0.5,0.675,61.3,Medium
EMP00781,Engineering,Software Engineer,39,2.4,1158000.0,No,60,2.9,3.7,3.4,Active,0.0,0.525,1.0,0.4458874458874459,0.32499999999999996,0.7,42.9,Low
EMP00547,Engineering,Senior Engineer,25,0.9,891000.0,No,14,2.9,3.3,4.0,Active,0.0,0.525,0.23333333333333334,0.9696969696969697,0.42500000000000004,0.8875,40.3,Low
EMP00182,Customer Support,Support Lead,32,4.1,527000.0,No,34,2.8,3.0,2.7,Active,0.0,0.55,0.5666666666666667,0.7164948453608248,0.5,0.48750000000000004,41.2,Low
EMP00185,HR,Recruiter,42,1.5,644000.0,Yes,58,5.0,3.6,3.1,Active,1.0,0.0,0.9666666666666667,0.5877862595419847,0.35,0.8125,60.8,Medium
EMP00407,Engineering,Software Engineer,48,6.0,1407000.0,No,10,3.5,3.7,2.6,Active,0.0,0.375,0.16666666666666666,0.09523809523809523,0.32499999999999996,0.25,18.4,Low
EMP00720,Customer Support,Support Manager,21,1.2,504000.0,No,21,3.9,3.3,2.6,Active,0.0,0.275,0.35,0.8298969072164948,0.42500000000000004,0.85,34.0,Low
EMP01023,Customer Support,Support Lead,25,2.9,598000.0,No,1,3.5,2.4,4.3,Active,0.0,0.375,0.016666666666666666,0.40463917525773196,0.65,0.6375,26.6,Low
EMP00607,Customer Support,Support Lead,37,7.7,678000.0,No,50,3.9,2.6,3.3,Active,0.0,0.275,0.8333333333333334,0.1469072164948454,0.6,0.03749999999999998,29.4,Low
EMP00693,Engineering,Engineering Manager,25,1.7,1065000.0,Yes,33,3.5,2.5,3.3,Active,1.0,0.375,0.55,0.6904761904761905,0.625,0.7875,67.7,High
EMP00521,Customer Support,Support Associate,30,1.9,514000.0,Yes,51,4.0,1.3,3.1,Resigned,1.0,0.25,0.85,0.7912371134020618,0.925,0.7625,74.4,High
EMP00866,Customer Support,Support Lead,42,2.6,506000.0,No,41,3.6,2.1,2.5,Active,0.0,0.35,0.6833333333333333,0.8118556701030928,0.725,0.675,43.4,Low
EMP01004,Sales,Sales Manager,25,1.3,754000.0,Yes,31,3.5,2.2,3.1,Resigned,1.0,0.375,0.5166666666666667,0.5827205882352942,0.7,0.8375,66.8,High
EMP00428,Customer Support,Support Manager,28,7.9,685000.0,Yes,12,3.2,2.9,3.0,Active,1.0,0.44999999999999996,0.2,0.12886597938144329,0.525,0.012499999999999956,50.2,Medium
EMP00079,Operations,Ops Analyst,33,6.1,817000.0,No,27,3.7,3.4,1.4,Active,0.0,0.32499999999999996,0.45,0.1690821256038647,0.4,0.23750000000000004,23.6,Low
EMP01010,Operations,Ops Manager,35,1.2,605000.0,No,6,2.9,3.4,2.7,Active,0.0,0.525,0.1,0.893719806763285,0.4,0.85,36.6,Low
EMP01198,Finance,Accountant,32,2.0,848000.0,No,57,3.3,4.3,3.1,Active,0.0,0.42500000000000004,0.95,0.61875,0.17500000000000004,0.75,40.7,Low
EMP00608,Sales,Account Manager,53,8.4,870000.0,No,37,4.4,2.5,2.3,Active,0.0,0.1499999999999999,0.6166666666666667,0.21691176470588236,0.625,0.0,24.0,Low
EMP01076,Engineering,Software Engineer,40,6.3,1214000.0,No,41,3.6,2.8,3.7,Active,0.0,0.35,0.6833333333333333,0.3528138528138528,0.55,0.21250000000000002,32.1,Low
EMP01104,HR,HR Generalist,39,6.7,681000.0,Yes,40,2.5,2.5,5.0,Active,1.0,0.625,0.6666666666666666,0.40458015267175573,0.625,0.16249999999999998,67.8,High
EMP01064,Finance,Financial Analyst,42,0.7,806000.0,No,19,4.1,4.3,3.0,Active,0.0,0.2250000000000001,0.31666666666666665,0.725,0.17500000000000004,0.9125,28.2,Low
EMP00959,Operations,Ops Analyst,38,0.9,719000.0,No,36,2.0,3.6,2.9,Active,0.0,0.75,0.6,0.45169082125603865,0.35,0.8875,43.4,Low
EMP00847,Engineering,Engineering Manager,35,7.7,1317000.0,Yes,43,3.8,2.2,3.5,Active,1.0,0.30000000000000004,0.7166666666666667,0.18831168831168832,0.7,0.03749999999999998,57.9,Medium
EMP00691,Engineering,Senior Engineer,36,1.5,1037000.0,No,46,2.0,2.8,2.9,Active,0.0,0.75,0.7666666666666667,0.7597402597402597,0.55,0.8125,52.4,Medium
EMP01179,Sales,Sales Manager,33,1.2,709000.0,No,22,3.9,3.9,4.0,Active,0.0,0.275,0.36666666666666664,0.7242647058823529,0.275,0.85,31.0,Low
EMP01132,Operations,Ops Analyst,38,1.3,709000.0,Yes,14,4.3,3.5,2.2,Active,1.0,0.17500000000000004,0.23333333333333334,0.49275362318840576,0.375,0.8375,52.4,Medium
EMP00437,Sales,Sales Manager,27,2.7,655000.0,No,13,2.2,2.4,4.4,Active,0.0,0.7,0.21666666666666667,0.8952205882352942,0.65,0.6625,44.6,Low
EMP00491,Finance,Financial Analyst,31,3.3,886000.0,No,19,4.4,3.4,2.8,Active,0.0,0.1499999999999999,0.31666666666666665,0.48750000000000004,0.4,0.5875,23.8,Low
EMP00596,Engineering,Senior Engineer,28,3.1,1284000.0,No,21,2.1,3.1,3.5,Active,0.0,0.725,0.35,0.24675324675324672,0.475,0.6125,35.8,Low
EMP00070,Operations,Ops Analyst,32,1.1,688000.0,No,36,1.8,3.9,2.9,Active,0.0,0.8,0.6,0.606280193236715,0.275,0.8625,45.8,Medium
EMP00809,Operations,Ops Manager,41,1.1,637000.0,No,60,2.6,2.5,3.2,Active,0.0,0.6,1.0,0.7850241545893719,0.625,0.8625,54.1,Medium
EMP00012,Customer Support,Support Associate,40,3.5,537000.0,No,59,5.0,3.4,2.6,Active,0.0,0.0,0.9833333333333333,0.6701030927835052,0.4,0.5625,33.3,Low
EMP00145,Operations,Process Lead,36,15.7,899000.0,Yes,28,2.9,4.2,4.9,Active,1.0,0.525,0.4666666666666667,0.07246376811594202,0.19999999999999996,0.0,51.5,Medium
EMP00918,Sales,Account Manager,27,2.0,705000.0,No,21,3.2,2.3,3.9,Active,0.0,0.44999999999999996,0.35,0.7463235294117647,0.675,0.75,39.4,Low
EMP00640,Customer Support,Support Associate,31,2.8,600000.0,Yes,40,1.4,2.5,2.6,Active,1.0,0.9,0.6666666666666666,0.384020618556701,0.625,0.65,77.0,High
EMP00177,Operations,Ops Analyst,32,3.5,632000.0,No,12,4.4,4.3,2.6,Active,0.0,0.1499999999999999,0.2,0.7971014492753623,0.17500000000000004,0.5625,23.4,Low
EMP00995,Customer Support,Support Lead,33,2.9,610000.0,No,18,2.6,3.1,4.3,Active,0.0,0.6,0.3,0.3402061855670103,0.475,0.6375,33.5,Low
EMP00441,Customer Support,Support Lead,34,1.5,499000.0,No,56,3.7,3.0,3.3,Resigned,0.0,0.32499999999999996,0.9333333333333333,0.8582474226804124,0.5,0.8125,45.6,Medium
EMP00522,Engineering,Engineering Manager,21,1.9,1044000.0,Yes,58,1.8,2.1,3.5,Active,1.0,0.8,0.9666666666666667,0.7316017316017316,0.725,0.7625,86.2,High
EMP01005,Finance,Accountant,36,2.3,764000.0,Yes,22,2.7,3.1,2.2,Resigned,1.0,0.575,0.36666666666666664,0.8625,0.475,0.7125,69.7,High
EMP00144,Operations,Ops Manager,26,1.0,609000.0,No,54,4.4,4.8,3.9,Active,0.0,0.1499999999999999,0.9,0.8792270531400966,0.050000000000000044,0.875,36.2,Low
EMP00754,Operations,Process Lead,31,2.2,721000.0,No,25,4.2,2.0,2.3,Active,0.0,0.19999999999999996,0.4166666666666667,0.44202898550724634,0.75,0.725,31.0,Low
EMP00520,HR,Recruiter,41,2.2,562000.0,No,24,3.6,3.0,3.5,Active,0.0,0.35,0.4,0.8931297709923665,0.5,0.725,37.7,Low
EMP00823,Engineering,Engineering Manager,38,3.3,1141000.0,No,2,4.3,3.1,3.3,Active,0.0,0.17500000000000004,0.03333333333333333,0.4783549783549783,0.475,0.5875,20.7,Low
EMP00429,Sales,Account Manager,31,2.9,799000.0,No,57,2.6,3.5,4.4,Active,0.0,0.6,0.95,0.4209558823529411,0.375,0.6375,43.8,Low
EMP00613,Customer Support,Support Associate,38,12.3,811000.0,No,44,2.4,3.7,4.9,Active,0.0,0.65,0.7333333333333333,0.015463917525773141,0.32499999999999996,0.0,31.4,Low
EMP01033,Operations,Ops Analyst,31,3.7,826000.0,No,32,3.7,2.7,3.4,Active,0.0,0.32499999999999996,0.5333333333333333,0.1497584541062802,0.575,0.5375,28.6,Low
EMP00157,Engineering,Engineering Manager,31,2.9,1034000.0,No,51,3.2,2.8,4.0,Active,0.0,0.44999999999999996,0.85,0.7813852813852814,0.55,0.6375,45.8,Medium
EMP00540,HR,HR Generalist,21,7.7,805000.0,No,24,3.3,4.2,3.7,Active,0.0,0.42500000000000004,0.4,0.08396946564885499,0.19999999999999996,0.03749999999999998,20.4,Low
EMP00462,Sales,Sales Manager,43,5.8,757000.0,Yes,17,2.9,3.0,3.2,Active,1.0,0.525,0.2833333333333333,0.5716911764705883,0.5,0.275,60.8,Medium
EMP00577,Customer Support,Support Lead,43,5.6,640000.0,No,28,4.8,3.4,2.5,Active,0.0,0.050000000000000044,0.4666666666666667,0.24742268041237114,0.4,0.30000000000000004,18.7,Low
EMP00256,HR,Recruiter,33,6.4,741000.0,No,30,3.0,3.1,2.2,Active,0.0,0.5,0.5,0.1984732824427481,0.475,0.19999999999999996,29.7,Low
EMP00980,Sales,Account Manager,34,2.1,840000.0,No,48,3.4,3.4,2.8,Active,0.0,0.4,0.8,0.3069852941176471,0.4,0.7375,35.9,Low
EMP01007,Customer Support,Support Lead,34,2.0,575000.0,No,39,3.2,2.6,3.2,Active,0.0,0.44999999999999996,0.65,0.4871134020618557,0.6,0.75,39.7,Low
EMP00561,Sales,Sales Manager,33,1.7,806000.0,No,12,4.2,2.4,2.1,Active,0.0,0.19999999999999996,0.2,0.4007352941176471,0.65,0.7875,26.1,Low
EMP00209,Sales,Account Manager,47,2.7,664000.0,Yes,14,1.7,3.5,2.4,Active,1.0,0.825,0.23333333333333334,0.8529411764705882,0.375,0.6625,71.9,High
EMP00911,HR,Recruiter,38,1.9,584000.0,Yes,54,4.6,2.4,3.4,Resigned,1.0,0.10000000000000009,0.9,0.8206106870229007,0.65,0.7625,68.7,High
EMP00002,Operations,Ops Manager,23,3.2,723000.0,No,60,2.9,3.3,3.6,Active,0.0,0.525,1.0,0.427536231884058,0.42500000000000004,0.6,43.3,Low
EMP00270,Sales,Sales Manager,30,7.4,822000.0,No,56,1.8,2.3,4.0,Active,0.0,0.8,0.9333333333333333,0.34375,0.675,0.07499999999999996,47.5,Medium
EMP00266,Sales,Account Manager,38,3.9,691000.0,Yes,51,1.6,2.3,3.9,Resigned,1.0,0.85,0.85,0.7830882352941176,0.675,0.5125,84.1,High
EMP00915,Customer Support,Support Lead,35,7.9,618000.0,No,19,3.4,2.7,3.1,Active,0.0,0.4,0.31666666666666665,0.30927835051546393,0.575,0.012499999999999956,26.0,Low
EMP00231,Sales,Sales Manager,34,4.3,872000.0,No,48,5.0,2.9,2.8,Active,0.0,0.0,0.8,0.20588235294117652,0.525,0.4625,24.8,Low
EMP00807,Finance,Finance Manager,37,2.9,889000.0,No,11,3.1,4.3,3.3,Active,0.0,0.475,0.18333333333333332,0.47187500000000004,0.17500000000000004,0.6375,26.9,Low
EMP01197,Engineering,Senior Engineer,32,1.6,937000.0,No,15,5.0,4.2,3.4,Active,0.0,0.0,0.25,0.935064935064935,0.19999999999999996,0.8,24.3,Low
EMP00865,Sales,Account Manager,46,3.4,732000.0,Yes,21,3.3,2.0,3.5,Active,1.0,0.42500000000000004,0.35,0.6580882352941176,0.75,0.575,65.5,High
EMP01067,Engineering,Senior Engineer,43,2.5,1074000.0,Yes,28,3.6,2.8,2.8,Active,1.0,0.35,0.4666666666666667,0.6471861471861472,0.55,0.6875,63.7,Medium
EMP00874,Engineering,Senior Engineer,35,2.3,1163000.0,No,38,1.9,1.9,2.6,Active,0.0,0.775,0.6333333333333333,0.4242424242424242,0.775,0.7125,48.2,Medium
EMP01085,Customer Support,Support Lead,33,1.6,605000.0,No,59,5.0,3.7,2.0,Active,0.0,0.0,0.9833333333333333,0.36340206185567014,0.32499999999999996,0.8,29.5,Low
EMP00399,Operations,Process Lead,41,4.2,704000.0,No,22,3.0,2.0,3.8,Active,0.0,0.5,0.36666666666666664,0.5169082125603865,0.75,0.475,37.0,Low
EMP01107,Sales,Sales Manager,29,4.6,807000.0,No,22,2.0,3.0,5.0,Active,0.0,0.75,0.36666666666666664,0.3933823529411765,0.5,0.42500000000000004,37.9,Low
EMP00046,HR,HR Manager,38,3.6,745000.0,Yes,5,4.2,5.0,3.2,Active,1.0,0.19999999999999996,0.08333333333333333,0.18320610687022898,0.0,0.55,40.0,Low
EMP00162,Customer Support,Support Lead,34,2.8,623000.0,No,34,3.4,3.9,3.7,Active,0.0,0.4,0.5666666666666667,0.29639175257731953,0.275,0.65,30.0,Low
EMP00992,HR,Recruiter,32,4.0,647000.0,No,50,2.6,5.0,3.4,Active,0.0,0.6,0.8333333333333334,0.5610687022900763,0.0,0.5,38.6,Low
EMP00728,Sales,Sales Manager,30,0.9,720000.0,No,44,4.1,3.5,3.2,Active,0.0,0.2250000000000001,0.7333333333333333,0.6985294117647058,0.375,0.8875,36.7,Low
EMP00630,HR,HR Manager,36,3.9,668000.0,No,17,1.9,2.4,2.5,Active,0.0,0.775,0.2833333333333333,0.45038167938931295,0.65,0.5125,40.3,Low
EMP00289,Operations,Ops Manager,29,4.8,810000.0,No,47,3.2,3.1,3.6,Active,0.0,0.44999999999999996,0.7833333333333333,0.18357487922705318,0.475,0.4,34.0,Low
EMP01060,Finance,Accountant,42,4.8,1081000.0,No,11,4.1,3.1,3.1,Active,0.0,0.2250000000000001,0.18333333333333332,0.09375,0.475,0.4,17.7,Low
EMP01187,Engineering,Senior Engineer,49,1.4,981000.0,No,53,3.5,4.7,4.0,Resigned,0.0,0.375,0.8833333333333333,0.8874458874458875,0.07499999999999996,0.825,41.4,Low
EMP00576,Operations,Ops Manager,36,1.7,721000.0,No,13,2.5,4.9,3.1,Active,0.0,0.625,0.21666666666666667,0.44202898550724634,0.02499999999999991,0.7875,29.7,Low
EMP00851,Sales,Account Manager,40,0.3,632000.0,No,18,4.9,3.2,2.9,Active,0.0,0.02499999999999991,0.3,0.9540441176470589,0.44999999999999996,0.9625,29.9,Low
EMP00912,Customer Support,Support Lead,26,7.6,705000.0,No,59,3.5,1.2,2.9,Active,0.0,0.375,0.9833333333333333,0.08505154639175261,0.95,0.050000000000000044,37.6,Low
EMP00737,Sales,Account Manager,35,3.9,907000.0,No,47,2.9,3.3,4.2,Active,0.0,0.525,0.7833333333333333,0.15073529411764708,0.42500000000000004,0.5125,35.4,Low
EMP00933,Engineering,Software Engineer,43,8.8,1599000.0,No,14,3.6,2.9,3.3,Active,0.0,0.35,0.23333333333333334,0.017316017316017285,0.525,0.0,18.7,Low
EMP00248,Engineering,Engineering Manager,34,4.3,1193000.0,No,20,4.6,2.2,2.8,Active,0.0,0.10000000000000009,0.3333333333333333,0.38095238095238093,0.7,0.4625,24.2,Low
EMP00477,Operations,Ops Manager,35,2.2,586000.0,Yes,9,1.0,2.7,3.0,Resigned,1.0,1.0,0.15,0.9202898550724637,0.575,0.725,78.5,High
EMP00086,Sales,Account Manager,31,8.5,1021000.0,No,54,3.2,3.7,3.3,Active,0.0,0.44999999999999996,0.9,0.022058823529411797,0.32499999999999996,0.0,29.4,Low
EMP00470,Operations,Ops Analyst,28,5.0,819000.0,No,37,4.0,3.2,3.2,Active,0.0,0.25,0.6166666666666667,0.1594202898550725,0.44999999999999996,0.375,25.7,Low
EMP00226,Customer Support,Support Lead,31,3.2,650000.0,No,57,3.7,2.2,2.7,Active,0.0,0.32499999999999996,0.95,0.22164948453608246,0.7,0.6,38.1,Low
EMP00775,Sales,Sales Manager,52,5.2,939000.0,Yes,3,3.2,1.9,2.4,Active,1.0,0.44999999999999996,0.05,0.09926470588235292,0.775,0.35,52.4,Medium
EMP00332,Sales,Account Manager,46,6.0,840000.0,Yes,30,3.6,2.8,3.1,Active,1.0,0.35,0.5,0.3069852941176471,0.55,0.25,56.8,Medium
EMP00234,Operations,Ops Manager,33,2.9,788000.0,No,24,4.2,4.9,1.8,Active,0.0,0.19999999999999996,0.4,0.21980676328502413,0.02499999999999991,0.6375,18.4,Low
EMP00589,Sales,Sales Manager,48,5.1,884000.0,No,55,4.5,3.4,3.4,Active,0.0,0.125,0.9166666666666666,0.1875,0.4,0.36250000000000004,27.3,Low
EMP00476,Engineering,Senior Engineer,28,3.4,1098000.0,No,13,3.5,2.4,3.4,Active,0.0,0.375,0.21666666666666667,0.5800865800865801,0.65,0.575,31.8,Low
EMP00600,Finance,Accountant,32,2.9,907000.0,No,58,4.3,3.4,2.9,Active,0.0,0.17500000000000004,0.9666666666666667,0.38125,0.4,0.6375,33.6,Low
EMP00422,Sales,Sales Manager,34,1.7,662000.0,No,23,3.7,3.3,3.5,Resigned,0.0,0.32499999999999996,0.38333333333333336,0.8621323529411764,0.42500000000000004,0.7875,35.8,Low
EMP00183,Operations,Ops Analyst,30,3.2,723000.0,Yes,3,1.8,3.8,4.2,Resigned,1.0,0.8,0.05,0.427536231884058,0.30000000000000004,0.6,61.2,Medium
EMP00989,Engineering,Software Engineer,53,5.1,1194000.0,Yes,42,3.7,2.3,2.6,Resigned,1.0,0.32499999999999996,0.7,0.37662337662337664,0.675,0.36250000000000004,62.5,Medium
EMP01001,Sales,Sales Manager,33,1.3,761000.0,No,58,3.3,4.3,2.7,Active,0.0,0.42500000000000004,0.9666666666666667,0.5606617647058824,0.17500000000000004,0.8375,40.6,Low
EMP00050,Sales,Sales Executive,43,0.8,610000.0,Yes,38,1.4,2.1,3.7,Resigned,1.0,0.9,0.6333333333333333,0.9852941176470589,0.725,0.9,87.6,High
EMP01139,Sales,Account Manager,37,4.6,933000.0,No,49,3.9,3.9,2.9,Active,0.0,0.275,0.8166666666666667,0.11029411764705888,0.275,0.42500000000000004,27.1,Low
EMP01030,Engineering,Software Engineer,38,4.6,1301000.0,No,21,3.5,2.5,3.7,Active,0.0,0.375,0.35,0.20346320346320346,0.625,0.42500000000000004,27.5,Low
EMP00530,Engineering,Senior Engineer,39,5.9,1258000.0,No,5,3.4,2.4,2.8,Active,0.0,0.4,0.08333333333333333,0.29004329004329,0.65,0.26249999999999996,24.4,Low
EMP00487,Operations,Process Lead,43,6.6,858000.0,Yes,32,3.7,3.3,4.0,Active,1.0,0.32499999999999996,0.5333333333333333,0.09178743961352653,0.42500000000000004,0.17500000000000004,51.8,Medium
EMP00498,Finance,Accountant,30,9.2,1288000.0,Yes,15,4.4,3.4,3.2,Active,1.0,0.1499999999999999,0.25,0.006249999999999978,0.4,0.0,40.5,Low
EMP00107,Operations,Ops Manager,29,3.5,713000.0,No,54,2.6,4.7,4.7,Active,0.0,0.6,0.9,0.4782608695652174,0.07499999999999996,0.5625,39.8,Low
EMP00444,Sales,Account Manager,50,4.2,703000.0,No,55,1.8,3.2,2.6,Active,0.0,0.8,0.9166666666666666,0.7536764705882353,0.44999999999999996,0.475,52.7,Medium
EMP00647,Sales,Sales Manager,33,4.1,798000.0,No,19,4.2,4.0,4.0,Active,0.0,0.19999999999999996,0.31666666666666665,0.4319852941176471,0.25,0.48750000000000004,21.8,Low
EMP01037,Engineering,Software Engineer,45,4.6,1043000.0,No,34,2.8,3.8,3.4,Active,0.0,0.55,0.5666666666666667,0.7380952380952381,0.30000000000000004,0.42500000000000004,38.8,Low
EMP00727,Engineering,Engineering Manager,27,2.9,1089000.0,Yes,43,4.5,3.6,4.0,Resigned,1.0,0.125,0.7166666666666667,0.6060606060606061,0.35,0.6375,59.0,Medium
EMP00191,Customer Support,Support Associate,29,1.3,568000.0,No,2,5.0,4.2,3.0,Active,0.0,0.0,0.03333333333333333,0.5206185567010309,0.19999999999999996,0.8375,15.2,Low
EMP00283,Engineering,Senior Engineer,31,6.2,1160000.0,No,24,1.4,3.8,2.5,Resigned,0.0,0.9,0.4,0.4372294372294372,0.30000000000000004,0.22499999999999998,39.1,Low
EMP00030,Finance,Financial Analyst,36,5.7,856000.0,No,51,4.4,3.2,3.3,Active,0.0,0.1499999999999999,0.85,0.59375,0.44999999999999996,0.2875,32.6,Low
EMP00170,Customer Support,Support Manager,33,2.4,528000.0,Yes,4,3.6,3.1,2.8,Resigned,1.0,0.35,0.06666666666666667,0.7061855670103092,0.475,0.7,57.3,Medium
EMP01002,Operations,Process Lead,34,2.8,627000.0,No,42,3.0,4.4,3.6,Active,0.0,0.5,0.7,0.8260869565217391,0.1499999999999999,0.65,40.5,Low
EMP00101,Customer Support,Support Manager,21,4.3,522000.0,Yes,43,1.9,3.6,2.9,Resigned,1.0,0.775,0.7166666666666667,0.75,0.35,0.4625,75.5,High
EMP00198,Customer Support,Support Manager,30,1.9,589000.0,No,51,2.4,3.8,3.7,Active,0.0,0.65,0.85,0.4329896907216495,0.30000000000000004,0.7625,43.4,Low
EMP00496,Operations,Ops Manager,39,5.6,801000.0,No,13,3.2,2.0,2.5,Active,0.0,0.44999999999999996,0.21666666666666667,0.19323671497584538,0.75,0.30000000000000004,27.8,Low
EMP00648,Operations,Process Lead,44,1.4,561000.0,Yes,37,3.9,2.9,2.4,Active,1.0,0.275,0.6166666666666667,0.9806763285024155,0.525,0.825,69.4,High
EMP00988,Sales,Sales Manager,42,1.8,714000.0,No,51,2.4,3.8,2.7,Resigned,0.0,0.65,0.85,0.7132352941176471,0.30000000000000004,0.775,47.4,Medium
EMP00045,HR,Recruiter,39,4.8,743000.0,No,47,3.1,4.3,1.9,Active,0.0,0.475,0.7833333333333333,0.19083969465648853,0.17500000000000004,0.4,31.1,Low
EMP00711,Customer Support,Support Lead,24,6.2,648000.0,Yes,35,3.5,1.0,2.6,Active,1.0,0.375,0.5833333333333334,0.2319587628865979,1.0,0.22499999999999998,62.9,Medium
EMP00374,Engineering,Engineering Manager,49,2.5,1243000.0,Yes,5,3.5,4.6,3.5,Active,1.0,0.375,0.08333333333333333,0.3073593073593074,0.10000000000000009,0.6875,48.0,Medium
EMP00679,Sales,Sales Executive,32,1.7,743000.0,Yes,3,4.6,2.3,2.5,Active,1.0,0.10000000000000009,0.05,0.6213235294117647,0.675,0.7875,52.7,Medium
EMP00567,HR,HR Generalist,25,3.1,677000.0,No,38,3.9,1.7,2.8,Active,0.0,0.275,0.6333333333333333,0.42366412213740456,0.825,0.6125,36.2,Low
EMP00848,Finance,Financial Analyst,40,0.7,885000.0,No,36,3.8,2.7,2.7,Active,0.0,0.30000000000000004,0.6,0.49375,0.575,0.9125,36.1,Low
EMP00461,Operations,Ops Analyst,29,2.2,656000.0,No,10,3.5,3.1,3.4,Active,0.0,0.375,0.16666666666666666,0.7222222222222222,0.475,0.725,31.8,Low
EMP00040,Finance,Financial Analyst,47,1.4,802000.0,No,42,2.0,4.2,2.4,Resigned,0.0,0.75,0.7,0.746875,0.19999999999999996,0.825,47.0,Medium
EMP00435,Sales,Account Manager,48,2.8,654000.0,No,47,3.4,2.6,3.1,Active,0.0,0.4,0.7833333333333333,0.90625,0.6,0.65,45.9,Medium
EMP00974,Customer Support,Support Lead,41,5.7,690000.0,No,33,2.3,3.5,3.3,Active,0.0,0.675,0.55,0.11340206185567014,0.375,0.2875,32.8,Low
EMP01008,Engineering,Senior Engineer,35,2.2,1124000.0,No,18,4.1,1.9,3.5,Active,0.0,0.2250000000000001,0.3,0.5194805194805194,0.775,0.725,31.1,Low
EMP00457,Customer Support,Support Lead,26,3.3,622000.0,No,27,3.3,4.3,4.0,Active,0.0,0.42500000000000004,0.45,0.3041237113402062,0.17500000000000004,0.5875,27.3,Low
EMP00261,Sales,Account Manager,21,6.8,998000.0,No,35,3.4,1.0,2.5,Active,0.0,0.4,0.5833333333333334,0.03676470588235292,1.0,0.15000000000000002,32.3,Low
EMP00036,Sales,Account Manager,44,3.1,722000.0,Yes,27,2.3,2.7,3.4,Resigned,1.0,0.675,0.45,0.6875,0.575,0.6125,71.6,High
EMP00310,Sales,Sales Manager,48,0.6,655000.0,No,57,3.3,3.8,3.2,Active,0.0,0.42500000000000004,0.95,0.8952205882352942,0.30000000000000004,0.925,47.1,Medium
EMP00277,Engineering,Engineering Manager,31,0.2,1071000.0,No,18,2.3,2.7,2.5,Active,0.0,0.675,0.3,0.6623376623376623,0.575,0.975,43.0,Low
EMP00637,Finance,Finance Manager,34,4.4,1026000.0,No,2,4.8,2.9,3.3,Active,0.0,0.050000000000000044,0.03333333333333333,0.16874999999999996,0.525,0.44999999999999996,13.1,Low
EMP00655,Customer Support,Support Manager,28,1.9,598000.0,Yes,20,3.7,2.1,3.6,Active,1.0,0.32499999999999996,0.3333333333333333,0.40463917525773196,0.725,0.7625,60.1,Medium
EMP00623,Customer Support,Support Lead,44,6.2,703000.0,No,57,2.8,4.5,2.7,Active,0.0,0.55,0.95,0.09278350515463918,0.125,0.22499999999999998,32.5,Low
EMP00845,Sales,Sales Manager,21,4.3,762000.0,No,58,3.2,1.7,3.1,Active,0.0,0.44999999999999996,0.9666666666666667,0.5533088235294117,0.825,0.4625,46.7,Medium
EMP00394,Finance,Accountant,45,8.0,1209000.0,Yes,16,2.2,1.5,3.8,Active,1.0,0.7,0.26666666666666666,0.043749999999999956,0.875,0.0,60.2,Medium
EMP00350,Sales,Sales Manager,41,1.3,649000.0,No,8,2.4,1.8,3.3,Active,0.0,0.65,0.13333333333333333,0.9172794117647058,0.8,0.8375,45.2,Medium
EMP00525,Sales,Account Manager,40,3.7,912000.0,No,15,3.3,3.8,3.3,Active,0.0,0.42500000000000004,0.25,0.14338235294117652,0.30000000000000004,0.5375,23.0,Low
EMP00785,Customer Support,Support Lead,37,5.2,560000.0,No,57,3.6,4.0,3.5,Resigned,0.0,0.35,0.95,0.5412371134020619,0.25,0.35,36.3,Low
EMP00048,Engineering,Senior Engineer,29,1.7,994000.0,No,11,2.7,2.9,4.4,Active,0.0,0.575,0.18333333333333332,0.8679653679653679,0.525,0.7875,39.9,Low
EMP00204,Sales,Account Manager,41,3.8,843000.0,No,44,2.3,1.8,2.9,Active,0.0,0.675,0.7333333333333333,0.2977941176470589,0.8,0.525,44.9,Low
EMP00022,Engineering,Engineering Manager,39,2.7,1217000.0,No,40,2.7,3.5,2.4,Active,0.0,0.575,0.6666666666666666,0.34632034632034636,0.375,0.6625,37.8,Low
EMP00403,HR,HR Manager,44,1.3,598000.0,No,40,2.9,3.1,4.1,Active,0.0,0.525,0.6666666666666666,0.7633587786259541,0.475,0.8375,44.7,Low
EMP01108,Engineering,Engineering Manager,43,6.0,1428000.0,No,51,5.0,3.8,3.3,Active,0.0,0.0,0.85,0.07792207792207795,0.30000000000000004,0.25,19.8,Low
EMP01155,Operations,Ops Manager,30,12.0,889000.0,No,47,3.6,2.1,3.5,Active,0.0,0.35,0.7833333333333333,0.07729468599033817,0.725,0.0,30.7,Low
EMP00990,HR,HR Manager,40,2.0,632000.0,No,56,3.4,3.0,3.7,Active,0.0,0.4,0.9333333333333333,0.6259541984732824,0.5,0.75,43.8,Low
EMP00742,Sales,Account Manager,37,3.9,731000.0,Yes,29,3.8,1.5,1.8,Active,1.0,0.30000000000000004,0.48333333333333334,0.6654411764705883,0.875,0.5125,65.8,High
EMP01148,HR,HR Manager,38,0.1,629000.0,Yes,34,4.6,3.4,2.7,Resigned,1.0,0.10000000000000009,0.5666666666666667,0.6488549618320612,0.4,0.9875,59.3,Medium
EMP00034,Engineering,Software Engineer,34,4.9,1266000.0,Yes,12,4.4,2.0,3.0,Active,1.0,0.1499999999999999,0.2,0.2727272727272727,0.75,0.38749999999999996,49.9,Medium
EMP00788,Engineering,Senior Engineer,31,1.3,1068000.0,No,28,2.9,3.5,3.8,Active,0.0,0.525,0.4666666666666667,0.670995670995671,0.375,0.8375,39.0,Low
EMP00924,Operations,Ops Manager,36,6.2,926000.0,No,33,3.8,4.2,2.7,Active,0.0,0.30000000000000004,0.55,0.05797101449275366,0.19999999999999996,0.22499999999999998,20.6,Low
EMP01044,Finance,Financial Analyst,43,4.1,816000.0,No,2,4.8,2.4,3.2,Active,0.0,0.050000000000000044,0.03333333333333333,0.7,0.65,0.48750000000000004,22.3,Low
EMP01175,Operations,Process Lead,43,6.0,748000.0,Yes,9,2.8,4.5,2.1,Active,1.0,0.55,0.15,0.32367149758454106,0.125,0.25,51.1,Medium
EMP00580,Engineering,Senior Engineer,37,5.5,1350000.0,Yes,13,3.3,3.9,3.9,Active,1.0,0.42500000000000004,0.21666666666666667,0.1341991341991342,0.275,0.3125,48.7,Medium
EMP00482,Sales,Sales Executive,39,2.2,777000.0,Yes,31,2.2,3.4,2.7,Active,1.0,0.7,0.5166666666666667,0.4944852941176471,0.4,0.725,69.1,High
EMP00932,Engineering,Engineering Manager,34,0.8,1118000.0,No,35,3.3,2.4,3.7,Active,0.0,0.42500000000000004,0.5833333333333334,0.5346320346320346,0.65,0.9,40.2,Low
EMP00357,HR,HR Manager,39,7.5,876000.0,No,35,3.9,3.8,3.4,Active,0.0,0.275,0.5833333333333334,0.011450381679389277,0.30000000000000004,0.0625,20.1,Low
EMP00760,Operations,Process Lead,38,3.7,629000.0,No,15,4.2,3.8,2.3,Active,0.0,0.19999999999999996,0.25,0.8115942028985508,0.30000000000000004,0.5375,27.0,Low
EMP00093,Operations,Process Lead,52,10.5,1074000.0,No,23,4.1,1.8,4.0,Active,0.0,0.2250000000000001,0.38333333333333336,0.0,0.8,0.0,21.1,Low
EMP01176,HR,HR Manager,21,3.9,649000.0,No,55,3.4,3.3,4.0,Active,0.0,0.4,0.9166666666666666,0.5458015267175573,0.42500000000000004,0.5125,40.1,Low
EMP00804,Operations,Ops Analyst,23,3.6,654000.0,No,19,3.9,3.2,3.4,Active,0.0,0.275,0.31666666666666665,0.7294685990338164,0.44999999999999996,0.55,30.6,Low
EMP00746,Operations,Ops Manager,46,8.5,1020000.0,No,24,2.6,5.0,2.6,Active,0.0,0.6,0.4,0.01449275362318836,0.0,0.0,21.0,Low
EMP00280,Customer Support,Support Lead,38,3.6,577000.0,Yes,42,3.9,2.9,4.5,Active,1.0,0.275,0.7,0.47938144329896903,0.525,0.55,62.1,Medium
EMP00765,Customer Support,Support Associate,51,5.9,559000.0,No,7,1.0,2.9,4.4,Active,0.0,1.0,0.11666666666666667,0.5489690721649485,0.525,0.26249999999999996,41.4,Low
EMP00605,Customer Support,Support Manager,22,2.6,540000.0,Yes,46,2.0,1.7,3.6,Active,1.0,0.75,0.7666666666666667,0.6520618556701031,0.825,0.675,81.3,High
EMP00401,Engineering,Engineering Manager,41,3.4,1302000.0,No,34,3.9,4.4,3.1,Active,0.0,0.275,0.5666666666666667,0.19913419913419916,0.1499999999999999,0.575,23.7,Low
EMP00258,Sales,Sales Executive,24,4.9,870000.0,No,6,2.3,3.5,4.3,Active,0.0,0.675,0.1,0.21691176470588236,0.375,0.38749999999999996,27.7,Low
EMP00945,Operations,Ops Manager,46,0.6,653000.0,Yes,17,2.9,2.0,3.6,Active,1.0,0.525,0.2833333333333333,0.7342995169082125,0.75,0.925,70.0,High
EMP01097,Sales,Sales Executive,30,1.7,795000.0,No,33,4.0,3.0,3.0,Active,0.0,0.25,0.55,0.4411764705882353,0.5,0.7875,31.7,Low
EMP01162,Finance,Financial Analyst,35,2.3,808000.0,Yes,13,2.7,4.4,3.4,Active,1.0,0.575,0.21666666666666667,0.715625,0.1499999999999999,0.7125,61.4,Medium
EMP00495,HR,HR Generalist,44,0.6,495000.0,No,38,4.1,4.1,2.9,Active,0.0,0.2250000000000001,0.6333333333333333,0.9923664122137404,0.2250000000000001,0.925,37.7,Low
EMP00773,Operations,Ops Manager,21,5.2,761000.0,No,52,2.8,4.2,5.0,Active,0.0,0.55,0.8666666666666667,0.2946859903381642,0.19999999999999996,0.35,35.7,Low
EMP00551,Operations,Ops Analyst,31,0.4,639000.0,No,7,4.2,2.2,3.0,Active,0.0,0.19999999999999996,0.11666666666666667,0.7777777777777778,0.7,0.95,31.7,Low
EMP00202,Customer Support,Support Associate,38,1.4,528000.0,No,58,3.4,2.7,3.1,Active,0.0,0.4,0.9666666666666667,0.7061855670103092,0.575,0.825,46.8,Medium
EMP00313,Engineering,Engineering Manager,26,1.7,1116000.0,No,3,3.4,2.3,4.0,Active,0.0,0.4,0.05,0.5411255411255411,0.675,0.7875,30.8,Low
EMP00291,HR,HR Manager,28,1.0,568000.0,No,1,3.9,3.3,4.6,Active,0.0,0.275,0.016666666666666666,0.8740458015267176,0.42500000000000004,0.875,29.5,Low
EMP00764,Sales,Sales Executive,34,3.4,671000.0,No,57,4.1,2.9,2.9,Active,0.0,0.2250000000000001,0.95,0.8382352941176471,0.525,0.575,42.1,Low
EMP01137,Operations,Ops Analyst,46,4.5,664000.0,No,4,2.2,3.4,4.2,Active,0.0,0.7,0.06666666666666667,0.6908212560386473,0.4,0.4375,35.0,Low
EMP00950,Engineering,Engineering Manager,30,10.3,1617000.0,No,11,3.3,4.1,3.2,Active,0.0,0.42500000000000004,0.18333333333333332,0.0043290043290042934,0.2250000000000001,0.0,15.9,Low
EMP00184,Engineering,Senior Engineer,21,2.2,1190000.0,Yes,54,3.6,3.2,2.9,Active,1.0,0.35,0.9,0.38961038961038963,0.44999999999999996,0.725,66.0,High
EMP01177,Operations,Ops Manager,34,1.2,729000.0,Yes,3,3.5,3.3,4.7,Active,1.0,0.375,0.05,0.38888888888888884,0.42500000000000004,0.85,53.4,Medium
EMP01069,Sales,Account Manager,28,4.0,919000.0,Yes,56,3.4,2.3,2.4,Active,1.0,0.4,0.9333333333333333,0.13051470588235292,0.675,0.5,65.5,High
EMP01031,Operations,Ops Analyst,40,2.3,763000.0,No,19,2.6,3.2,4.0,Active,0.0,0.6,0.31666666666666665,0.28260869565217395,0.44999999999999996,0.7125,33.1,Low
EMP00251,Finance,Finance Manager,22,4.7,840000.0,No,43,4.2,4.9,3.2,Active,0.0,0.19999999999999996,0.7166666666666667,0.634375,0.02499999999999991,0.4125,27.9,Low
EMP00824,Finance,Finance Manager,37,3.3,890000.0,Yes,33,3.5,3.4,3.5,Active,1.0,0.375,0.55,0.459375,0.4,0.5875,60.6,Medium
EMP01100,Sales,Account Manager,23,3.8,681000.0,Yes,34,3.2,3.6,3.3,Active,1.0,0.44999999999999996,0.5666666666666667,0.8051470588235294,0.35,0.525,66.5,High
EMP00941,Engineering,Senior Engineer,26,10.0,1427000.0,No,40,3.3,2.6,2.3,Active,0.0,0.42500000000000004,0.6666666666666666,0.08225108225108224,0.6,0.0,29.2,Low
EMP00392,Sales,Sales Executive,37,2.2,631000.0,Yes,2,4.5,4.1,4.5,Active,1.0,0.125,0.03333333333333333,0.9613970588235294,0.2250000000000001,0.725,52.0,Medium
EMP01093,Engineering,Senior Engineer,39,1.2,949000.0,No,19,3.4,3.8,3.5,Active,0.0,0.4,0.31666666666666665,0.9090909090909091,0.30000000000000004,0.85,36.1,Low
EMP01192,Engineering,Software Engineer,33,0.8,1032000.0,No,17,4.4,4.0,4.0,Resigned,0.0,0.1499999999999999,0.2833333333333333,0.7878787878787878,0.25,0.9,27.6,Low
EMP00905,Customer Support,Support Associate,48,10.6,776000.0,No,30,2.8,3.4,3.0,Active,0.0,0.55,0.5,0.02577319587628868,0.4,0.0,26.4,Low
EMP00731,Engineering,Senior Engineer,40,5.5,1317000.0,No,40,4.6,4.4,3.1,Active,0.0,0.10000000000000009,0.6666666666666666,0.18831168831168832,0.1499999999999999,0.3125,19.4,Low
EMP00555,Sales,Sales Executive,36,5.6,825000.0,No,41,3.8,2.6,3.4,Active,0.0,0.30000000000000004,0.6833333333333333,0.33639705882352944,0.6,0.30000000000000004,31.8,Low
EMP00367,HR,Recruiter,47,8.1,844000.0,Yes,53,4.4,2.3,4.3,Active,1.0,0.1499999999999999,0.8833333333333333,0.05343511450381677,0.675,0.0,54.6,Medium
EMP00346,HR,Recruiter,32,2.1,679000.0,No,5,3.4,2.8,3.3,Active,0.0,0.4,0.08333333333333333,0.4122137404580153,0.55,0.7375,27.7,Low
EMP00536,Sales,Sales Executive,42,5.0,817000.0,No,35,2.9,3.8,3.2,Active,0.0,0.525,0.5833333333333334,0.3566176470588235,0.30000000000000004,0.375,32.8,Low
EMP01059,Operations,Process Lead,34,3.8,763000.0,Yes,12,2.0,2.8,2.2,Active,1.0,0.75,0.2,0.28260869565217395,0.55,0.525,62.9,Medium
EMP00920,Operations,Ops Analyst,29,5.5,711000.0,No,8,2.3,2.6,3.0,Active,0.0,0.675,0.13333333333333333,0.48550724637681164,0.6,0.3125,34.2,Low
EMP00212,Operations,Process Lead,25,1.2,559000.0,No,15,3.5,3.7,2.6,Active,0.0,0.375,0.25,0.9855072463768116,0.32499999999999996,0.85,35.8,Low
EMP00503,Customer Support,Support Manager,29,2.0,459000.0,No,35,3.8,4.0,3.9,Active,0.0,0.30000000000000004,0.5833333333333334,0.9819587628865979,0.25,0.75,37.8,Low
EMP00538,Sales,Sales Manager,37,1.8,633000.0,Yes,33,4.6,2.4,2.9,Resigned,1.0,0.10000000000000009,0.55,0.9485294117647058,0.65,0.775,64.9,Medium
EMP00176,Sales,Sales Executive,41,3.1,659000.0,No,29,3.6,3.3,3.7,Active,0.0,0.35,0.48333333333333334,0.8823529411764706,0.42500000000000004,0.6125,37.3,Low
